LocalTimestamp,EmotiBitTimestamp,PacketNumber,DataLength,TypeTag,ProtocolVersion,DataReliability,RD
1752778621.828858,499021.000,13967,2,RD,1,100,TL
1752778621.828858,499021.000,13967,2,RD,1,100,TU
1752778624.382372,501574.500,14824,2,RD,1,100,TL
1752778626.935886,504128.000,14824,2,RD,1,100,TU
1752778629.489400,506681.500,15674,2,RD,1,100,TL
1752778632.042913,509235.000,15674,2,RD,1,100,TU
1752778634.606427,511798.500,16549,2,RD,1,100,TL
1752778637.169941,514362.000,16549,2,RD,1,100,TU
1752778639.725955,516918.000,17409,2,RD,1,100,TL
1752778642.281969,519474.000,17409,2,RD,1,100,TU
1752778644.834982,522027.000,18253,2,RD,1,100,TL
1752778647.387996,524580.000,18253,2,RD,1,100,TU
1752778649.948010,527140.000,19134,2,RD,1,100,TL
1752778652.508024,529700.000,19134,2,RD,1,100,TU
1752778655.062037,532254.000,19995,2,RD,1,100,TL
1752778657.616051,534808.000,19995,2,RD,1,100,TU
1752778660.172065,537364.000,20853,2,RD,1,100,TL
1752778662.728079,539920.000,20853,2,RD,1,100,TU
1752778665.293592,542485.500,21720,2,RD,1,100,TL
1752778667.859106,545051.000,21720,2,RD,1,100,TU
1752778670.412120,547604.000,22576,2,RD,1,100,TL
1752778672.965134,550157.000,22576,2,RD,1,100,TU
1752778675.537148,552729.000,23450,2,RD,1,100,TL
1752778678.109161,555301.000,23450,2,RD,1,100,TU
1752778680.663175,557855.000,24313,2,RD,1,100,TL
1752778683.217189,560409.000,24313,2,RD,1,100,TU
1752778685.773703,562965.500,25172,2,RD,1,100,TL
1752778688.330216,565522.000,25172,2,RD,1,100,TU
1752778690.898730,568090.500,26044,2,RD,1,100,TL
1752778693.467244,570659.000,26044,2,RD,1,100,TU
1752778696.021258,573213.000,26916,2,RD,1,100,TL
1752778698.575272,575767.000,26916,2,RD,1,100,TU
1752778701.147285,578339.000,27794,2,RD,1,100,TL
1752778703.719299,580911.000,27794,2,RD,1,100,TU
1752778706.273313,583465.000,28663,2,RD,1,100,TL
1752778708.827327,586019.000,28663,2,RD,1,100,TU
1752778711.398341,588590.000,29545,2,RD,1,100,TL
1752778713.969354,591161.000,29545,2,RD,1,100,TU
1752778716.522368,593714.000,30407,2,RD,1,100,TL
1752778719.075382,596267.000,30407,2,RD,1,100,TU
1752778721.650896,598842.500,31276,2,RD,1,100,TL
1752778724.226410,601418.000,31276,2,RD,1,100,TU
1752778726.782423,603974.000,32069,2,RD,1,100,TL
1752778729.338437,606530.000,32069,2,RD,1,100,TU
1752778731.892451,609084.000,32906,2,RD,1,100,TL
1752778734.446465,611638.000,32906,2,RD,1,100,TU
1752778737.006478,614198.000,33747,2,RD,1,100,TL
1752778739.566492,616758.000,33747,2,RD,1,100,TU
1752778742.126506,619318.000,34589,2,RD,1,100,TL
1752778744.686520,621878.000,34589,2,RD,1,100,TU
1752778747.243034,624434.500,35426,2,RD,1,100,TL
1752778749.799547,626991.000,35426,2,RD,1,100,TU
1752778752.362561,629554.000,36264,2,RD,1,100,TL
1752778754.925575,632117.000,36264,2,RD,1,100,TU
1752778757.485589,634677.000,37104,2,RD,1,100,TL
1752778760.045602,637237.000,37104,2,RD,1,100,TU
1752778762.601616,639793.000,37949,2,RD,1,100,TL
1752778765.157630,642349.000,37949,2,RD,1,100,TU
1752778767.719644,644911.000,38789,2,RD,1,100,TL
1752778770.281658,647473.000,38789,2,RD,1,100,TU
1752778772.837171,650028.500,39628,2,RD,1,100,TL
1752778775.392685,652584.000,39628,2,RD,1,100,TU
1752778777.953699,655145.000,40468,2,RD,1,100,TL
1752778780.514713,657706.000,40468,2,RD,1,100,TU
1752778783.077226,660268.500,41312,2,RD,1,100,TL
1752778785.639740,662831.000,41312,2,RD,1,100,TU
1752778788.197254,665388.500,42153,2,RD,1,100,TL
1752778790.754768,667946.000,42153,2,RD,1,100,TU
1752778793.316782,670508.000,42992,2,RD,1,100,TL
1752778795.878795,673070.000,42992,2,RD,1,100,TU
1752778798.440309,675631.500,43834,2,RD,1,100,TL
1752778801.001823,678193.000,43834,2,RD,1,100,TU
1752778803.557837,680749.000,44671,2,RD,1,100,TL
1752778806.113850,683305.000,44671,2,RD,1,100,TU
1752778808.682364,685873.500,45508,2,RD,1,100,TL
1752778811.250878,688442.000,45508,2,RD,1,100,TU
1752778813.807392,690998.500,46352,2,RD,1,100,TL
1752778816.363906,693555.000,46352,2,RD,1,100,TU
1752778818.924919,696116.000,47191,2,RD,1,100,TL
1752778821.485933,698677.000,47191,2,RD,1,100,TU
1752778824.050947,701242.000,48033,2,RD,1,100,TL
1752778826.615961,703807.000,48033,2,RD,1,100,TU
1752778829.173475,706364.500,48872,2,RD,1,100,TL
1752778831.730988,708922.000,48872,2,RD,1,100,TU
1752778834.293502,711484.500,49711,2,RD,1,100,TL
1752778836.856016,714047.000,49711,2,RD,1,100,TU
1752778839.414530,716605.500,50550,2,RD,1,100,TL
1752778841.973044,719164.000,50550,2,RD,1,100,TU
1752778844.531557,721722.500,51389,2,RD,1,100,TL
1752778847.090071,724281.000,51389,2,RD,1,100,TU
1752778849.657585,726848.500,52228,2,RD,1,100,TL
1752778852.225099,729416.000,52228,2,RD,1,100,TU
1752778854.783612,731974.500,53068,2,RD,1,100,TL
1752778857.342126,734533.000,53068,2,RD,1,100,TU
1752778859.910140,737101.000,53907,2,RD,1,100,TL
1752778862.478154,739669.000,53907,2,RD,1,100,TU
1752778865.036168,742227.000,54746,2,RD,1,100,TL
1752778867.594181,744785.000,54746,2,RD,1,100,TU
1752778870.155695,747346.500,55586,2,RD,1,100,TL
1752778872.717209,749908.000,55586,2,RD,1,100,TU
1752778875.276723,752467.500,56428,2,RD,1,100,TL
1752778877.836237,755027.000,56428,2,RD,1,100,TU
1752778880.394250,757585.000,57268,2,RD,1,100,TL
1752778882.952264,760143.000,57268,2,RD,1,100,TU
1752778885.514278,762705.000,58109,2,RD,1,100,TL
1752778888.076292,765267.000,58109,2,RD,1,100,TU
1752778890.630305,767821.000,58944,2,RD,1,100,TL
1752778893.184319,770375.000,58944,2,RD,1,100,TU
1752778895.750833,772941.500,59784,2,RD,1,100,TL
1752778898.317347,775508.000,59784,2,RD,1,100,TU
1752778900.877861,778068.500,60621,2,RD,1,100,TL
1752778903.438374,780629.000,60621,2,RD,1,100,TU
1752778906.004388,783195.000,61462,2,RD,1,100,TL
1752778908.570402,785761.000,61462,2,RD,1,100,TU
1752778911.133916,788324.500,62302,2,RD,1,100,TL
1752778913.697430,790888.000,62302,2,RD,1,100,TU
1752778916.253943,793444.500,63141,2,RD,1,100,TL
1752778918.810457,796001.000,63141,2,RD,1,100,TU
1752778921.369471,798560.000,63979,2,RD,1,100,TL
1752778923.928485,801119.000,63979,2,RD,1,100,TU
1752778926.488498,803679.000,64817,2,RD,1,100,TL
1752778929.048512,806239.000,64817,2,RD,1,100,TU
1752778931.603526,808794.000,58,2,RD,1,100,TL
1752778934.158540,811349.000,58,2,RD,1,100,TU
1752778936.713054,813903.500,897,2,RD,1,100,TL
1752778939.267567,816458.000,897,2,RD,1,100,TU
1752778941.834081,819024.500,1751,2,RD,1,100,TL
1752778944.400595,821591.000,1751,2,RD,1,100,TU
1752778946.953609,824144.000,2591,2,RD,1,100,TL
1752778949.506622,826697.000,2591,2,RD,1,100,TU
1752778952.079636,829270.000,3447,2,RD,1,100,TL
1752778954.652650,831843.000,3447,2,RD,1,100,TU
1752778957.206164,834396.500,4286,2,RD,1,100,TL
1752778959.759678,836950.000,4286,2,RD,1,100,TU
1752778962.313691,839504.000,5123,2,RD,1,100,TL
1752778964.867705,842058.000,5123,2,RD,1,100,TU
1752778967.421219,844611.500,5964,2,RD,1,100,TL
1752778969.974733,847165.000,5964,2,RD,1,100,TU
1752778972.528746,849719.000,6802,2,RD,1,100,TL
1752778975.082760,852273.000,6802,2,RD,1,100,TU
1752778977.653274,854843.500,7657,2,RD,1,100,TL
1752778980.223788,857414.000,7657,2,RD,1,100,TU
1752778982.778301,859968.500,8495,2,RD,1,100,TL
1752778985.332815,862523.000,8495,2,RD,1,100,TU
1752778987.886329,865076.500,9335,2,RD,1,100,TL
1752778990.439843,867630.000,9335,2,RD,1,100,TU
1752778993.011357,870201.500,10188,2,RD,1,100,TL
1752778995.582870,872773.000,10188,2,RD,1,100,TU
1752778998.138884,875329.000,11028,2,RD,1,100,TL
1752779000.694898,877885.000,11028,2,RD,1,100,TU
1752779003.247412,880437.500,11867,2,RD,1,100,TL
1752779005.799925,882990.000,11867,2,RD,1,100,TU
1752779008.353939,885544.000,12711,2,RD,1,100,TL
1752779010.907953,888098.000,12711,2,RD,1,100,TU
1752779013.482967,890673.000,13565,2,RD,1,100,TL
1752779016.057981,893248.000,13565,2,RD,1,100,TU
1752779018.611494,895801.500,14405,2,RD,1,100,TL
1752779021.165008,898355.000,14405,2,RD,1,100,TU
1752779023.719022,900909.000,15245,2,RD,1,100,TL
1752779026.273036,903463.000,15245,2,RD,1,100,TU
1752779028.841049,906031.000,16099,2,RD,1,100,TL
1752779031.409063,908599.000,16099,2,RD,1,100,TU
1752779033.962577,911152.500,16939,2,RD,1,100,TL
1752779036.516091,913706.000,16939,2,RD,1,100,TU
1752779039.086605,916276.500,17794,2,RD,1,100,TL
1752779041.657118,918847.000,17794,2,RD,1,100,TU
1752779044.210132,921400.000,18634,2,RD,1,100,TL
1752779046.763146,923953.000,18634,2,RD,1,100,TU
1752779049.332660,926522.500,19485,2,RD,1,100,TL
1752779051.902174,929092.000,19485,2,RD,1,100,TU
1752779054.456187,931646.000,20326,2,RD,1,100,TL
1752779057.010201,934200.000,20326,2,RD,1,100,TU
1752779059.575715,936765.500,21181,2,RD,1,100,TL
1752779062.141229,939331.000,21181,2,RD,1,100,TU
1752779064.693742,941883.500,22018,2,RD,1,100,TL
1752779067.246256,944436.000,22018,2,RD,1,100,TU
1752779069.800270,946990.000,22857,2,RD,1,100,TL
1752779072.354284,949544.000,22857,2,RD,1,100,TU
1752779074.925798,952115.500,23696,2,RD,1,100,TL
1752779077.497311,954687.000,23696,2,RD,1,100,TU
1752779080.050325,957240.000,24534,2,RD,1,100,TL
1752779082.603339,959793.000,24534,2,RD,1,100,TU
1752779085.156853,962346.500,25375,2,RD,1,100,TL
1752779087.710366,964900.000,25375,2,RD,1,100,TU
1752779090.283880,967473.500,26230,2,RD,1,100,TL
1752779092.857394,970047.000,26230,2,RD,1,100,TU
1752779095.410908,972600.500,27068,2,RD,1,100,TL
1752779097.964422,975154.000,27068,2,RD,1,100,TU
1752779100.536435,977726.000,27922,2,RD,1,100,TL
1752779103.108449,980298.000,27922,2,RD,1,100,TU
1752779105.662463,982852.000,28763,2,RD,1,100,TL
1752779108.216477,985406.000,28763,2,RD,1,100,TU
1752779110.788991,987978.500,29617,2,RD,1,100,TL
1752779113.361504,990551.000,29617,2,RD,1,100,TU
1752779115.915018,993104.500,30454,2,RD,1,100,TL
1752779118.468532,995658.000,30454,2,RD,1,100,TU
1752779121.035046,998224.500,31310,2,RD,1,100,TL
1752779123.601560,1000791.000,31310,2,RD,1,100,TU
1752779126.155573,1003345.000,32150,2,RD,1,100,TL
1752779128.709587,1005899.000,32150,2,RD,1,100,TU
1752779131.281101,1008470.500,33003,2,RD,1,100,TL
1752779133.852615,1011042.000,33003,2,RD,1,100,TU
1752779136.427129,1013616.500,33781,2,RD,1,100,TL
1752779139.001642,1016191.000,33781,2,RD,1,100,TU
1752779141.560656,1018750.000,34621,2,RD,1,100,TL
1752779144.119670,1021309.000,34621,2,RD,1,100,TU
1752779146.677184,1023866.500,35460,2,RD,1,100,TL
1752779149.234698,1026424.000,35460,2,RD,1,100,TU
1752779151.794711,1028984.000,36298,2,RD,1,100,TL
1752779154.354725,1031544.000,36298,2,RD,1,100,TU
1752779156.914239,1034103.500,37137,2,RD,1,100,TL
1752779159.473753,1036663.000,37137,2,RD,1,100,TU
1752779162.033266,1039222.500,37981,2,RD,1,100,TL
1752779164.592780,1041782.000,37981,2,RD,1,100,TU
1752779167.156294,1044345.500,38818,2,RD,1,100,TL
1752779169.719808,1046909.000,38818,2,RD,1,100,TU
1752779172.285822,1049475.000,39659,2,RD,1,100,TL
1752779174.851835,1052041.000,39659,2,RD,1,100,TU
1752779177.416349,1054605.500,40499,2,RD,1,100,TL
1752779179.980863,1057170.000,40499,2,RD,1,100,TU
1752779182.545377,1059734.500,41337,2,RD,1,100,TL
1752779185.109891,1062299.000,41337,2,RD,1,100,TU
1752779187.670904,1064860.000,42174,2,RD,1,100,TL
1752779190.231918,1067421.000,42174,2,RD,1,100,TU
1752779192.792432,1069981.500,43012,2,RD,1,100,TL
1752779195.352946,1072542.000,43012,2,RD,1,100,TU
1752779197.907960,1075097.000,43852,2,RD,1,100,TL
1752779200.462973,1077652.000,43852,2,RD,1,100,TU
1752779203.027487,1080216.500,44692,2,RD,1,100,TL
1752779205.592001,1082781.000,44692,2,RD,1,100,TU
1752779208.150515,1085339.500,45531,2,RD,1,100,TL
1752779210.709028,1087898.000,45531,2,RD,1,100,TU
1752779213.271042,1090460.000,46368,2,RD,1,100,TL
1752779215.833056,1093022.000,46368,2,RD,1,100,TU
1752779218.392070,1095581.000,47208,2,RD,1,100,TL
1752779220.951084,1098140.000,47208,2,RD,1,100,TU
1752779223.505597,1100694.500,48049,2,RD,1,100,TL
1752779226.060111,1103249.000,48049,2,RD,1,100,TU
1752779228.623625,1105812.500,48888,2,RD,1,100,TL
1752779231.187139,1108376.000,48888,2,RD,1,100,TU
1752779233.748153,1110937.000,49728,2,RD,1,100,TL
1752779236.309166,1113498.000,49728,2,RD,1,100,TU
1752779238.867680,1116056.500,50569,2,RD,1,100,TL
1752779241.426194,1118615.000,50569,2,RD,1,100,TU
1752779243.989208,1121178.000,51406,2,RD,1,100,TL
1752779246.552221,1123741.000,51406,2,RD,1,100,TU
1752779249.116735,1126305.500,52246,2,RD,1,100,TL
1752779251.681249,1128870.000,52246,2,RD,1,100,TU
1752779254.246763,1131435.500,53083,2,RD,1,100,TL
1752779256.812277,1134001.000,53083,2,RD,1,100,TU
1752779259.369790,1136558.500,53922,2,RD,1,100,TL
1752779261.927304,1139116.000,53922,2,RD,1,100,TU
1752779264.494818,1141683.500,54759,2,RD,1,100,TL
1752779267.062332,1144251.000,54759,2,RD,1,100,TU
1752779269.619346,1146808.000,55600,2,RD,1,100,TL
1752779272.176359,1149365.000,55600,2,RD,1,100,TU
1752779274.735873,1151924.500,56440,2,RD,1,100,TL
1752779277.295387,1154484.000,56440,2,RD,1,100,TU
1752779279.854901,1157043.500,57277,2,RD,1,100,TL
1752779282.414415,1159603.000,57277,2,RD,1,100,TU
1752779284.976928,1162165.500,58115,2,RD,1,100,TL
1752779287.539442,1164728.000,58115,2,RD,1,100,TU
1752779290.098956,1167287.500,58953,2,RD,1,100,TL
1752779292.658470,1169847.000,58953,2,RD,1,100,TU
1752779295.215483,1172404.000,59794,2,RD,1,100,TL
1752779297.772497,1174961.000,59794,2,RD,1,100,TU
1752779300.330011,1177518.500,60631,2,RD,1,100,TL
1752779302.887525,1180076.000,60631,2,RD,1,100,TU
1752779305.453039,1182641.500,61471,2,RD,1,100,TL
1752779308.018552,1185207.000,61471,2,RD,1,100,TU
1752779310.578566,1187767.000,62310,2,RD,1,100,TL
1752779313.138580,1190327.000,62310,2,RD,1,100,TU
1752779315.698594,1192887.000,63148,2,RD,1,100,TL
1752779318.258607,1195447.000,63148,2,RD,1,100,TU
1752779320.826121,1198014.500,63989,2,RD,1,100,TL
1752779323.393635,1200582.000,63989,2,RD,1,100,TU
1752779325.951649,1203140.000,64830,2,RD,1,100,TL
1752779328.509663,1205698.000,64830,2,RD,1,100,TU
1752779331.070176,1208258.500,134,2,RD,1,100,TL
1752779333.630690,1210819.000,134,2,RD,1,100,TU
1752779336.184704,1213373.000,972,2,RD,1,100,TL
1752779338.738718,1215927.000,972,2,RD,1,100,TU
1752779341.293231,1218481.500,1762,2,RD,1,100,TL
1752779343.847745,1221036.000,1762,2,RD,1,100,TU
1752779346.411759,1223600.000,2604,2,RD,1,100,TL
1752779348.975773,1226164.000,2604,2,RD,1,100,TU
1752779351.528287,1228716.500,3441,2,RD,1,100,TL
1752779354.080800,1231269.000,3441,2,RD,1,100,TU
1752779356.647314,1233835.500,4294,2,RD,1,100,TL
1752779359.213828,1236402.000,4294,2,RD,1,100,TU
1752779361.768842,1238957.000,5136,2,RD,1,100,TL
1752779364.323855,1241512.000,5136,2,RD,1,100,TU
1752779366.891369,1244079.500,5990,2,RD,1,100,TL
1752779369.458883,1246647.000,5990,2,RD,1,100,TU
1752779372.021897,1249210.000,6834,2,RD,1,100,TL
1752779374.584911,1251773.000,6834,2,RD,1,100,TU
1752779377.137924,1254326.000,7672,2,RD,1,100,TL
1752779379.690938,1256879.000,7672,2,RD,1,100,TU
1752779382.244952,1259433.000,8511,2,RD,1,100,TL
1752779384.798966,1261987.000,8511,2,RD,1,100,TU
1752779387.351979,1264540.000,9350,2,RD,1,100,TL
1752779389.904993,1267093.000,9350,2,RD,1,100,TU
1752779392.473007,1269661.000,10188,2,RD,1,100,TL
1752779395.041021,1272229.000,10188,2,RD,1,100,TU
1752779397.593535,1274781.500,11027,2,RD,1,100,TL
1752779400.146048,1277334.000,11027,2,RD,1,100,TU
1752779402.719062,1279907.000,11883,2,RD,1,100,TL
1752779405.292076,1282480.000,11883,2,RD,1,100,TU
1752779407.845090,1285033.000,12723,2,RD,1,100,TL
1752779410.398103,1287586.000,12723,2,RD,1,100,TU
1752779412.965117,1290153.000,13578,2,RD,1,100,TL
1752779415.532131,1292720.000,13578,2,RD,1,100,TU
1752779418.086645,1295274.500,14416,2,RD,1,100,TL
1752779420.641159,1297829.000,14416,2,RD,1,100,TU
1752779423.205672,1300393.500,15257,2,RD,1,100,TL
1752779425.770186,1302958.000,15257,2,RD,1,100,TU
1752779428.323200,1305511.000,16097,2,RD,1,100,TL
1752779430.876214,1308064.000,16097,2,RD,1,100,TU
1752779433.438227,1310626.000,16949,2,RD,1,100,TL
1752779436.000241,1313188.000,16949,2,RD,1,100,TU
1752779438.555755,1315743.500,17788,2,RD,1,100,TL
1752779441.111269,1318299.000,17788,2,RD,1,100,TU
1752779443.682283,1320870.000,18646,2,RD,1,100,TL
1752779446.253296,1323441.000,18646,2,RD,1,100,TU
1752779448.805310,1325993.000,19486,2,RD,1,100,TL
1752779451.357324,1328545.000,19486,2,RD,1,100,TU
1752779453.927838,1331115.500,20339,2,RD,1,100,TL
1752779456.498352,1333686.000,20339,2,RD,1,100,TU
1752779459.052365,1336240.000,21179,2,RD,1,100,TL
1752779461.606379,1338794.000,21179,2,RD,1,100,TU
1752779464.172393,1341360.000,22032,2,RD,1,100,TL
1752779466.738407,1343926.000,22032,2,RD,1,100,TU
1752779469.294421,1346482.000,22872,2,RD,1,100,TL
1752779471.850434,1349038.000,22872,2,RD,1,100,TU
1752779474.414948,1351602.500,23726,2,RD,1,100,TL
1752779476.979462,1354167.000,23726,2,RD,1,100,TU
1752779479.533476,1356721.000,24565,2,RD,1,100,TL
1752779482.087489,1359275.000,24565,2,RD,1,100,TU
1752779484.641003,1361828.500,25402,2,RD,1,100,TL
1752779487.194517,1364382.000,25402,2,RD,1,100,TU
1752779489.757031,1366944.500,26260,2,RD,1,100,TL
1752779492.319544,1369507.000,26260,2,RD,1,100,TU
1752779494.873558,1372061.000,27098,2,RD,1,100,TL
1752779497.427572,1374615.000,27098,2,RD,1,100,TU
1752779499.993086,1377180.500,27952,2,RD,1,100,TL
1752779502.558600,1379746.000,27952,2,RD,1,100,TU
1752779505.112613,1382300.000,28791,2,RD,1,100,TL
1752779507.666627,1384854.000,28791,2,RD,1,100,TU
1752779510.219641,1387407.000,29628,2,RD,1,100,TL
1752779512.772655,1389960.000,29628,2,RD,1,100,TU
1752779515.339668,1392527.000,30484,2,RD,1,100,TL
1752779517.906682,1395094.000,30484,2,RD,1,100,TU
1752779520.459696,1397647.000,31324,2,RD,1,100,TL
1752779523.012710,1400200.000,31324,2,RD,1,100,TU
1752779525.584724,1402772.000,32179,2,RD,1,100,TL
1752779528.156737,1405344.000,32179,2,RD,1,100,TU
1752779530.710251,1407897.500,33019,2,RD,1,100,TL
1752779533.263765,1410451.000,33019,2,RD,1,100,TU
1752779535.826279,1413013.500,33856,2,RD,1,100,TL
1752779538.388792,1415576.000,33856,2,RD,1,100,TU
1752779540.946306,1418133.500,34696,2,RD,1,100,TL
1752779543.503820,1420691.000,34696,2,RD,1,100,TU
