LocalTimestamp,EmotiBitTimestamp,PacketNumber,DataLength,TypeTag,ProtocolVersion,DataReliability,SR
1752619988.768313,494540,12880,1,SR,1,100,0.133333
1752619989.034316,494806,12914,1,SR,1,100,0.066667
1752619989.702321,495474,13066,1,SR,1,100,0.266667
1752619990.368327,496140,13169,1,SR,1,100,0.200000
1752619990.835331,496607,13238,1,SR,1,100,0.133333
1752619991.635337,497407,13440,1,SR,1,100,0.533333
1752619992.301343,498073,13575,1,SR,1,100,0.733333
1752619993.301351,499073,13661,1,SR,1,100,0.200000
1752619993.901356,499673,13767,1,SR,1,100,0.200000
1752619994.368360,500140,13886,1,SR,1,100,0.533333
1752619995.567370,501339,14071,1,SR,1,100,0.400000
1752619996.234376,502006,14176,1,SR,1,100,0.333333
1752619997.567387,503339,14378,1,SR,1,100,0.200000
1752619997.900390,503672,14428,1,SR,1,100,0.200000
1752619998.767397,504539,14551,1,SR,1,100,0.066667
1752619998.967399,504739,14637,1,SR,1,100,0.400000
1752619999.500403,505272,14757,1,SR,1,100,0.533333
1752620000.300410,506072,14840,1,SR,1,100,0.266667
1752620001.500420,507272,15010,1,SR,1,100,0.066667
1752620002.033425,507805,15128,1,SR,1,100,0.266667
1752620002.833431,508605,15265,1,SR,1,100,0.266667
1752620003.633438,509405,15384,1,SR,1,100,0.133333
1752620004.033441,509805,15458,1,SR,1,100,0.200000
1752620004.499445,510271,15525,1,SR,1,100,0.066667
1752620004.699447,510471,15594,1,SR,1,100,0.266667
1752620005.099450,510871,15628,1,SR,1,100,0.066667
1752620005.433453,511205,15697,1,SR,1,100,0.133333
1752620005.966458,511738,15802,1,SR,1,100,0.266667
1752620006.367461,512139,15853,1,SR,1,100,0.200000
1752620007.099467,512871,15956,1,SR,1,100,0.066667
1752620007.433470,513205,16057,1,SR,1,100,0.333333
1752620008.032475,513804,16125,1,SR,1,100,0.066667
1752620008.232476,514004,16162,1,SR,1,100,0.133333
1752620008.632480,514404,16245,1,SR,1,100,0.200000
1752620009.100484,514872,16319,1,SR,1,100,0.133333
1752620009.500487,515272,16388,1,SR,1,100,0.133333
1752620010.565496,516337,16555,1,SR,1,100,0.066667
1752620010.765498,516537,16590,1,SR,1,100,0.066667
1752620010.965499,516737,16645,1,SR,1,100,0.200000
1752620011.299502,517071,16681,1,SR,1,100,0.133333
1752620011.699506,517471,16782,1,SR,1,100,0.333333
1752620012.299511,518071,16851,1,SR,1,100,0.133333
1752620012.565513,518337,16918,1,SR,1,100,0.266667
1752620013.099517,518871,16988,1,SR,1,100,0.066667
1752620013.299519,519071,17058,1,SR,1,100,0.333333
1752620013.766523,519538,17108,1,SR,1,100,0.200000
1752620014.232527,520004,17182,1,SR,1,100,0.066667
1752620014.832532,520604,17284,1,SR,1,100,0.066667
1752620015.032533,520804,17319,1,SR,1,100,0.066667
1752620015.232535,521004,17356,1,SR,1,100,0.133333
1752620015.632538,521404,17424,1,SR,1,100,0.133333
1752620015.899541,521671,17495,1,SR,1,100,0.266667
1752620016.565546,522337,17580,1,SR,1,100,0.133333
1752620017.231552,523003,17682,1,SR,1,100,0.066667
1752620017.565555,523337,17749,1,SR,1,100,0.066667
1752620017.765556,523537,17786,1,SR,1,100,0.066667
1752620017.965558,523737,17821,1,SR,1,100,0.133333
1752620018.365561,524137,17871,1,SR,1,100,0.066667
1752620018.565563,524337,17908,1,SR,1,100,0.066667
1752620018.765565,524537,17942,1,SR,1,100,0.066667
1752620019.365570,525137,18050,1,SR,1,100,0.066667
1752620019.698573,525470,18119,1,SR,1,100,0.066667
1752620019.898574,525670,18153,1,SR,1,100,0.066667
1752620020.098576,525870,18188,1,SR,1,100,0.133333
1752620020.365578,526137,18223,1,SR,1,100,0.066667
1752620020.565580,526337,18259,1,SR,1,100,0.066667
1752620020.898583,526670,18346,1,SR,1,100,0.266667
1752620021.698589,527470,18482,1,SR,1,100,0.200000
1752620022.031592,527803,18549,1,SR,1,100,0.266667
1752620022.431595,528203,18584,1,SR,1,100,0.066667
1752620022.631597,528403,18621,1,SR,1,100,0.066667
1752620023.098601,528870,18704,1,SR,1,100,0.133333
1752620023.764607,529536,18805,1,SR,1,100,0.133333
1752620024.031609,529803,18843,1,SR,1,100,0.066667
1752620024.231611,530003,18876,1,SR,1,100,0.066667
1752620024.431612,530203,18917,1,SR,1,100,0.066667
1752620024.631614,530403,18954,1,SR,1,100,0.066667
1752620024.831616,530603,19021,1,SR,1,100,0.200000
1752620025.297619,531069,19106,1,SR,1,100,0.333333
1752620026.697631,532469,19310,1,SR,1,100,0.066667
1752620027.897641,533669,19494,1,SR,1,100,0.066667
1752620028.097643,533869,19530,1,SR,1,100,0.066667
1752620028.430646,534202,19597,1,SR,1,100,0.133333
1752620028.697648,534469,19652,1,SR,1,100,0.133333
1752620029.097651,534869,19719,1,SR,1,100,0.133333
1752620029.364654,535136,19776,1,SR,1,100,0.133333
1752620029.630656,535402,19811,1,SR,1,100,0.066667
1752620029.830657,535602,19845,1,SR,1,100,0.066667
1752620030.030659,535802,19867,1,SR,1,100,0.066667
1752620030.230661,536002,19900,1,SR,1,100,0.066667
1752620030.963667,536735,20037,1,SR,1,100,0.133333
1752620031.230669,537002,20091,1,SR,1,100,0.133333
1752620032.031676,537803,20197,1,SR,1,100,0.133333
1752620032.297678,538069,20200,1,SR,1,100,0.200000
1752620032.630681,538402,20224,1,SR,1,100,0.200000
1752620033.363687,539135,20228,1,SR,1,100,0.200000
1752620033.696690,539468,20231,1,SR,1,100,0.066667
1752620034.030693,539802,20234,1,SR,1,100,0.133333
1752620034.296695,540068,20237,1,SR,1,100,0.133333
1752620034.563697,540335,20263,1,SR,1,100,0.066667
1752620034.896700,540668,20267,1,SR,1,100,0.133333
1752620035.163702,540935,20269,1,SR,1,100,0.066667
1752620035.497705,541269,20355,1,SR,1,100,0.266667
1752620035.896708,541668,20393,1,SR,1,100,0.133333
1752620036.296712,542068,20493,1,SR,1,100,0.266667
1752620036.696715,542468,20529,1,SR,1,100,0.066667
1752620036.896717,542668,20564,1,SR,1,100,0.066667
1752620037.096718,542868,20599,1,SR,1,100,0.066667
1752620037.296720,543068,20636,1,SR,1,100,0.133333
1752620037.696723,543468,20703,1,SR,1,100,0.133333
1752620037.963726,543735,20756,1,SR,1,100,0.133333
1752620038.229728,544001,20808,1,SR,1,100,0.200000
1752620038.696732,544468,20892,1,SR,1,100,0.200000
1752620039.029734,544801,20928,1,SR,1,100,0.066667
1752620039.629740,545401,21030,1,SR,1,100,0.066667
1752620039.829741,545601,21047,1,SR,1,100,0.066667
1752620040.429746,546201,21189,1,SR,1,100,0.266667
1752620040.962751,546734,21293,1,SR,1,100,0.333333
1752620041.562756,547334,21360,1,SR,1,100,0.066667
1752620041.763757,547535,21395,1,SR,1,100,0.066667
1752620041.962759,547734,21432,1,SR,1,100,0.066667
1752620042.162761,547934,21451,1,SR,1,100,0.066667
1752620042.362762,548134,21485,1,SR,1,100,0.066667
1752620042.562764,548334,21520,1,SR,1,100,0.066667
1752620042.762766,548534,21556,1,SR,1,100,0.066667
1752620042.962767,548734,21592,1,SR,1,100,0.066667
1752620043.296770,549068,21692,1,SR,1,100,0.266667
1752620043.696774,549468,21762,1,SR,1,100,0.266667
1752620044.095777,549867,21780,1,SR,1,100,0.066667
1752620044.295779,550067,21816,1,SR,1,100,0.066667
1752620044.495780,550267,21885,1,SR,1,100,0.266667
1752620045.029785,550801,21952,1,SR,1,100,0.066667
1752620045.229786,551001,21988,1,SR,1,100,0.133333
1752620045.495789,551267,22060,1,SR,1,100,0.200000
1752620045.963793,551735,22131,1,SR,1,100,0.200000
1752620046.896800,552668,22283,1,SR,1,100,0.200000
1752620047.228803,553000,22350,1,SR,1,100,0.200000
1752620047.562806,553334,22419,1,SR,1,100,0.266667
1752620047.962809,553734,22455,1,SR,1,100,0.133333
1752620048.362813,554134,22524,1,SR,1,100,0.066667
1752620048.562814,554334,22557,1,SR,1,100,0.066667
1752620048.828817,554600,22595,1,SR,1,100,0.066667
1752620049.028818,554800,22630,1,SR,1,100,0.066667
1752620049.362821,555134,22681,1,SR,1,100,0.066667
1752620049.562823,555334,22716,1,SR,1,100,0.066667
1752620050.162828,555934,22819,1,SR,1,100,0.066667
1752620050.562831,556334,22909,1,SR,1,100,0.133333
1752620050.961834,556733,22995,1,SR,1,100,0.200000
1752620051.295837,557067,23030,1,SR,1,100,0.066667
1752620051.495839,557267,23066,1,SR,1,100,0.066667
1752620051.695841,557467,23085,1,SR,1,100,0.066667
1752620052.028843,557800,23152,1,SR,1,100,0.133333
1752620052.695849,558467,23288,1,SR,1,100,0.266667
1752620053.628857,559400,23424,1,SR,1,100,0.133333
1752620053.895859,559667,23458,1,SR,1,100,0.066667
1752620056.095877,561867,23833,1,SR,1,100,0.066667
1752620056.894884,562666,23970,1,SR,1,100,0.133333
1752620057.161886,562933,24003,1,SR,1,100,0.066667
1752620058.294896,564066,24203,1,SR,1,100,0.133333
1752620058.761900,564533,24272,1,SR,1,100,0.066667
1752620059.161903,564933,24342,1,SR,1,100,0.066667
1752620117.756394,623527,34017,1,SR,1,100,0.266667
1752620118.490400,624261,34103,1,SR,1,100,0.066667
1752620273.341697,779111,59434,1,SR,1,100,0.133333
1752620277.808735,783578,60202,1,SR,1,100,0.400000
