LocalTimestamp,EmotiBitTimestamp,PacketNumber,DataLength,TypeTag,ProtocolVersion,DataReliability,HR
1752784449.936899,335250,52384,1,HR,1,100,96.01
1752784450.656906,335970,52503,1,HR,1,100,93.19
1752784451.309911,336623,52605,1,HR,1,100,93.32
1752784451.909917,337223,52712,1,HR,1,100,94.80
1752784452.509922,337823,52800,1,HR,1,100,95.96
1752784453.109927,338423,52901,1,HR,1,100,96.85
1752784453.709932,339023,53004,1,HR,1,100,97.55
1752784454.309938,339623,53106,1,HR,1,100,98.10
1752784454.909943,340223,53208,1,HR,1,100,98.52
1752784455.549949,340863,53310,1,HR,1,100,97.46
1752784456.149954,341463,53411,1,HR,1,100,98.02
1752784456.762959,342076,53516,1,HR,1,100,98.46
1752784457.402965,342716,53639,1,HR,1,100,97.42
1752784458.042970,343356,53742,1,HR,1,100,96.60
1752784458.682976,343996,53843,1,HR,1,100,95.97
1752784459.362982,344676,53958,1,HR,1,100,94.25
1752784459.962987,345276,54047,1,HR,1,100,95.53
1752784460.562993,345876,54145,1,HR,1,100,96.52
1752784461.202998,346516,54267,1,HR,1,100,95.91
1752784461.816004,347129,54369,1,HR,1,100,96.82
1752784462.376008,347689,54454,1,HR,1,100,99.11
1752784463.016014,348329,54561,1,HR,1,100,97.92
1752784463.616019,348929,54663,1,HR,1,100,98.38
1752784464.256025,349569,54763,1,HR,1,100,97.35
1752784464.896031,350209,54880,1,HR,1,100,96.55
1752784465.496036,350809,54964,1,HR,1,100,97.32
1752784466.096041,351409,55067,1,HR,1,100,97.91
1752784466.696046,352009,55168,1,HR,1,100,98.38
1752784467.229051,352542,55271,1,HR,1,100,102.16
1752784467.909057,353222,55379,1,HR,1,100,99.06
1752784468.429062,353742,55464,1,HR,1,100,102.69
1752784469.069067,354382,55565,1,HR,1,100,100.70
1752784469.669072,354982,55668,1,HR,1,100,100.55
1752784470.229077,355542,55769,1,HR,1,100,102.01
1752784470.869083,356182,55869,1,HR,1,100,100.18
1752784471.388088,356701,55958,1,HR,1,100,103.56
1752784471.962093,357275,56061,1,HR,1,100,104.35
1752784472.482097,357795,56144,1,HR,1,100,106.80
1752784473.082102,358395,56236,1,HR,1,100,105.29
1752784473.681108,358994,56341,1,HR,1,100,104.12
1752784474.241113,359554,56440,1,HR,1,100,104.79
1752784474.842118,360155,56542,1,HR,1,100,103.72
1752784475.441123,360754,56643,1,HR,1,100,102.90
1752784476.001128,361314,56729,1,HR,1,100,103.84
1752784476.561133,361874,56834,1,HR,1,100,104.57
1752784477.135138,362448,56920,1,HR,1,100,105.15
1752784477.695143,363008,57019,1,HR,1,100,105.59
1752784478.294148,363607,57110,1,HR,1,100,104.35
1752784478.854153,364167,57214,1,HR,1,100,104.97
1752784479.454158,364767,57313,1,HR,1,100,103.86
1752784480.054164,365367,57416,1,HR,1,100,103.01
1752784480.734170,366047,57517,1,HR,1,100,99.72
1752784481.334175,366647,57618,1,HR,1,100,99.78
1752784481.894180,367207,57725,1,HR,1,100,101.42
1752784482.547186,367860,57823,1,HR,1,100,99.72
1752784483.107190,368420,57915,1,HR,1,100,101.37
1752784483.707196,369020,58020,1,HR,1,100,101.06
1752784484.227200,369540,58107,1,HR,1,100,104.25
1752784484.787205,370100,58210,1,HR,1,100,104.89
1752784485.347210,370660,58295,1,HR,1,100,105.39
1752784485.987216,371300,58414,1,HR,1,100,102.80
1752784486.547221,371860,58500,1,HR,1,100,103.77
1752784487.067225,372380,58590,1,HR,1,100,106.35
1752784487.640230,372953,58695,1,HR,1,100,106.53
1752784488.200235,373513,58784,1,HR,1,100,106.66
1752784488.760240,374073,58885,1,HR,1,100,106.77
1752784489.320245,374633,58973,1,HR,1,100,106.85
1752784489.880250,375193,59076,1,HR,1,100,106.92
1752784490.440255,375753,59162,1,HR,1,100,106.97
1752784491.000260,376313,59263,1,HR,1,100,107.01
1752784491.560265,376873,59348,1,HR,1,100,107.04
1752784492.160270,377473,59455,1,HR,1,100,105.47
1752784492.773275,378086,59554,1,HR,1,100,104.26
1752784493.333280,378646,59646,1,HR,1,100,104.90
1752784493.933285,379246,59751,1,HR,1,100,103.81
1752784494.493290,379806,59849,1,HR,1,100,104.55
1752784495.093296,380406,59935,1,HR,1,100,103.54
1752784495.653301,380966,60038,1,HR,1,100,104.34
1752784496.213305,381526,60141,1,HR,1,100,104.96
1752784496.853311,382166,60245,1,HR,1,100,102.47
1752784497.546317,382859,60366,1,HR,1,100,99.31
1752784498.226323,383539,60468,1,HR,1,100,96.85
1752784498.945329,384258,60581,1,HR,1,100,93.84
1752784499.665336,384978,60604,1,HR,1,100,91.51
1752784500.345342,385658,60606,1,HR,1,100,90.78
1752784501.025348,386338,60635,1,HR,1,100,90.21
1752784501.665353,386978,60637,1,HR,1,100,91.00
1752784502.265359,387578,60684,1,HR,1,100,93.00
1752784502.879364,388192,60786,1,HR,1,100,94.56
1752784503.518370,388831,60890,1,HR,1,100,94.38
1752784504.119375,389432,60991,1,HR,1,100,95.63
1752784504.758380,390071,61096,1,HR,1,100,95.21
1752784505.438386,390751,61214,1,HR,1,100,93.66
1752784506.078392,391391,61319,1,HR,1,100,93.68
1752784506.718398,392031,61425,1,HR,1,100,93.70
1752784507.398404,392711,61543,1,HR,1,100,92.48
1752784508.051409,393364,61644,1,HR,1,100,92.76
1752784508.651415,393964,61755,1,HR,1,100,94.37
1752784509.371421,394684,61874,1,HR,1,100,91.92
1752784509.971426,395284,61977,1,HR,1,100,93.71
1752784510.571431,395884,62082,1,HR,1,100,95.11
1752784511.171437,396484,62184,1,HR,1,100,96.20
1752784511.811442,397124,62293,1,HR,1,100,95.65
1752784512.411448,397724,62395,1,HR,1,100,96.62
1752784513.024453,398337,62499,1,HR,1,100,97.37
1752784513.584458,398897,62583,1,HR,1,100,99.54
1752784514.304464,399617,62709,1,HR,1,100,95.94
1752784514.904470,400217,62810,1,HR,1,100,96.84
1752784515.584475,400897,62926,1,HR,1,100,94.93
1752784516.224481,401537,63030,1,HR,1,100,94.67
1752784516.904487,402217,63152,1,HR,1,100,93.24
1752784517.544493,402857,63254,1,HR,1,100,93.35
1752784518.157498,403470,63356,1,HR,1,100,94.83
1752784518.797504,404110,63460,1,HR,1,100,94.59
1752784519.357509,404670,63552,1,HR,1,100,97.38
1752784519.957514,405270,63655,1,HR,1,100,97.96
1752784520.557519,405870,63755,1,HR,1,100,98.41
1752784521.197525,406510,63875,1,HR,1,100,97.38
1752784521.797530,407110,63965,1,HR,1,100,97.96
1752784522.437536,407750,64084,1,HR,1,100,97.02
1752784523.090541,408403,64187,1,HR,1,100,96.30
1752784523.730547,409043,64292,1,HR,1,100,95.73
1752784524.330552,409643,64400,1,HR,1,100,96.68
1752784524.930558,410243,64505,1,HR,1,100,97.42
1752784525.530563,410843,64608,1,HR,1,100,97.99
1752784526.130568,411443,64708,1,HR,1,100,98.44
1752784526.730573,412043,64811,1,HR,1,100,98.79
1752784527.330579,412643,64896,1,HR,1,100,99.06
1752784527.983584,413296,65013,1,HR,1,100,97.88
1752784528.663590,413976,65137,1,HR,1,100,95.73
1752784529.303596,414616,65226,1,HR,1,100,95.29
1752784529.943602,415256,65346,1,HR,1,100,94.95
1752784530.583607,415896,65451,1,HR,1,100,94.68
1752784531.222613,416535,15,1,HR,1,100,94.48
1752784531.782618,417095,122,1,HR,1,100,97.29
1752784532.382623,417695,223,1,HR,1,100,97.89
1752784533.076629,418389,344,1,HR,1,100,95.75
1752784533.636634,418949,431,1,HR,1,100,98.28
1752784534.275640,419588,537,1,HR,1,100,97.27
1752784534.915645,420228,652,1,HR,1,100,96.49
1752784535.515650,420828,754,1,HR,1,100,97.27
1752784536.115656,421428,859,1,HR,1,100,97.88
1752784536.755661,422068,960,1,HR,1,100,96.96
1752784537.315666,422628,1045,1,HR,1,100,99.22
1752784537.928672,423241,1148,1,HR,1,100,99.40
1752784538.528677,423841,1252,1,HR,1,100,99.53
1752784539.088682,424401,1357,1,HR,1,100,101.22
1752784539.688687,425001,1465,1,HR,1,100,100.95
1752784540.288692,425601,1568,1,HR,1,100,100.74
1752784540.928698,426241,1669,1,HR,1,100,99.19
1752784541.568704,426881,1773,1,HR,1,100,97.98
1752784542.088708,427401,1857,1,HR,1,100,101.85
1752784542.701714,428014,1975,1,HR,1,100,101.44
1752784543.421720,428734,2094,1,HR,1,100,97.41
1752784543.941724,429254,2181,1,HR,1,100,101.41
1752784544.501729,429814,2273,1,HR,1,100,102.68
1752784545.061734,430374,2375,1,HR,1,100,103.67
1752784545.701740,431014,2477,1,HR,1,100,101.47
1752784546.221744,431534,2565,1,HR,1,100,104.56
1752784546.781749,432094,2668,1,HR,1,100,105.13
1752784547.341754,432654,2756,1,HR,1,100,105.58
1752784547.994760,433307,2878,1,HR,1,100,102.95
1752784548.594765,433907,2983,1,HR,1,100,102.30
1752784549.234771,434547,3084,1,HR,1,100,100.40
1752784549.874776,435187,3189,1,HR,1,100,98.92
1752784550.474782,435787,3292,1,HR,1,100,99.16
1752784551.074787,436387,3393,1,HR,1,100,99.35
1752784551.594792,436907,3481,1,HR,1,100,102.91
1752784552.194797,437507,3583,1,HR,1,100,102.26
1752784552.767802,438080,3688,1,HR,1,100,103.35
1752784553.367807,438680,3795,1,HR,1,100,102.60
1752784553.927812,439240,3880,1,HR,1,100,103.61
1752784554.487817,439800,3978,1,HR,1,100,104.40
1752784555.087822,440400,4088,1,HR,1,100,103.42
1752784555.647827,440960,4174,1,HR,1,100,104.25
1752784556.167832,441480,4258,1,HR,1,100,106.72
1752784556.767837,442080,4365,1,HR,1,100,105.23
1752784557.300842,442613,4451,1,HR,1,100,107.49
1752784557.900847,443213,4549,1,HR,1,100,105.82
1752784558.380851,443693,4634,1,HR,1,100,110.08
1752784558.940856,444253,4737,1,HR,1,100,109.43
1752784559.540861,444853,4838,1,HR,1,100,107.33
1752784560.060866,445373,4926,1,HR,1,100,109.12
1752784560.660871,445973,5031,1,HR,1,100,107.10
1752784561.219876,446532,5115,1,HR,1,100,107.11
1752784561.819881,447132,5218,1,HR,1,100,105.53
1752784562.353886,447666,5306,1,HR,1,100,107.72
1752784562.913891,448226,5409,1,HR,1,100,107.59
1752784563.513896,448826,5511,1,HR,1,100,105.90
1752784564.032901,449345,5600,1,HR,1,100,108.01
1752784564.592906,449905,5686,1,HR,1,100,107.82
1752784565.112910,450425,5759,1,HR,1,100,109.50
1752784565.712915,451025,5864,1,HR,1,100,107.39
1752784566.272920,451585,5969,1,HR,1,100,107.33
1752784566.832925,452145,6054,1,HR,1,100,107.29
1752784567.366930,452679,6161,1,HR,1,100,109.09
1752784567.925935,453238,6248,1,HR,1,100,108.66
1752784568.485940,453798,6348,1,HR,1,100,108.32
1752784569.045945,454358,6436,1,HR,1,100,108.06
1752784569.525949,454838,6522,1,HR,1,100,111.82
1752784570.085954,455398,6615,1,HR,1,100,110.78
1752784570.685959,455998,6718,1,HR,1,100,108.39
1752784571.165963,456478,6802,1,HR,1,100,112.08
1752784571.765969,457078,6907,1,HR,1,100,109.39
1752784572.259973,457572,6989,1,HR,1,100,112.86
1752784572.778978,458091,7077,1,HR,1,100,113.42
1752784573.338982,458651,7165,1,HR,1,100,112.03
1752784573.898987,459211,7268,1,HR,1,100,110.94
1752784574.458992,459771,7368,1,HR,1,100,110.10
1752784575.018997,460331,7457,1,HR,1,100,109.44
1752784575.619002,460931,7563,1,HR,1,100,107.34
1752784576.179007,461491,7666,1,HR,1,100,107.30
1752784576.779013,462091,7755,1,HR,1,100,105.68
1752784577.312017,462624,7861,1,HR,1,100,107.83
1752784577.872022,463184,7946,1,HR,1,100,107.68
1752784578.432027,463744,8051,1,HR,1,100,107.56
1752784579.032032,464344,8152,1,HR,1,100,105.88
1752784579.592037,464904,8238,1,HR,1,100,106.16
1752784580.192043,465504,8338,1,HR,1,100,104.79
1752784580.792048,466104,8444,1,HR,1,100,103.73
1752784581.392053,466704,8547,1,HR,1,100,102.90
1752784582.005058,467317,8652,1,HR,1,100,102.25
1752784582.565063,467877,8757,1,HR,1,100,103.34
1752784583.165069,468477,8843,1,HR,1,100,102.60
1752784583.805074,469117,8960,1,HR,1,100,100.63
1752784584.365079,469677,9049,1,HR,1,100,102.08
1752784584.885084,470197,9134,1,HR,1,100,105.04
1752784585.445089,470757,9238,1,HR,1,100,105.50
1752784586.045094,471357,9341,1,HR,1,100,104.28
1752784586.605099,471917,9432,1,HR,1,100,104.92
1752784587.178104,472490,9530,1,HR,1,100,105.41
1752784587.778109,473090,9635,1,HR,1,100,104.21
1752784588.418115,473730,9738,1,HR,1,100,101.88
1752784589.058120,474370,9841,1,HR,1,100,100.08
1752784589.658126,474970,9944,1,HR,1,100,100.06
1752784590.338132,475650,10063,1,HR,1,100,97.43
1752784590.937137,476249,10171,1,HR,1,100,98.00
1752784591.537142,476849,10277,1,HR,1,100,98.45
1752784592.191148,477503,10380,1,HR,1,100,97.40
1752784592.751153,478063,10483,1,HR,1,100,99.57
1752784593.351158,478663,10588,1,HR,1,100,99.66
1752784593.911163,479223,10673,1,HR,1,100,101.33
1752784594.510168,479822,10775,1,HR,1,100,101.03
1752784595.150174,480462,10892,1,HR,1,100,99.41
1752784595.750179,481062,10986,1,HR,1,100,99.54
1752784596.350184,481662,11087,1,HR,1,100,99.64
1752784597.004190,482316,11210,1,HR,1,100,98.33
1752784597.644196,482956,11313,1,HR,1,100,97.32
1752784598.323202,483635,11433,1,HR,1,100,95.30
1752784598.963207,484275,11536,1,HR,1,100,94.95
1752784599.603213,484915,11637,1,HR,1,100,94.69
1752784600.243219,485555,11756,1,HR,1,100,94.48
1752784600.843224,486155,11867,1,HR,1,100,95.71
1752784601.416229,486728,11954,1,HR,1,100,98.25
1752784601.976234,487288,12057,1,HR,1,100,100.22
1752784602.536239,487848,12144,1,HR,1,100,101.76
1752784603.136244,488448,12249,1,HR,1,100,101.37
1752784603.856250,489168,12369,1,HR,1,100,97.36
1752784604.496256,489808,12488,1,HR,1,100,96.56
1752784605.136262,490448,12593,1,HR,1,100,95.93
1752784605.776267,491088,12698,1,HR,1,100,95.45
1752784606.429273,491741,12825,1,HR,1,100,95.07
1752784607.069278,492381,12927,1,HR,1,100,94.78
1752784607.709284,493021,13029,1,HR,1,100,94.55
1752784608.389290,493701,13144,1,HR,1,100,93.15
1752784608.909295,494221,13233,1,HR,1,100,98.09
1752784609.709302,495021,13367,1,HR,1,100,92.96
1752784610.149306,495461,13438,1,HR,1,100,102.60
1752784610.829312,496141,13555,1,HR,1,100,99.41
1752784611.362316,496674,13647,1,HR,1,100,102.96
1752784611.922321,497234,13748,1,HR,1,100,103.89
1752784612.442326,497754,13831,1,HR,1,100,106.44
1752784613.042331,498354,13933,1,HR,1,100,105.01
1752784613.562335,498874,14019,1,HR,1,100,107.32
1752784614.122340,499434,14104,1,HR,1,100,107.28
1752784614.682345,499994,14207,1,HR,1,100,107.25
1752784615.202350,500514,14289,1,HR,1,100,109.06
1752784615.762355,501074,14390,1,HR,1,100,108.63
1752784616.495361,501807,14512,1,HR,1,100,103.01
1752784617.175367,502487,14613,1,HR,1,100,99.73
1752784617.895374,503207,14746,1,HR,1,100,96.08
1752784618.535379,503847,14785,1,HR,1,100,95.56
1752784619.214385,504526,14808,1,HR,1,100,93.94
1752784619.814390,505126,14810,1,HR,1,100,95.28
1752784620.508396,505820,14838,1,HR,1,100,93.72
1752784621.188402,506500,14840,1,HR,1,100,92.50
1752784621.748407,507060,14914,1,HR,1,100,95.75
1752784622.348413,507660,15013,1,HR,1,100,96.70
1752784622.948418,508260,15114,1,HR,1,100,97.43
1752784623.508423,508820,15197,1,HR,1,100,99.59
1752784624.108428,509420,15296,1,HR,1,100,99.68
1752784624.707433,510019,15397,1,HR,1,100,99.75
1752784625.267438,510579,15496,1,HR,1,100,101.39
1752784625.881444,511193,15597,1,HR,1,100,101.08
1752784626.481449,511793,15702,1,HR,1,100,100.84
1752784627.081454,512393,15803,1,HR,1,100,100.66
1752784627.680459,512992,15888,1,HR,1,100,100.51
1752784628.320465,513632,16003,1,HR,1,100,99.01
1752784628.880470,514192,16087,1,HR,1,100,100.82
1752784629.440475,514752,16186,1,HR,1,100,102.22
1752784630.080480,515392,16287,1,HR,1,100,100.34
1752784630.654486,515966,16388,1,HR,1,100,101.85
1752784631.253491,516565,16487,1,HR,1,100,101.44
1752784631.773495,517085,16577,1,HR,1,100,104.54
1752784632.293500,517605,16662,1,HR,1,100,106.95
1752784632.893505,518205,16761,1,HR,1,100,105.40
1752784633.453510,518765,16844,1,HR,1,100,105.79
1752784634.053515,519365,16945,1,HR,1,100,104.50
1752784634.693521,520005,17044,1,HR,1,100,102.11
1752784635.386527,520698,17162,1,HR,1,100,99.03
1752784636.066533,521378,17277,1,HR,1,100,96.63
1752784636.786539,522098,17384,1,HR,1,100,93.68
1752784637.506546,522818,17501,1,HR,1,100,91.38
1752784638.186552,523498,17617,1,HR,1,100,90.68
1752784638.866558,524178,17733,1,HR,1,100,90.14
1752784639.586564,524898,17851,1,HR,1,100,88.62
1752784640.279570,525591,17966,1,HR,1,100,88.54
1752784640.879575,526191,18050,1,HR,1,100,91.09
1752784641.639582,526951,18185,1,HR,1,100,88.39
1752784642.279588,527591,18291,1,HR,1,100,89.58
1752784642.959594,528271,18408,1,HR,1,100,89.28
1752784643.599599,528911,18507,1,HR,1,100,90.27
1752784644.239605,529551,18625,1,HR,1,100,91.05
1752784644.892610,530204,18724,1,HR,1,100,91.65
1752784645.492616,530804,18824,1,HR,1,100,93.50
1752784646.092621,531404,18923,1,HR,1,100,94.95
1752784646.652626,531964,19009,1,HR,1,100,97.66
1752784647.332632,532644,19132,1,HR,1,100,95.56
1752784648.012638,533324,19231,1,HR,1,100,93.93
1752784648.772645,534084,19363,1,HR,1,100,90.60
1752784649.452651,534764,19481,1,HR,1,100,90.08
1752784650.225657,535537,19596,1,HR,1,100,87.60
1752784650.945664,536257,19713,1,HR,1,100,86.66
1752784651.585669,536897,19832,1,HR,1,100,88.23
1752784652.345676,537657,19953,1,HR,1,100,86.17
1752784652.945681,538257,20054,1,HR,1,100,89.24
1752784653.665687,538977,20169,1,HR,1,100,87.93
1752784654.225692,539537,20268,1,HR,1,100,92.20
1752784654.918698,540230,20369,1,HR,1,100,91.32
1752784655.478703,540790,20469,1,HR,1,100,94.83
1752784656.158709,541470,20585,1,HR,1,100,93.37
1752784656.718714,542030,20671,1,HR,1,100,96.43
1752784657.278719,542590,20775,1,HR,1,100,98.81
1752784657.838724,543150,20859,1,HR,1,100,100.66
1752784658.437729,543749,20960,1,HR,1,100,100.51
1752784658.997734,544309,21059,1,HR,1,100,101.99
1752784659.651740,544963,21160,1,HR,1,100,100.16
1752784660.211745,545523,21259,1,HR,1,100,101.71
1752784660.891751,546203,21361,1,HR,1,100,98.72
1752784661.530757,546842,21479,1,HR,1,100,97.61
1752784662.170762,547482,21586,1,HR,1,100,96.75
1752784662.850768,548162,21703,1,HR,1,100,94.86
1752784663.490774,548802,21803,1,HR,1,100,94.61
1752784664.143779,549455,21902,1,HR,1,100,94.42
1752784664.863786,550175,22019,1,HR,1,100,91.96
1752784665.423791,550735,22118,1,HR,1,100,95.33
1752784666.143797,551455,22235,1,HR,1,100,92.67
1752784666.823803,552135,22353,1,HR,1,100,91.68
1752784667.503809,552815,22457,1,HR,1,100,90.92
1752784668.103814,553415,22558,1,HR,1,100,92.93
1752784668.783820,554095,22674,1,HR,1,100,91.89
1752784669.436826,554748,22775,1,HR,1,100,92.30
1752784670.116832,555428,22890,1,HR,1,100,91.40
1752784670.716837,556028,22991,1,HR,1,100,93.31
1752784671.436843,556748,23107,1,HR,1,100,91.09
1752784672.036849,557348,23210,1,HR,1,100,93.07
1752784672.676854,557988,23314,1,HR,1,100,93.22
1752784673.396861,558708,23446,1,HR,1,100,91.03
1752784674.049866,559361,23547,1,HR,1,100,91.63
1752784674.769873,560081,23662,1,HR,1,100,89.79
1752784675.409878,560721,23763,1,HR,1,100,90.67
1752784676.129885,561441,23879,1,HR,1,100,89.04
1752784676.769890,562081,23996,1,HR,1,100,90.08
1752784677.369896,562681,24097,1,HR,1,100,92.29
1752784678.009901,563321,24203,1,HR,1,100,92.61
1752784678.582906,563894,24302,1,HR,1,100,95.84
1752784679.182911,564494,24386,1,HR,1,100,96.77
1752784679.702916,565014,24487,1,HR,1,100,100.90
1752784680.182920,565494,24554,1,HR,1,100,106.26
1752784680.862926,566174,24669,1,HR,1,100,102.25
1752784681.462931,566774,24769,1,HR,1,100,101.75
1752784682.142937,567454,24888,1,HR,1,100,98.75
1752784682.782943,568094,24992,1,HR,1,100,97.64
1752784683.435949,568747,25093,1,HR,1,100,96.77
1752784684.115955,569427,25208,1,HR,1,100,94.88
1752784684.755960,570067,25309,1,HR,1,100,94.63
1752784685.395966,570707,25425,1,HR,1,100,94.43
1752784686.035972,571347,25526,1,HR,1,100,94.28
1752784686.755978,572067,25643,1,HR,1,100,91.85
1752784687.314983,572626,25744,1,HR,1,100,95.25
1752784687.968989,573280,25848,1,HR,1,100,94.91
1752784688.528994,573840,25949,1,HR,1,100,97.63
1752784689.168999,574480,26047,1,HR,1,100,96.77
1752784689.769004,575080,26148,1,HR,1,100,97.49
1752784690.369010,575680,26247,1,HR,1,100,98.05
1752784691.089016,576400,26365,1,HR,1,100,94.78
1752784691.728022,577039,26466,1,HR,1,100,94.55
1752784692.382027,577693,26583,1,HR,1,100,94.37
1752784692.982033,578293,26672,1,HR,1,100,95.62
1752784693.622038,578933,26788,1,HR,1,100,95.21
1752784694.182043,579493,26872,1,HR,1,100,97.86
1752784694.861049,580172,26987,1,HR,1,100,95.72
1752784695.541055,580852,27104,1,HR,1,100,94.06
1752784696.181061,581492,27206,1,HR,1,100,93.99
1752784696.741066,582052,27307,1,HR,1,100,96.91
1752784697.394071,582705,27410,1,HR,1,100,96.21
1752784697.994077,583305,27515,1,HR,1,100,97.05
1752784698.634082,583945,27615,1,HR,1,100,96.32
1752784699.234087,584545,27716,1,HR,1,100,97.14
1752784699.874093,585185,27814,1,HR,1,100,96.38
1752784700.514099,585825,27930,1,HR,1,100,95.80
1752784701.154104,586465,28030,1,HR,1,100,95.34
1752784701.807110,587118,28148,1,HR,1,100,94.99
1752784702.487116,587798,28249,1,HR,1,100,93.49
1752784703.127122,588438,28369,1,HR,1,100,93.55
1752784703.767127,589078,28470,1,HR,1,100,93.59
1752784704.367133,589678,28569,1,HR,1,100,95.02
1752784704.887137,590198,28654,1,HR,1,100,99.54
1752784705.567143,590878,28771,1,HR,1,100,97.03
1752784706.167148,591478,28853,1,HR,1,100,97.69
1752784706.860154,592171,28972,1,HR,1,100,95.59
1752784707.500160,592811,29088,1,HR,1,100,95.18
1752784708.060165,593371,29172,1,HR,1,100,97.84
1752784708.620170,593931,29276,1,HR,1,100,99.91
1752784709.220175,594531,29377,1,HR,1,100,99.93
1752784709.820180,595131,29461,1,HR,1,100,99.94
1752784710.500186,595811,29576,1,HR,1,100,97.34
1752784711.020191,596331,29661,1,HR,1,100,101.35
1752784711.673197,596984,29778,1,HR,1,100,99.66
1752784712.273202,597584,29863,1,HR,1,100,99.74
1752784712.913208,598224,29979,1,HR,1,100,98.41
1752784713.433212,598744,30067,1,HR,1,100,102.18
1752784714.073218,599384,30168,1,HR,1,100,100.31
1752784714.673223,599984,30269,1,HR,1,100,100.24
1752784715.353229,600664,30384,1,HR,1,100,97.57
1752784715.966234,601277,30483,1,HR,1,100,98.11
1752784716.606240,601917,30586,1,HR,1,100,97.14
1752784717.286246,602597,30702,1,HR,1,100,95.16
1752784717.886251,603197,30803,1,HR,1,100,96.24
1752784718.486256,603797,30906,1,HR,1,100,97.07
1752784719.046261,604357,30990,1,HR,1,100,99.31
1752784719.606266,604917,31091,1,HR,1,100,101.05
1752784720.206272,605517,31190,1,HR,1,100,100.82
1752784720.859277,606170,31290,1,HR,1,100,99.25
1752784721.419282,606730,31390,1,HR,1,100,101.00
1752784722.099288,607410,31492,1,HR,1,100,98.16
1752784722.619293,607930,31577,1,HR,1,100,101.99
1752784723.299299,608610,31692,1,HR,1,100,98.93
1752784723.859304,609170,31798,1,HR,1,100,100.76
1752784724.498309,609809,31896,1,HR,1,100,99.20
1752784725.112315,610423,31997,1,HR,1,100,99.38
1752784725.752320,611063,32097,1,HR,1,100,98.13
1752784726.392326,611703,32214,1,HR,1,100,97.15
1752784726.992331,612303,32300,1,HR,1,100,97.79
1752784727.552336,612863,32399,1,HR,1,100,99.87
1752784728.111341,613422,32483,1,HR,1,100,101.48
1752784728.751347,614062,32603,1,HR,1,100,99.76
1752784729.351352,614662,32704,1,HR,1,100,99.82
1752784730.005358,615316,32804,1,HR,1,100,98.47
1752784730.645363,615956,32904,1,HR,1,100,97.42
1752784731.244368,616555,33005,1,HR,1,100,97.99
1752784731.884374,617195,33123,1,HR,1,100,97.05
1752784732.524380,617835,33224,1,HR,1,100,96.32
1752784733.164385,618475,33322,1,HR,1,100,95.75
1752784733.804391,619115,33423,1,HR,1,100,95.30
1752784734.444397,619755,33527,1,HR,1,100,94.96
1752784735.057402,620368,33626,1,HR,1,100,96.08
1752784735.537406,620848,33709,1,HR,1,100,102.51
1752784736.177412,621488,33810,1,HR,1,100,100.56
1752784736.777417,622088,33911,1,HR,1,100,100.44
1752784737.377422,622688,34012,1,HR,1,100,100.34
1752784738.017428,623328,34111,1,HR,1,100,98.87
1752784738.657434,623968,34229,1,HR,1,100,97.74
1752784739.310439,624621,34335,1,HR,1,100,96.85
1752784739.990445,625301,34434,1,HR,1,100,94.94
1752784740.630451,625941,34550,1,HR,1,100,94.67
1752784741.270456,626581,34651,1,HR,1,100,94.47
1752784741.990463,627301,34768,1,HR,1,100,91.99
1752784742.550468,627861,34869,1,HR,1,100,95.36
1752784743.190473,628501,34968,1,HR,1,100,95.00
1752784743.830479,629141,35068,1,HR,1,100,94.72
1752784744.443484,629754,35174,1,HR,1,100,95.90
1752784745.003489,630314,35259,1,HR,1,100,98.40
1752784745.723496,631034,35374,1,HR,1,100,95.05
1752784746.323501,631634,35475,1,HR,1,100,96.15
1752784746.963506,632274,35593,1,HR,1,100,95.62
1752784747.603512,632914,35694,1,HR,1,100,95.20
1752784748.243518,633554,35793,1,HR,1,100,94.88
1752784748.936524,634247,35908,1,HR,1,100,93.40
1752784749.536529,634847,36014,1,HR,1,100,94.87
1752784750.096534,635407,36098,1,HR,1,100,97.60
1752784750.736540,636047,36199,1,HR,1,100,96.74
1752784751.296544,636607,36298,1,HR,1,100,99.05
1752784751.896550,637207,36401,1,HR,1,100,99.26
1752784752.496555,637807,36499,1,HR,1,100,99.43
1752784753.136561,638447,36600,1,HR,1,100,98.17
1752784753.749566,639060,36701,1,HR,1,100,98.57
1752784754.389572,639700,36805,1,HR,1,100,97.50
1752784754.989577,640300,36906,1,HR,1,100,98.06
1752784755.629582,640940,37007,1,HR,1,100,97.10
1752784756.229588,641540,37106,1,HR,1,100,97.74
1752784756.869593,642180,37208,1,HR,1,100,96.86
1752784757.469599,642780,37307,1,HR,1,100,97.56
1752784758.122604,643433,37424,1,HR,1,100,96.71
1752784758.762610,644073,37523,1,HR,1,100,96.05
1752784759.322615,644633,37624,1,HR,1,100,98.52
1752784759.882620,645193,37696,1,HR,1,100,100.43
1752784760.442625,645753,37797,1,HR,1,100,101.92
1752784761.001630,646312,37882,1,HR,1,100,103.08
1752784761.601635,646912,37983,1,HR,1,100,102.40
1752784762.241641,647552,38100,1,HR,1,100,100.48
1752784762.895646,648206,38199,1,HR,1,100,98.98
1752784763.535652,648846,38299,1,HR,1,100,97.82
1752784764.215658,649526,38415,1,HR,1,100,95.69
1752784764.855663,650166,38521,1,HR,1,100,95.26
1752784765.534669,650845,38637,1,HR,1,100,93.70
1752784766.214675,651525,38754,1,HR,1,100,92.48
1752784766.854681,652165,38856,1,HR,1,100,92.77
1752784767.508687,652819,38956,1,HR,1,100,92.98
1752784768.107692,653418,39055,1,HR,1,100,94.54
1752784768.708697,654019,39156,1,HR,1,100,95.76
1752784769.187701,654498,39240,1,HR,1,100,102.25
1752784769.747706,655058,39327,1,HR,1,100,103.34
1752784770.307711,655618,39411,1,HR,1,100,104.19
1752784770.867716,656178,39510,1,HR,1,100,104.84
1752784771.427721,656738,39594,1,HR,1,100,105.35
1752784771.947726,657258,39696,1,HR,1,100,107.58
1752784772.520731,657831,39778,1,HR,1,100,107.49
1752784773.200737,658511,39897,1,HR,1,100,103.21
1752784773.880743,659191,40012,1,HR,1,100,99.88
1752784774.520748,659831,40111,1,HR,1,100,98.52
1752784775.160754,660471,40216,1,HR,1,100,97.46
1752784775.880760,661191,40335,1,HR,1,100,94.32
1752784776.520766,661831,40435,1,HR,1,100,94.19
1752784777.213772,662524,40553,1,HR,1,100,92.87
1752784777.853778,663164,40651,1,HR,1,100,93.06
1752784778.413782,663724,40752,1,HR,1,100,96.19
1752784779.013788,664324,40851,1,HR,1,100,97.04
1752784779.573793,664884,40936,1,HR,1,100,99.28
1752784780.213798,665524,41041,1,HR,1,100,98.05
1752784780.853804,666164,41142,1,HR,1,100,97.10
1752784781.453809,666764,41241,1,HR,1,100,97.74
1752784782.146815,667457,41359,1,HR,1,100,95.63
1752784782.866822,668177,41476,1,HR,1,100,92.90
1752784783.506827,668817,41592,1,HR,1,100,93.09
1752784784.186833,669497,41692,1,HR,1,100,92.01
1752784784.866839,670177,41809,1,HR,1,100,91.17
1752784785.586845,670897,41931,1,HR,1,100,89.43
1752784786.146850,671457,42015,1,HR,1,100,93.37
1752784786.839856,672150,42132,1,HR,1,100,92.23
1752784787.479862,672790,42231,1,HR,1,100,92.56
1752784788.119868,673430,42349,1,HR,1,100,92.83
1752784788.799874,674110,42448,1,HR,1,100,91.81
1752784789.399879,674710,42549,1,HR,1,100,93.63
1752784790.079885,675390,42664,1,HR,1,100,92.43
1752784790.639890,675950,42754,1,HR,1,100,95.70
1752784791.292896,676603,42855,1,HR,1,100,95.27
1752784791.852900,677163,42958,1,HR,1,100,97.91
1752784792.492906,677803,43056,1,HR,1,100,96.98
1752784793.132912,678443,43157,1,HR,1,100,96.26
1752784793.812918,679123,43272,1,HR,1,100,94.48
1752784794.491924,679802,43388,1,HR,1,100,93.09
1752784795.131929,680442,43489,1,HR,1,100,93.24
1752784795.785935,681096,43594,1,HR,1,100,93.35
1752784796.465941,681776,43709,1,HR,1,100,92.21
1752784797.145947,682456,43812,1,HR,1,100,91.33
1752784797.745952,683056,43911,1,HR,1,100,93.26
1752784798.424958,683735,44029,1,HR,1,100,92.14
1752784798.944963,684255,44112,1,HR,1,100,97.31
1752784799.504968,684815,44212,1,HR,1,100,99.49
1752784800.064973,685375,44296,1,HR,1,100,101.19
1752784800.638978,685949,44402,1,HR,1,100,102.51
1752784801.197982,686508,44486,1,HR,1,100,103.54
1752784801.757987,687068,44586,1,HR,1,100,104.34
1752784802.317992,687628,44671,1,HR,1,100,104.97
1752784803.037999,688348,44786,1,HR,1,100,100.16
1752784803.678004,688988,44887,1,HR,1,100,98.73
1752784804.358010,689668,45003,1,HR,1,100,96.40
1752784805.051016,690361,45118,1,HR,1,100,94.59
1752784805.691022,691001,45224,1,HR,1,100,94.40
1752784806.371028,691681,45325,1,HR,1,100,93.03
1752784807.011033,692321,45443,1,HR,1,100,93.19
1752784807.691039,693001,45544,1,HR,1,100,92.09
1752784808.331045,693641,45659,1,HR,1,100,92.46
1752784808.931050,694241,45760,1,HR,1,100,94.13
1752784809.531056,694841,45859,1,HR,1,100,95.44
1752784810.144061,695454,45959,1,HR,1,100,96.45
1752784810.744066,696054,46049,1,HR,1,100,97.24
1752784811.264071,696574,46133,1,HR,1,100,101.27
1752784811.864076,697174,46233,1,HR,1,100,100.99
1752784812.464081,697774,46334,1,HR,1,100,100.77
1752784813.144087,698454,46450,1,HR,1,100,97.98
1752784813.784093,699094,46551,1,HR,1,100,97.04
1752784814.477099,699787,46666,1,HR,1,100,95.09
1752784815.117105,700427,46767,1,HR,1,100,94.79
1752784815.757110,701067,46866,1,HR,1,100,94.56
1752784816.477117,701787,46989,1,HR,1,100,92.06
1752784817.117122,702427,47092,1,HR,1,100,92.44
1752784817.757128,703067,47207,1,HR,1,100,92.73
1752784818.397133,703707,47308,1,HR,1,100,92.96
1752784819.090140,704400,47424,1,HR,1,100,91.91
1752784819.730145,705040,47523,1,HR,1,100,92.32
1752784820.370151,705680,47624,1,HR,1,100,92.64
1752784820.970156,706280,47730,1,HR,1,100,94.27
1752784821.650162,706960,47847,1,HR,1,100,92.93
1752784822.290168,707600,47948,1,HR,1,100,93.11
1752784822.930173,708240,48047,1,HR,1,100,93.25
1752784823.570179,708880,48147,1,HR,1,100,93.36
1752784824.223185,709533,48264,1,HR,1,100,93.45
1752784824.863190,710173,48364,1,HR,1,100,93.52
1752784825.463195,710773,48463,1,HR,1,100,94.96
1752784826.063201,711373,48553,1,HR,1,100,96.08
1752784826.663206,711973,48592,1,HR,1,100,96.95
1752784827.303212,712613,48691,1,HR,1,100,96.24
1752784827.982218,713292,48809,1,HR,1,100,94.46
1752784828.676224,713986,48924,1,HR,1,100,93.08
1752784829.316229,714626,49023,1,HR,1,100,93.23
1752784829.956235,715266,49124,1,HR,1,100,93.34
1752784830.636241,715946,49240,1,HR,1,100,92.21
1752784831.315247,716625,49346,1,HR,1,100,91.32
1752784831.915252,717225,49449,1,HR,1,100,93.25
1752784832.555258,717865,49547,1,HR,1,100,93.36
1752784833.209263,718519,49665,1,HR,1,100,93.45
1752784833.809269,719119,49763,1,HR,1,100,94.91
1752784834.488275,719798,49864,1,HR,1,100,93.42
1752784835.048280,720358,49964,1,HR,1,100,96.47
1752784835.608284,720918,50048,1,HR,1,100,98.84
1752784836.288290,721598,50165,1,HR,1,100,96.49
1752784836.848295,722158,50254,1,HR,1,100,98.85
1752784837.488301,722798,50353,1,HR,1,100,97.72
1752784838.181307,723491,50470,1,HR,1,100,95.61
1752784838.821313,724131,50587,1,HR,1,100,95.20
1752784839.421318,724731,50687,1,HR,1,100,96.27
1752784840.101324,725411,50786,1,HR,1,100,94.48
1752784840.781330,726091,50902,1,HR,1,100,93.09
1752784841.421336,726731,51002,1,HR,1,100,93.24
1752784842.114342,727424,51127,1,HR,1,100,92.13
1752784842.794348,728104,51226,1,HR,1,100,91.26
1752784843.394353,728704,51327,1,HR,1,100,93.20
1752784843.994358,729304,51427,1,HR,1,100,94.71
1752784844.594363,729904,51527,1,HR,1,100,95.89
1752784845.354370,730664,51642,1,HR,1,100,92.12
1752784845.914375,731224,51743,1,HR,1,100,95.46
1752784846.514380,731824,51846,1,HR,1,100,96.47
1752784847.087385,732397,51933,1,HR,1,100,98.84
1752784847.647390,732957,52032,1,HR,1,100,100.69
1752784848.287396,733597,52133,1,HR,1,100,99.15
1752784848.887401,734197,52232,1,HR,1,100,99.34
1752784849.447406,734757,52315,1,HR,1,100,101.07
1752784850.047411,735357,52416,1,HR,1,100,100.83
1752784850.607416,735917,52515,1,HR,1,100,102.23
1752784851.247422,736557,52616,1,HR,1,100,100.35
1752784851.940428,737250,52726,1,HR,1,100,97.66
1752784852.580433,737890,52842,1,HR,1,100,96.79
1752784853.220439,738530,52943,1,HR,1,100,96.11
1752784853.860445,739170,53041,1,HR,1,100,95.59
1752784854.540451,739850,53159,1,HR,1,100,93.95
1752784855.100456,740410,53241,1,HR,1,100,96.89
1752784855.780462,741090,53358,1,HR,1,100,94.96
1752784856.473468,741783,53474,1,HR,1,100,93.47
1752784856.993472,742303,53565,1,HR,1,100,98.34
1752784857.593477,742903,53666,1,HR,1,100,98.71
1752784858.153482,743463,53750,1,HR,1,100,100.58
1752784858.713487,744023,53849,1,HR,1,100,102.04
1752784859.433494,744743,53966,1,HR,1,100,97.88
1752784860.033499,745343,54065,1,HR,1,100,98.35
1752784860.686505,745996,54166,1,HR,1,100,97.33
1752784861.326510,746636,54265,1,HR,1,100,96.53
1752784861.886515,747196,54368,1,HR,1,100,98.89
1752784862.446520,747756,54457,1,HR,1,100,100.73
1752784863.006525,748316,54541,1,HR,1,100,102.15
1752784863.646531,748956,54657,1,HR,1,100,100.28
1752784864.245536,749555,54758,1,HR,1,100,100.22
1752784864.885541,750195,54857,1,HR,1,100,98.78
1752784865.459547,750769,54957,1,HR,1,100,100.64
1752784866.019551,751329,55041,1,HR,1,100,102.09
1752784866.579556,751889,55142,1,HR,1,100,103.21
1752784867.098561,752408,55231,1,HR,1,100,105.92
1752784867.698566,753008,55315,1,HR,1,100,104.60
1752784868.258571,753568,55416,1,HR,1,100,105.17
1752784868.858576,754168,55515,1,HR,1,100,104.02
1752784869.458582,754768,55615,1,HR,1,100,103.12
1752784869.992586,755302,55700,1,HR,1,100,105.85
1752784870.672592,755982,55815,1,HR,1,100,101.93
1752784871.191597,756501,55900,1,HR,1,100,104.92
1752784871.711601,757021,55985,1,HR,1,100,107.25
1752784872.271606,757581,56073,1,HR,1,100,107.23
1752784872.871612,758181,56174,1,HR,1,100,105.62
1752784873.431616,758741,56257,1,HR,1,100,105.96
1752784874.071622,759381,56373,1,HR,1,100,103.24
1752784874.685627,759995,56474,1,HR,1,100,102.52
1752784875.324633,760634,56575,1,HR,1,100,100.57
1752784875.924638,761234,56674,1,HR,1,100,100.45
1752784876.604644,761914,56791,1,HR,1,100,97.73
1752784877.284650,762594,56892,1,HR,1,100,95.62
1752784877.964656,763274,57015,1,HR,1,100,93.98
1752784878.644662,763954,57114,1,HR,1,100,92.70
1752784879.337668,764647,57231,1,HR,1,100,91.71
1752784880.057675,765367,57347,1,HR,1,100,89.85
1752784880.657680,765967,57447,1,HR,1,100,92.10
1752784881.337686,766647,57563,1,HR,1,100,91.24
1752784881.977692,767287,57664,1,HR,1,100,91.80
1752784882.617697,767927,57770,1,HR,1,100,92.23
1752784883.217702,768527,57871,1,HR,1,100,93.96
1752784883.830708,769140,57970,1,HR,1,100,95.30
1752784884.470713,769780,58070,1,HR,1,100,94.96
1752784885.070719,770380,58171,1,HR,1,100,96.08
1752784885.670724,770980,58270,1,HR,1,100,96.95
1752784886.270729,771580,58371,1,HR,1,100,97.63
1752784886.870734,772180,58472,1,HR,1,100,98.15
1752784887.470740,772780,58572,1,HR,1,100,98.56
1752784888.150746,773460,58678,1,HR,1,100,96.27
1752784888.843752,774153,58795,1,HR,1,100,94.48
1752784889.523758,774833,58895,1,HR,1,100,93.10
1752784890.243764,775553,59028,1,HR,1,100,90.93
1752784890.923770,776233,59127,1,HR,1,100,90.33
1752784891.603776,776913,59246,1,HR,1,100,89.86
1752784892.283782,777593,59362,1,HR,1,100,89.50
1752784892.843787,778153,59451,1,HR,1,100,93.42
1752784893.536793,778846,59567,1,HR,1,100,92.27
1752784894.096798,779406,59650,1,HR,1,100,95.57
1752784894.696803,780006,59751,1,HR,1,100,96.56
1752784895.296808,780606,59850,1,HR,1,100,97.32
1752784895.936814,781246,59951,1,HR,1,100,96.53
1752784896.576820,781886,60069,1,HR,1,100,95.91
1752784897.295826,782605,60186,1,HR,1,100,93.12
1752784897.949832,783259,60290,1,HR,1,100,93.26
1752784898.549837,783859,60390,1,HR,1,100,94.76
1752784899.229843,784539,60491,1,HR,1,100,93.31
1752784899.909849,785219,60607,1,HR,1,100,92.18
1752784900.549855,785859,60706,1,HR,1,100,92.53
1752784901.188860,786498,60823,1,HR,1,100,92.80
1752784901.868866,787178,60923,1,HR,1,100,91.79
1752784902.482871,787792,61024,1,HR,1,100,93.61
1752784903.082877,788392,61130,1,HR,1,100,95.03
1752784903.762883,789072,61246,1,HR,1,100,93.52
1752784904.321888,789631,61330,1,HR,1,100,96.55
1752784904.961893,790271,61431,1,HR,1,100,95.93
1752784905.561899,790871,61530,1,HR,1,100,96.83
1752784906.241904,791551,61646,1,HR,1,100,94.92
1752784906.935911,792245,61765,1,HR,1,100,93.44
1752784907.574916,792884,61864,1,HR,1,100,93.51
1752784908.214922,793524,61970,1,HR,1,100,93.56
1752784908.895928,794205,62088,1,HR,1,100,92.38
1752784909.494933,794804,62187,1,HR,1,100,94.07
1752784910.094938,795404,62270,1,HR,1,100,95.39
1752784910.734944,796044,62386,1,HR,1,100,95.02
1752784911.307949,796617,62470,1,HR,1,100,97.72
1752784911.907954,797217,62573,1,HR,1,100,98.22
1752784912.507959,797817,62671,1,HR,1,100,98.62
1752784913.107965,798417,62772,1,HR,1,100,98.93
1752784913.747970,799057,62878,1,HR,1,100,97.78
1752784914.387976,799697,62977,1,HR,1,100,96.88
1752784915.067982,800377,63095,1,HR,1,100,94.96
1752784915.720988,801030,63194,1,HR,1,100,94.69
1752784916.440994,801750,63328,1,HR,1,100,92.17
1752784917.081000,802390,63429,1,HR,1,100,92.52
1752784917.761006,803070,63544,1,HR,1,100,91.57
1752784918.441012,803750,63650,1,HR,1,100,90.83
1752784919.041017,804350,63751,1,HR,1,100,92.87
1752784919.681022,804990,63850,1,HR,1,100,93.06
1752784920.254027,805563,63951,1,HR,1,100,96.19
1752784920.854033,806163,64050,1,HR,1,100,97.04
1752784921.494038,806803,64152,1,HR,1,100,96.31
1752784922.214045,807523,64269,1,HR,1,100,93.42
1752784922.894051,808203,64386,1,HR,1,100,92.27
1752784923.574057,808883,64490,1,HR,1,100,91.37
1752784924.214062,809523,64590,1,HR,1,100,91.90
1752784924.867068,810176,64707,1,HR,1,100,92.31
1752784925.587074,810896,64824,1,HR,1,100,90.32
1752784926.267080,811576,64940,1,HR,1,100,89.85
1752784926.867086,812176,65025,1,HR,1,100,92.11
1752784927.587092,812896,65158,1,HR,1,100,90.16
1752784928.187097,813496,65257,1,HR,1,100,92.35
1752784928.787102,814096,65348,1,HR,1,100,94.05
1752784929.360107,814669,65447,1,HR,1,100,96.96
1752784929.960113,815269,65531,1,HR,1,100,97.63
1752784930.480117,815789,96,1,HR,1,100,101.58
1752784931.040122,816349,178,1,HR,1,100,102.81
1752784931.680128,816989,281,1,HR,1,100,100.80
1752784932.280133,817589,381,1,HR,1,100,100.62
1752784932.840138,818149,481,1,HR,1,100,102.07
1752784933.480144,818789,581,1,HR,1,100,100.22
1752784934.133149,819442,701,1,HR,1,100,98.78
1752784934.733155,820042,801,1,HR,1,100,99.05
1752784935.333160,820642,885,1,HR,1,100,99.26
1752784935.933165,821242,986,1,HR,1,100,99.43
1752784936.533170,821842,1086,1,HR,1,100,99.55
1752784937.212176,822521,1204,1,HR,1,100,97.04
1752784937.932183,823241,1320,1,HR,1,100,93.99
1752784938.586188,823895,1421,1,HR,1,100,93.94
1752784939.226194,824535,1541,1,HR,1,100,93.90
1752784939.986201,825295,1657,1,HR,1,100,90.57
1752784940.625206,825934,1774,1,HR,1,100,91.28
1752784941.305212,826614,1873,1,HR,1,100,90.60
1752784941.905218,827214,1976,1,HR,1,100,92.69
1752784942.545223,827854,2074,1,HR,1,100,92.93
1752784943.119228,828428,2175,1,HR,1,100,96.09
1752784943.759234,829068,2275,1,HR,1,100,95.57
1752784944.399239,829708,2397,1,HR,1,100,95.16
1752784945.158246,830467,2512,1,HR,1,100,91.56
1752784945.878252,831187,2629,1,HR,1,100,89.73
1752784946.598259,831907,2748,1,HR,1,100,88.31
1752784947.358265,832667,2880,1,HR,1,100,86.23
1752784947.971271,833280,2979,1,HR,1,100,89.29
1752784948.611276,833920,3080,1,HR,1,100,90.28
1752784949.331283,834640,3202,1,HR,1,100,88.74
1752784949.811287,835120,3284,1,HR,1,100,96.80
1752784950.451293,835760,3385,1,HR,1,100,96.12
1752784951.091298,836400,3501,1,HR,1,100,95.59
1752784951.731304,837040,3604,1,HR,1,100,95.18
1752784952.504311,837813,3737,1,HR,1,100,91.57
1752784953.184317,838493,3835,1,HR,1,100,90.83
1752784953.944323,839253,3968,1,HR,1,100,88.19
1752784954.584329,839893,4074,1,HR,1,100,89.43
1752784955.184334,840493,4175,1,HR,1,100,91.78
1752784955.864340,841173,4273,1,HR,1,100,90.99
1752784956.504346,841813,4393,1,HR,1,100,91.60
1752784957.157351,842466,4491,1,HR,1,100,92.08
1752784957.757357,843066,4592,1,HR,1,100,93.84
1752784958.317362,843626,4691,1,HR,1,100,96.80
1752784958.917367,844226,4776,1,HR,1,100,97.51
1752784959.557372,844866,4897,1,HR,1,100,96.67
1752784960.197378,845506,4997,1,HR,1,100,96.02
1752784960.837384,846146,5097,1,HR,1,100,95.52
1752784961.570390,846879,5232,1,HR,1,100,92.81
1752784962.210396,847519,5331,1,HR,1,100,93.02
1752784962.890402,848199,5449,1,HR,1,100,91.96
1752784963.650408,848959,5564,1,HR,1,100,89.07
1752784964.330414,849639,5685,1,HR,1,100,88.88
1752784964.970420,850279,5786,1,HR,1,100,89.96
1752784965.650426,850959,5901,1,HR,1,100,89.58
1752784966.303432,851612,6002,1,HR,1,100,90.51
1752784966.903437,852212,6103,1,HR,1,100,92.62
1752784967.583443,852892,6221,1,HR,1,100,91.64
1752784968.223449,853532,6320,1,HR,1,100,92.11
1752784968.863454,854172,6436,1,HR,1,100,92.47
1752784969.503460,854812,6541,1,HR,1,100,92.76
1752784970.143465,855452,6641,1,HR,1,100,92.98
1752784970.796471,856105,6757,1,HR,1,100,93.15
1752784971.316476,856625,6841,1,HR,1,100,98.09
1752784971.956481,857265,6942,1,HR,1,100,97.13
1752784972.556487,857865,7043,1,HR,1,100,97.77
1752784973.156492,858465,7141,1,HR,1,100,98.26
1752784973.835498,859144,7260,1,HR,1,100,96.03
1752784974.436503,859745,7343,1,HR,1,100,96.92
1752784975.089509,860398,7464,1,HR,1,100,96.21
1752784975.609513,860918,7548,1,HR,1,100,100.47
1752784976.249519,861558,7647,1,HR,1,100,98.98
1752784976.809524,862118,7749,1,HR,1,100,100.79
1752784977.408529,862717,7848,1,HR,1,100,100.62
1752784978.088535,863397,7949,1,HR,1,100,97.87
1752784978.688540,863997,8050,1,HR,1,100,98.34
1752784979.288546,864597,8149,1,HR,1,100,98.71
1752784979.862551,865171,8255,1,HR,1,100,100.58
1752784980.462556,865771,8353,1,HR,1,100,100.45
1752784981.102562,866411,8454,1,HR,1,100,98.96
1752784981.701567,867010,8555,1,HR,1,100,99.19
1752784982.221571,867530,8640,1,HR,1,100,102.79
1752784982.901577,868210,8757,1,HR,1,100,99.56
1752784983.501583,868810,8856,1,HR,1,100,99.66
1752784984.114588,869423,8956,1,HR,1,100,99.73
1752784984.714593,870023,9055,1,HR,1,100,99.79
1752784985.354599,870663,9161,1,HR,1,100,98.45
1752784985.994605,871303,9260,1,HR,1,100,97.40
1752784986.594610,871903,9363,1,HR,1,100,97.98
1752784987.234615,872543,9479,1,HR,1,100,97.04
1752784987.874621,873183,9580,1,HR,1,100,96.31
1752784988.487626,873796,9678,1,HR,1,100,97.13
1752784989.087632,874396,9779,1,HR,1,100,97.77
1752784989.727637,875036,9879,1,HR,1,100,96.87
1752784990.287642,875596,9984,1,HR,1,100,99.16
1752784991.047649,876356,10099,1,HR,1,100,94.67
1752784991.567653,876876,10186,1,HR,1,100,99.27
1752784992.167659,877476,10286,1,HR,1,100,99.43
1752784992.807664,878116,10402,1,HR,1,100,98.17
1752784993.460670,878769,10502,1,HR,1,100,97.19
1752784994.100676,879409,10601,1,HR,1,100,96.42
1752784994.740681,880049,10718,1,HR,1,100,95.83
1752784995.460688,880769,10839,1,HR,1,100,93.05
1752784996.060693,881369,10938,1,HR,1,100,94.60
1752784996.660698,881969,11041,1,HR,1,100,95.80
1752784997.340704,882649,11142,1,HR,1,100,94.12
1752784997.993710,883302,11258,1,HR,1,100,94.04
1752784998.633715,883942,11358,1,HR,1,100,93.97
1752784999.233721,884542,11458,1,HR,1,100,95.31
1752784999.833726,885142,11559,1,HR,1,100,96.35
1752785000.433731,885742,11647,1,HR,1,100,97.16
1752785001.033737,886342,11746,1,HR,1,100,97.79
1752785001.593741,886902,11849,1,HR,1,100,99.87
1752785002.206747,887515,11948,1,HR,1,100,99.90
1752785002.886753,888195,12066,1,HR,1,100,97.31
1752785003.486758,888795,12147,1,HR,1,100,97.91
1752785004.126764,889435,12265,1,HR,1,100,96.98
1752785004.766769,890075,12364,1,HR,1,100,96.26
1752785005.486776,890795,12486,1,HR,1,100,93.39
1752785006.166782,891475,12602,1,HR,1,100,92.24
1752785006.859788,892168,12720,1,HR,1,100,91.35
1752785007.499793,892808,12820,1,HR,1,100,91.89
1752785008.219800,893528,12937,1,HR,1,100,89.99
1752785008.619803,893928,13004,1,HR,1,100,103.32
1752785009.539811,894848,13153,1,HR,1,100,94.85
1752785010.059816,895368,13237,1,HR,1,100,99.42
1752785010.699821,896008,13343,1,HR,1,100,98.16
1752785011.352827,896661,13458,1,HR,1,100,97.18
1752785012.072833,897381,13576,1,HR,1,100,94.10
1752785012.712839,898021,13677,1,HR,1,100,94.02
1752785013.552846,898861,13826,1,HR,1,100,89.00
1752785014.032851,899341,13893,1,HR,1,100,97.00
1752785014.631856,899940,13992,1,HR,1,100,97.67
1752785015.231861,900540,14093,1,HR,1,100,98.19
1752785015.552864,900861,14149,1,HR,1,100,118.03
1752785016.605873,901914,14333,1,HR,1,100,104.62
1752785017.365880,902674,14449,1,HR,1,100,98.92
1752785017.805884,903114,14516,1,HR,1,100,107.24
1752785018.524890,903833,14649,1,HR,1,100,101.93
1752785019.084895,904393,14732,1,HR,1,100,103.09
1752785019.684900,904993,14831,1,HR,1,100,102.40
1752785020.258905,905567,14932,1,HR,1,100,103.45
1752785020.817910,906126,15021,1,HR,1,100,104.27
1752785021.537916,906846,15139,1,HR,1,100,99.62
1752785022.137922,907446,15239,1,HR,1,100,99.70
1752785022.817928,908126,15355,1,HR,1,100,97.16
1752785023.457933,908766,15456,1,HR,1,100,96.40
1752785024.097939,909406,15555,1,HR,1,100,95.81
1752785024.750945,910059,15670,1,HR,1,100,95.35
1752785025.430951,910739,15788,1,HR,1,100,93.77
1752785026.030956,911339,15877,1,HR,1,100,95.16
1752785026.590961,911899,15978,1,HR,1,100,97.82
1752785027.230966,912539,16079,1,HR,1,100,96.91
1752785027.790971,913099,16177,1,HR,1,100,99.19
1752785028.390977,913699,16278,1,HR,1,100,99.37
1752785028.990982,914299,16377,1,HR,1,100,99.51
1752785029.643988,914952,16478,1,HR,1,100,98.23
1752785030.283993,915592,16579,1,HR,1,100,97.23
1752785030.843998,916152,16683,1,HR,1,100,99.44
1752785031.444003,916752,16785,1,HR,1,100,99.56
1752785032.044009,917352,16884,1,HR,1,100,99.66
1752785032.644014,917952,16969,1,HR,1,100,99.73
1752785033.204019,918512,17070,1,HR,1,100,101.38
1752785033.804024,919112,17168,1,HR,1,100,101.07
1752785034.457030,919765,17222,1,HR,1,100,99.45
1752785035.057035,920365,17323,1,HR,1,100,99.57
1752785035.537039,920845,17405,1,HR,1,100,105.22
1752785036.097044,921405,17494,1,HR,1,100,105.65
1752785036.697050,922005,17597,1,HR,1,100,104.39
1752785037.297055,922605,17697,1,HR,1,100,103.42
1752785037.857060,923165,17779,1,HR,1,100,104.24
1752785038.470065,923778,17880,1,HR,1,100,103.30
1752785039.030070,924338,17979,1,HR,1,100,104.16
1752785039.550075,924858,18064,1,HR,1,100,106.65
1752785040.230081,925538,18181,1,HR,1,100,102.56
1752785040.830086,926138,18280,1,HR,1,100,101.99
1752785041.470091,926778,18385,1,HR,1,100,100.16
1752785042.070097,927378,18486,1,HR,1,100,100.12
1752785042.750103,928058,18604,1,HR,1,100,97.48
1752785043.363108,928671,18703,1,HR,1,100,98.04
1752785044.003114,929311,18804,1,HR,1,100,97.09
1752785044.723120,930031,18919,1,HR,1,100,94.03
1752785045.323125,930631,19020,1,HR,1,100,95.36
1752785045.963131,931271,19119,1,HR,1,100,95.00
1752785046.483135,931791,19208,1,HR,1,100,99.53
1752785047.123141,932431,19325,1,HR,1,100,98.25
1752785047.776147,933084,19426,1,HR,1,100,97.25
1752785048.416152,933724,19542,1,HR,1,100,96.47
1752785049.016158,934324,19626,1,HR,1,100,97.25
1752785049.656163,934964,19742,1,HR,1,100,96.48
1752785050.256169,935564,19843,1,HR,1,100,97.26
1752785050.895174,936203,19943,1,HR,1,100,96.48
1752785051.535180,936843,20050,1,HR,1,100,95.87
1752785052.229186,937537,20165,1,HR,1,100,94.18
1752785052.909192,938217,20283,1,HR,1,100,92.86
1752785053.549197,938857,20382,1,HR,1,100,93.05
1752785054.228203,939536,20499,1,HR,1,100,91.98
1752785054.829209,940137,20598,1,HR,1,100,93.76
1752785055.428214,940736,20698,1,HR,1,100,95.15
1752785056.028219,941336,20797,1,HR,1,100,96.23
1752785056.722225,942030,20905,1,HR,1,100,94.45
1752785057.362231,942670,21021,1,HR,1,100,94.30
1752785057.921236,943229,21105,1,HR,1,100,97.15
1752785058.601242,943909,21221,1,HR,1,100,95.17
1752785059.201247,944509,21322,1,HR,1,100,96.24
1752785059.881253,945189,21420,1,HR,1,100,94.46
1752785061.254265,946562,21652,1,HR,1,100,83.28
1752785061.774270,947082,21742,1,HR,1,100,90.41
1752785062.334275,947642,21841,1,HR,1,100,94.13
1752785062.894279,948202,21926,1,HR,1,100,97.02
1752785063.534285,948842,22043,1,HR,1,100,96.29
1752785064.054290,949362,22125,1,HR,1,100,100.54
1752785064.614295,949922,22209,1,HR,1,100,102.00
1752785065.174300,950482,22310,1,HR,1,100,103.15
1752785065.787305,951095,22408,1,HR,1,100,102.45
1752785066.347310,951655,22493,1,HR,1,100,103.49
1752785066.907315,952215,22601,1,HR,1,100,104.30
1752785067.507320,952815,22700,1,HR,1,100,103.35
1752785068.187326,953495,22800,1,HR,1,100,99.99
1752785068.867332,954175,22916,1,HR,1,100,97.38
1752785069.547338,954855,23034,1,HR,1,100,95.34
1752785070.280344,955588,23149,1,HR,1,100,92.68
1752785071.000351,956308,23265,1,HR,1,100,90.60
1752785071.680357,956988,23383,1,HR,1,100,90.07
1752785072.400363,957708,23505,1,HR,1,100,88.58
1752785072.960368,958268,23589,1,HR,1,100,92.70
1752785073.600373,958908,23705,1,HR,1,100,92.94
1752785074.200379,959508,23788,1,HR,1,100,94.51
1752785074.800384,960108,23888,1,HR,1,100,95.73
1752785075.453390,960761,24005,1,HR,1,100,95.29
1752785076.173396,961481,24121,1,HR,1,100,92.63
1752785076.733401,962041,24207,1,HR,1,100,95.86
1752785077.413407,962721,24327,1,HR,1,100,94.16
1752785078.013412,963321,24428,1,HR,1,100,95.46
1752785078.693418,964001,24544,1,HR,1,100,93.85
1752785079.293423,964601,24645,1,HR,1,100,95.22
1752785079.946429,965254,24744,1,HR,1,100,94.89
1752785080.506434,965814,24845,1,HR,1,100,97.62
1752785081.226440,966534,24960,1,HR,1,100,94.44
1752785081.866446,967174,25063,1,HR,1,100,94.29
1752785082.506452,967814,25166,1,HR,1,100,94.17
1752785083.226458,968534,25285,1,HR,1,100,91.76
1752785084.026465,969334,25417,1,HR,1,100,88.04
1752785084.799472,970107,25549,1,HR,1,100,86.02
1752785085.399477,970707,25648,1,HR,1,100,89.12
1752785086.039483,971347,25749,1,HR,1,100,90.15
1752785086.719489,972027,25866,1,HR,1,100,89.73
1752785087.319494,972627,25972,1,HR,1,100,92.01
1752785088.078501,973386,26088,1,HR,1,100,89.11
1752785088.638505,973946,26189,1,HR,1,100,93.11
1752785089.172510,974480,26273,1,HR,1,100,98.06
1752785089.812516,975120,26371,1,HR,1,100,97.11
1752785090.492522,975800,26490,1,HR,1,100,95.13
1752785091.131527,976439,26588,1,HR,1,100,94.83
1752785091.851534,977159,26705,1,HR,1,100,92.27
1752785092.491539,977799,26829,1,HR,1,100,92.60
1752785093.211546,978519,26944,1,HR,1,100,90.54
1752785093.825551,979133,27045,1,HR,1,100,92.64
1752785094.465557,979773,27143,1,HR,1,100,92.89
1752785095.064562,980372,27244,1,HR,1,100,94.47
1752785095.744568,981052,27360,1,HR,1,100,93.08
1752785096.344573,981652,27461,1,HR,1,100,94.62
1752785097.024579,982332,27562,1,HR,1,100,93.20
1752785097.664585,982972,27683,1,HR,1,100,93.32
1752785098.317590,983625,27783,1,HR,1,100,93.42
1752785099.037597,984345,27899,1,HR,1,100,91.18
1752785099.597602,984905,28000,1,HR,1,100,94.73
1752785100.197607,985505,28101,1,HR,1,100,95.90
1752785100.757612,986065,28182,1,HR,1,100,98.40
1752785101.397617,986705,28283,1,HR,1,100,97.36
1752785102.037623,987345,28401,1,HR,1,100,96.56
1752785102.677629,987985,28507,1,HR,1,100,95.94
1752785103.370635,988678,28622,1,HR,1,100,94.22
1752785103.930640,989238,28707,1,HR,1,100,97.10
1752785104.650646,989958,28839,1,HR,1,100,94.04
1752785105.290652,990598,28940,1,HR,1,100,93.97
1752785105.970658,991278,29055,1,HR,1,100,92.70
1752785106.490662,991798,29142,1,HR,1,100,97.74
1752785107.130668,992438,29240,1,HR,1,100,96.85
1752785107.743673,993051,29328,1,HR,1,100,97.55
1752785108.343678,993651,29429,1,HR,1,100,98.10
1752785108.943684,994251,29530,1,HR,1,100,98.52
1752785109.543689,994851,29629,1,HR,1,100,98.85
1752785110.143694,995451,29729,1,HR,1,100,99.10
1752785110.743699,996051,29829,1,HR,1,100,99.30
1752785111.343705,996651,29929,1,HR,1,100,99.46
1752785112.036711,997344,30046,1,HR,1,100,96.96
1752785112.676716,997984,30147,1,HR,1,100,96.25
1752785113.316722,998624,30255,1,HR,1,100,95.69
1752785113.996728,999304,30371,1,HR,1,100,94.04
1752785114.636734,999944,30470,1,HR,1,100,93.97
1752785115.276739,1000584,30571,1,HR,1,100,93.92
1752785115.876745,1001184,30672,1,HR,1,100,95.27
1752785116.529750,1001837,30789,1,HR,1,100,94.94
1752785117.169756,1002477,30887,1,HR,1,100,94.67
1752785117.769761,1003077,30988,1,HR,1,100,95.86
1752785118.369766,1003677,31094,1,HR,1,100,96.78
1752785118.969772,1004277,31193,1,HR,1,100,97.49
1752785119.609777,1004917,31294,1,HR,1,100,96.66
1752785120.169782,1005477,31393,1,HR,1,100,98.99
1752785120.769787,1006077,31493,1,HR,1,100,99.21
1752785121.462794,1006770,31592,1,HR,1,100,96.77
1752785122.062799,1007370,31695,1,HR,1,100,97.49
1752785122.702804,1008010,31811,1,HR,1,100,96.66
1752785123.342810,1008650,31917,1,HR,1,100,96.01
1752785123.942815,1009250,32016,1,HR,1,100,96.90
1752785124.541821,1009849,32117,1,HR,1,100,97.59
1752785125.181826,1010489,32218,1,HR,1,100,96.74
1752785125.781831,1011089,32316,1,HR,1,100,97.46
1752785126.435837,1011743,32417,1,HR,1,100,96.64
1752785127.035842,1012343,32518,1,HR,1,100,97.38
1752785127.595847,1012903,32619,1,HR,1,100,99.55
1752785128.194853,1013502,32723,1,HR,1,100,99.65
1752785128.755858,1014063,32806,1,HR,1,100,101.32
1752785129.394863,1014702,32923,1,HR,1,100,99.64
1752785129.994868,1015302,33023,1,HR,1,100,99.72
1752785130.567874,1015875,33107,1,HR,1,100,101.37
1752785131.167879,1016475,33205,1,HR,1,100,101.06
1752785131.847885,1017155,33326,1,HR,1,100,98.21
1752785132.407890,1017715,33409,1,HR,1,100,100.20
1752785133.007895,1018315,33508,1,HR,1,100,100.15
1752785133.647901,1018955,33613,1,HR,1,100,98.73
1752785134.247906,1019555,33714,1,HR,1,100,99.01
1752785134.807911,1020115,33813,1,HR,1,100,100.82
1752785135.460916,1020768,33913,1,HR,1,100,99.25
1752785136.220923,1021528,34046,1,HR,1,100,94.74
1752785136.780928,1022088,34132,1,HR,1,100,97.49
1752785137.420934,1022728,34231,1,HR,1,100,96.66
1752785138.020939,1023328,34332,1,HR,1,100,97.40
1752785138.660945,1023968,34438,1,HR,1,100,96.59
1752785139.300950,1024608,34537,1,HR,1,100,95.96
1752785139.913956,1025221,34638,1,HR,1,100,96.86
1752785140.553961,1025861,34753,1,HR,1,100,96.17
1752785141.193967,1026501,34854,1,HR,1,100,95.63
1752785141.833972,1027141,34954,1,HR,1,100,95.21
1752785142.393977,1027701,35055,1,HR,1,100,97.86
1752785143.033983,1028341,35154,1,HR,1,100,96.95
1752785143.633988,1028941,35260,1,HR,1,100,97.63
1752785144.366995,1029674,35378,1,HR,1,100,94.45
1752785144.967000,1030274,35477,1,HR,1,100,95.68
1752785145.647006,1030954,35593,1,HR,1,100,94.03
1752785146.207011,1031514,35677,1,HR,1,100,96.94
1752785146.807016,1032114,35779,1,HR,1,100,97.62
1752785147.487022,1032794,35895,1,HR,1,100,95.54
1752785148.127028,1033434,35995,1,HR,1,100,95.14
1752785148.700033,1034007,36085,1,HR,1,100,97.81
1752785149.420039,1034727,36200,1,HR,1,100,94.59
1752785150.060045,1035367,36318,1,HR,1,100,94.40
1752785150.780051,1036087,36433,1,HR,1,100,91.94
1752785151.380056,1036687,36533,1,HR,1,100,93.73
1752785152.140063,1037447,36652,1,HR,1,100,90.45
1752785152.740068,1038047,36751,1,HR,1,100,92.57
1752785153.393074,1038700,36852,1,HR,1,100,92.83
1752785154.113080,1039420,36974,1,HR,1,100,90.72
1752785154.753086,1040060,37073,1,HR,1,100,91.39
1752785155.353091,1040660,37174,1,HR,1,100,93.31
1752785155.953096,1041260,37273,1,HR,1,100,94.79
1752785156.593102,1041900,37393,1,HR,1,100,94.56
1752785157.193107,1042500,37474,1,HR,1,100,95.77
1752785157.846113,1043153,37593,1,HR,1,100,95.32
1752785158.486119,1043793,37691,1,HR,1,100,94.97
1752785159.206125,1044513,37813,1,HR,1,100,92.39
1752785159.886131,1045193,37929,1,HR,1,100,91.46
1752785160.565137,1045872,38030,1,HR,1,100,90.75
1752785161.245143,1046552,38145,1,HR,1,100,90.19
1752785161.925149,1047232,38265,1,HR,1,100,89.75
1752785162.579154,1047886,38364,1,HR,1,100,90.64
1752785163.259160,1048566,38479,1,HR,1,100,90.11
1752785163.899166,1049206,38580,1,HR,1,100,90.92
1752785164.539172,1049846,38686,1,HR,1,100,91.55
1752785165.098177,1050405,38770,1,HR,1,100,95.01
1752785165.778183,1051085,38885,1,HR,1,100,93.51
1752785166.378188,1051685,38986,1,HR,1,100,94.95
1752785167.031194,1052338,39087,1,HR,1,100,94.68
1752785167.671199,1052978,39205,1,HR,1,100,94.48
1752785168.271204,1053578,39304,1,HR,1,100,95.70
1752785168.951210,1054258,39405,1,HR,1,100,94.04
1752785169.591216,1054898,39511,1,HR,1,100,93.98
1752785170.191221,1055498,39610,1,HR,1,100,95.32
1752785170.831227,1056138,39710,1,HR,1,100,94.97
1752785171.484233,1056791,39827,1,HR,1,100,94.70
1752785172.044238,1057351,39912,1,HR,1,100,97.46
1752785172.644243,1057951,40011,1,HR,1,100,98.03
1752785173.284248,1058591,40128,1,HR,1,100,97.08
1752785173.804253,1059111,40210,1,HR,1,100,101.15
1752785174.444259,1059751,40315,1,HR,1,100,99.50
1752785175.004264,1060311,40399,1,HR,1,100,101.20
1752785175.604269,1060911,40500,1,HR,1,100,100.93
1752785176.217274,1061524,40599,1,HR,1,100,100.73
1752785176.817279,1062124,40701,1,HR,1,100,100.56
1752785177.417285,1062724,40800,1,HR,1,100,100.44
1752785178.017290,1063324,40901,1,HR,1,100,100.34
1752785178.657296,1063964,41002,1,HR,1,100,98.88
1752785179.217301,1064524,41101,1,HR,1,100,100.71
1752785179.817306,1065124,41190,1,HR,1,100,100.56
1752785180.377311,1065684,41291,1,HR,1,100,102.02
1752785180.990316,1066297,41392,1,HR,1,100,101.57
1752785181.590321,1066897,41476,1,HR,1,100,101.22
1752785182.230327,1067537,41594,1,HR,1,100,99.56
1752785182.830332,1068137,41693,1,HR,1,100,99.66
1752785183.470338,1068777,41793,1,HR,1,100,98.35
1752785184.150344,1069457,41909,1,HR,1,100,96.10
1752785184.670348,1069977,41982,1,HR,1,100,100.38
1752785185.323354,1070630,42098,1,HR,1,100,98.91
1752785185.923359,1071230,42199,1,HR,1,100,99.15
1752785186.523365,1071830,42300,1,HR,1,100,99.34
1752785187.083370,1072390,42383,1,HR,1,100,101.07
1752785187.683375,1072990,42483,1,HR,1,100,100.84
1752785188.323380,1073630,42583,1,HR,1,100,99.26
1752785189.003386,1074310,42699,1,HR,1,100,96.81
1752785189.602392,1074909,42805,1,HR,1,100,97.52
1752785190.216397,1075523,42906,1,HR,1,100,98.07
1752785190.816402,1076123,42989,1,HR,1,100,98.50
1752785191.456408,1076763,43107,1,HR,1,100,97.44
1752785192.016413,1077323,43191,1,HR,1,100,99.60
1752785192.576418,1077883,43290,1,HR,1,100,101.28
1752785193.216423,1078523,43391,1,HR,1,100,99.60
1752785193.816429,1079123,43489,1,HR,1,100,99.69
1752785194.509435,1079816,43608,1,HR,1,100,97.15
1752785195.109440,1080416,43696,1,HR,1,100,97.78
1752785195.749446,1081056,43812,1,HR,1,100,96.88
1752785196.429452,1081736,43913,1,HR,1,100,94.96
1752785197.029457,1082336,44014,1,HR,1,100,96.08
1752785197.588462,1082895,44115,1,HR,1,100,98.54
1752785198.228467,1083535,44215,1,HR,1,100,97.48
1752785198.828473,1084135,44315,1,HR,1,100,98.04
1752785199.442478,1084749,44415,1,HR,1,100,98.47
1752785199.962483,1085269,44504,1,HR,1,100,102.23
1752785200.602488,1085909,44603,1,HR,1,100,100.35
1752785201.161493,1086468,44704,1,HR,1,100,101.86
1752785201.841499,1087148,44805,1,HR,1,100,98.83
1752785202.561505,1087868,44923,1,HR,1,100,95.39
1752785203.241511,1088548,45038,1,HR,1,100,93.80
1752785203.815516,1089122,45139,1,HR,1,100,96.76
1752785204.454522,1089761,45237,1,HR,1,100,96.09
1752785205.015527,1090322,45327,1,HR,1,100,98.55
1752785205.654533,1090961,45428,1,HR,1,100,97.48
1752785206.334539,1091641,45543,1,HR,1,100,95.43
1752785206.894543,1092201,45646,1,HR,1,100,98.03
1752785207.454548,1092761,45730,1,HR,1,100,100.06
1752785207.974553,1093281,45812,1,HR,1,100,103.46
1752785208.627559,1093934,45930,1,HR,1,100,101.30
1752785209.187564,1094494,46014,1,HR,1,100,102.60
1752785209.827569,1095134,46130,1,HR,1,100,100.63
1752785210.387574,1095694,46216,1,HR,1,100,102.08
1752785210.947579,1096254,46301,1,HR,1,100,103.21
1752785211.547584,1096854,46402,1,HR,1,100,102.49
1752785212.107589,1097414,46502,1,HR,1,100,103.53
1752785212.720595,1098027,46603,1,HR,1,100,102.74
1752785213.320600,1098627,46685,1,HR,1,100,102.13
1752785213.880605,1099187,46786,1,HR,1,100,103.25
1752785214.480610,1099787,46887,1,HR,1,100,102.53
1752785215.040615,1100347,46969,1,HR,1,100,103.55
1752785215.680621,1100987,47075,1,HR,1,100,101.37
1752785216.280626,1101587,47176,1,HR,1,100,101.07
1752785216.920631,1102227,47277,1,HR,1,100,99.44
1752785217.493636,1102800,47377,1,HR,1,100,101.15
1752785218.133642,1103440,47477,1,HR,1,100,99.51
1752785218.733647,1104040,47577,1,HR,1,100,99.62
1752785219.333653,1104640,47678,1,HR,1,100,99.70
1752785219.853657,1105160,47759,1,HR,1,100,103.19
1752785220.493663,1105800,47865,1,HR,1,100,101.09
1752785221.053668,1106360,47966,1,HR,1,100,102.44
1752785221.706673,1107013,48067,1,HR,1,100,100.51
1752785222.226678,1107533,48152,1,HR,1,100,103.81
1752785222.866684,1108173,48269,1,HR,1,100,101.58
1752785223.506689,1108813,48368,1,HR,1,100,99.84
1752785224.186695,1109493,48485,1,HR,1,100,97.26
1752785224.866701,1110173,48585,1,HR,1,100,95.25
1752785225.546707,1110853,48707,1,HR,1,100,93.69
1752785226.319714,1111626,48823,1,HR,1,100,90.42
1752785226.999720,1112306,48940,1,HR,1,100,89.93
1752785227.679726,1112986,49058,1,HR,1,100,89.55
1752785228.359732,1113666,49157,1,HR,1,100,89.26
1752785228.999737,1114306,49274,1,HR,1,100,90.26
1752785229.679743,1114986,49373,1,HR,1,100,89.81
1752785230.279749,1115586,49474,1,HR,1,100,92.07
1752785230.932754,1116239,49580,1,HR,1,100,92.45
1752785231.492759,1116799,49681,1,HR,1,100,95.71
1752785232.132765,1117439,49781,1,HR,1,100,95.28
1752785232.772771,1118079,49880,1,HR,1,100,94.94
1752785233.372776,1118679,49981,1,HR,1,100,96.06
1752785234.051782,1119358,50097,1,HR,1,100,94.32
1752785234.651787,1119958,50198,1,HR,1,100,95.58
1752785235.265792,1120572,50297,1,HR,1,100,96.57
1752785235.985799,1121292,50402,1,HR,1,100,93.63
1752785236.465803,1121772,50485,1,HR,1,100,100.60
1752785237.065808,1122372,50588,1,HR,1,100,100.46
1752785237.704814,1123011,50687,1,HR,1,100,98.97
1752785238.305819,1123612,50788,1,HR,1,100,99.20
1752785238.944825,1124251,50904,1,HR,1,100,97.99
1752785239.544830,1124851,50988,1,HR,1,100,98.44
1752785240.158835,1125465,51104,1,HR,1,100,98.78
1752785240.757841,1126064,51187,1,HR,1,100,99.05
1752785241.438847,1126745,51312,1,HR,1,100,96.65
1752785242.637857,1127944,51493,1,HR,1,100,86.28
1752785244.571874,1129878,51822,1,HR,1,100,74.05
1752785245.130879,1130437,51905,1,HR,1,100,81.41
1752785245.810885,1131117,52023,1,HR,1,100,82.92
1752785246.290889,1131597,52094,1,HR,1,100,92.27
1752785246.970895,1132277,52212,1,HR,1,100,91.38
1752785247.610901,1132917,52313,1,HR,1,100,91.90
1752785248.330907,1133637,52428,1,HR,1,100,90.00
1752785248.983913,1134290,52546,1,HR,1,100,90.83
1752785249.823920,1135130,52679,1,HR,1,100,86.52
1752785250.543927,1135850,52794,1,HR,1,100,85.81
1752785251.343934,1136650,52851,1,HR,1,100,83.41
1752785252.143941,1137450,52988,1,HR,1,100,81.54
1752785252.903947,1138210,53121,1,HR,1,100,80.96
1752785253.716954,1139023,53253,1,HR,1,100,79.64
1752785254.396960,1139703,53368,1,HR,1,100,81.55
1752785255.116967,1140423,53485,1,HR,1,100,81.95
1752785255.796973,1141103,53585,1,HR,1,100,83.34
1752785256.476979,1141783,53710,1,HR,1,100,84.43
1752785257.116984,1142423,53808,1,HR,1,100,86.50
1752785257.689989,1142996,53909,1,HR,1,100,91.09
1752785258.449996,1143756,54025,1,HR,1,100,88.39
1752785259.090002,1144396,54126,1,HR,1,100,89.58
1752785259.890009,1145196,54259,1,HR,1,100,86.34
1752785260.410013,1145716,54342,1,HR,1,100,92.80
1752785261.010018,1146316,54441,1,HR,1,100,94.40
1752785261.650024,1146956,54549,1,HR,1,100,94.25
1752785262.223029,1147529,54650,1,HR,1,100,97.12
1752785262.903035,1148209,54766,1,HR,1,100,95.14
1752785263.583041,1148889,54867,1,HR,1,100,93.61
1752785264.183046,1149489,54966,1,HR,1,100,95.03
1752785264.863052,1150169,55082,1,HR,1,100,93.52
1752785265.503058,1150809,55182,1,HR,1,100,93.57
1752785266.143064,1151449,55282,1,HR,1,100,93.61
1752785266.756069,1152062,55388,1,HR,1,100,95.03
1752785267.396075,1152702,55487,1,HR,1,100,94.75
1752785267.956079,1153262,55588,1,HR,1,100,97.50
1752785268.596085,1153902,55687,1,HR,1,100,96.67
1752785269.276091,1154582,55805,1,HR,1,100,94.79
1752785269.876096,1155182,55904,1,HR,1,100,95.95
1752785270.715104,1156021,56036,1,HR,1,100,90.50
1752785271.289109,1156595,56137,1,HR,1,100,94.20
1752785271.809113,1157115,56211,1,HR,1,100,98.91
1752785272.529120,1157835,56344,1,HR,1,100,95.45
1752785273.209126,1158515,56445,1,HR,1,100,93.84
1752785273.689130,1158995,56528,1,HR,1,100,100.77
1752785274.288135,1159594,56627,1,HR,1,100,100.60
1752785274.848140,1160154,56711,1,HR,1,100,102.05
1752785275.488146,1160794,56827,1,HR,1,100,100.21
1752785276.182152,1161488,56945,1,HR,1,100,97.55
1752785276.782157,1162088,57028,1,HR,1,100,98.09
1752785277.502163,1162808,57152,1,HR,1,100,94.81
1752785278.181169,1163487,57267,1,HR,1,100,93.35
1752785278.901175,1164207,57385,1,HR,1,100,91.12
1752785279.741183,1165047,57517,1,HR,1,100,86.75
1752785280.395189,1165701,57632,1,HR,1,100,88.30
1752785281.594199,1166900,57817,1,HR,1,100,79.79
1752785282.274205,1167580,57938,1,HR,1,100,81.67
1752785282.794210,1168100,58022,1,HR,1,100,89.16
1752785283.394215,1168700,58123,1,HR,1,100,91.57
1752785283.994220,1169300,58222,1,HR,1,100,93.44
1752785284.607226,1169913,58323,1,HR,1,100,94.90
1752785285.207231,1170513,58422,1,HR,1,100,96.03
1752785285.927237,1171233,58539,1,HR,1,100,93.21
1752785286.367241,1171673,58606,1,HR,1,100,102.80
1752785287.047247,1172353,58729,1,HR,1,100,99.56
1752785287.647252,1172953,58813,1,HR,1,100,99.66
1752785288.087256,1173393,58897,1,HR,1,100,107.82
1752785288.807262,1174113,59013,1,HR,1,100,102.38
1752785289.500269,1174806,59113,1,HR,1,100,99.23
1752785290.060273,1175366,59212,1,HR,1,100,100.99
1752785290.660279,1175966,59313,1,HR,1,100,100.77
1752785291.180283,1176486,59398,1,HR,1,100,104.02
1752785291.780289,1177086,59498,1,HR,1,100,103.13
1752785292.300293,1177606,59571,1,HR,1,100,105.85
1752785292.900298,1178206,59670,1,HR,1,100,104.55
1752785294.073309,1179379,59867,1,HR,1,100,92.81
1752785294.553313,1179859,59951,1,HR,1,100,99.96
1752785295.073317,1180379,60035,1,HR,1,100,103.39
1752785295.553322,1180859,60119,1,HR,1,100,108.19
1752785296.153327,1181459,60203,1,HR,1,100,106.37
1752785296.793333,1182099,60320,1,HR,1,100,103.57
1752785297.353337,1182659,60410,1,HR,1,100,104.36
1752785297.966343,1183272,60511,1,HR,1,100,103.39
1752785298.486347,1183792,60595,1,HR,1,100,106.06
1752785299.126353,1184432,60693,1,HR,1,100,103.32
1752785299.686358,1184992,60794,1,HR,1,100,104.17
1752785300.246363,1185552,60878,1,HR,1,100,104.83
1752785300.966369,1186272,60994,1,HR,1,100,100.05
1752785301.406373,1186712,61078,1,HR,1,100,108.12
1752785301.966378,1187272,61162,1,HR,1,100,107.91
1752785302.539383,1187845,61251,1,HR,1,100,107.74
1752785303.219389,1188525,61369,1,HR,1,100,103.40
1752785303.819394,1189125,61467,1,HR,1,100,102.65
1752785304.419399,1189725,61568,1,HR,1,100,102.06
1752785304.979404,1190285,61669,1,HR,1,100,103.19
1752785305.579410,1190885,61752,1,HR,1,100,102.48
1752785306.179415,1191485,61852,1,HR,1,100,101.93
1752785306.832421,1192138,61970,1,HR,1,100,100.11
1752785307.472426,1192778,62070,1,HR,1,100,98.70
1752785307.992431,1193298,62160,1,HR,1,100,102.41
1752785308.592436,1193898,62261,1,HR,1,100,101.87
1752785309.152441,1194458,62342,1,HR,1,100,103.04
1752785309.671446,1194977,62427,1,HR,1,100,105.79
1752785310.272451,1195578,62528,1,HR,1,100,104.50
1752785310.831456,1196137,62627,1,HR,1,100,105.09
1752785311.365460,1196671,62710,1,HR,1,100,107.38
1752785312.005466,1197311,62813,1,HR,1,100,104.35
1752785312.685472,1197991,62934,1,HR,1,100,100.77
1752785313.325478,1198631,63035,1,HR,1,100,99.21
1752785313.925483,1199231,63135,1,HR,1,100,99.38
1752785314.604489,1199910,63235,1,HR,1,100,96.91
1752785315.204494,1200510,63336,1,HR,1,100,97.59
1752785315.818500,1201124,63434,1,HR,1,100,98.13
1752785316.498506,1201804,63554,1,HR,1,100,95.93
1752785317.218512,1202524,63670,1,HR,1,100,93.13
1752785317.738516,1203044,63753,1,HR,1,100,98.08
1752785318.297521,1203603,63841,1,HR,1,100,100.09
1752785318.857526,1204163,63940,1,HR,1,100,101.66
1752785319.457531,1204763,64040,1,HR,1,100,101.29
1752785319.977536,1205283,64124,1,HR,1,100,104.42
1752785320.511541,1205817,64209,1,HR,1,100,106.86
1752785321.070546,1206376,64307,1,HR,1,100,106.92
1752785321.630551,1206936,64393,1,HR,1,100,106.97
1752785322.270556,1207576,64509,1,HR,1,100,104.03
1752785322.870561,1208176,64593,1,HR,1,100,103.14
1752785323.470567,1208776,64698,1,HR,1,100,102.44
1752785324.110572,1209416,64799,1,HR,1,100,100.51
1752785324.723578,1210029,64898,1,HR,1,100,100.40
1752785325.323583,1210629,64999,1,HR,1,100,100.31
1752785325.963589,1211269,65098,1,HR,1,100,98.85
1752785326.603594,1211909,65218,1,HR,1,100,97.72
1752785327.243600,1212549,65317,1,HR,1,100,96.84
1752785327.803605,1213109,65418,1,HR,1,100,99.13
1752785328.363610,1213669,65506,1,HR,1,100,100.91
1752785328.963615,1214269,69,1,HR,1,100,100.71
1752785329.496620,1214802,154,1,HR,1,100,103.97
1752785330.056625,1215362,237,1,HR,1,100,104.67
1752785330.576629,1215882,338,1,HR,1,100,107.05
1752785331.136634,1216442,420,1,HR,1,100,107.07
1752785331.776640,1217082,523,1,HR,1,100,104.11
1752785332.296644,1217602,607,1,HR,1,100,106.62
1752785332.896649,1218202,706,1,HR,1,100,105.15
1752785333.456654,1218762,811,1,HR,1,100,105.59
1752785333.989659,1219295,896,1,HR,1,100,107.77
1752785334.629665,1219935,995,1,HR,1,100,104.65
1752785335.069669,1220375,1078,1,HR,1,100,111.70
1752785335.589673,1220895,1163,1,HR,1,100,112.52
1752785336.189678,1221495,1263,1,HR,1,100,109.74
1752785336.829684,1222135,1365,1,HR,1,100,106.18
1752785337.469690,1222775,1465,1,HR,1,100,103.42
1752785338.069695,1223375,1564,1,HR,1,100,102.66
1752785338.682700,1223988,1670,1,HR,1,100,102.07
1752785339.242705,1224548,1769,1,HR,1,100,103.20
1752785339.882711,1225188,1870,1,HR,1,100,101.10
1752785340.522716,1225828,1985,1,HR,1,100,99.46
1752785341.042721,1226348,2069,1,HR,1,100,103.00
1752785341.682727,1226988,2172,1,HR,1,100,100.95
1752785342.242731,1227548,2271,1,HR,1,100,102.32
1752785342.775736,1228081,2354,1,HR,1,100,105.23
1752785343.375741,1228681,2459,1,HR,1,100,104.06
1752785343.895746,1229201,2543,1,HR,1,100,106.58
1752785344.455751,1229761,2626,1,HR,1,100,106.71
1752785345.055756,1230361,2727,1,HR,1,100,105.22
1752785345.655761,1230961,2826,1,HR,1,100,104.06
1752785346.215766,1231521,2927,1,HR,1,100,104.74
1752785346.895772,1232201,3028,1,HR,1,100,101.07
1752785347.508778,1232814,3128,1,HR,1,100,100.84
1752785348.148783,1233454,3245,1,HR,1,100,99.26
1752785348.708788,1234014,3333,1,HR,1,100,101.01
1752785349.348794,1234654,3434,1,HR,1,100,99.40
1752785349.948799,1235254,3533,1,HR,1,100,99.53
1752785350.628805,1235934,3651,1,HR,1,100,97.02
1752785351.187810,1236493,3750,1,HR,1,100,99.27
1752785351.801815,1237107,3853,1,HR,1,100,99.43
1752785352.361820,1237667,3936,1,HR,1,100,101.15
1752785352.961826,1238267,4035,1,HR,1,100,100.89
1752785353.481830,1238787,4119,1,HR,1,100,104.11
1752785354.080835,1239386,4225,1,HR,1,100,103.20
1752785354.680841,1239986,4324,1,HR,1,100,102.49
1752785355.280846,1240586,4425,1,HR,1,100,101.93
1752785355.920852,1241226,4524,1,HR,1,100,100.12
1752785356.574857,1241880,4627,1,HR,1,100,98.70
1752785357.174863,1242480,4725,1,HR,1,100,98.99
1752785357.773868,1243079,4826,1,HR,1,100,99.21
1752785358.373873,1243679,4927,1,HR,1,100,99.39
1752785358.933878,1244239,5031,1,HR,1,100,101.11
1752785359.493883,1244799,5114,1,HR,1,100,102.45
1752785360.053888,1245359,5214,1,HR,1,100,103.49
1752785360.693893,1245999,5314,1,HR,1,100,101.33
1752785361.346899,1246652,5430,1,HR,1,100,99.64
1752785361.986905,1247292,5533,1,HR,1,100,98.33
1752785362.626910,1247932,5634,1,HR,1,100,97.32
1752785363.306916,1248612,5749,1,HR,1,100,95.30
1752785364.026923,1249332,5870,1,HR,1,100,92.64
1752785364.626928,1249932,5971,1,HR,1,100,94.27
1752785365.319934,1250625,6086,1,HR,1,100,92.93
1752785365.959940,1251265,6187,1,HR,1,100,93.11
1752785366.679946,1251985,6305,1,HR,1,100,90.94
1752785367.159950,1252465,6389,1,HR,1,100,98.51
1752785367.919957,1253225,6505,1,HR,1,100,94.16
1752785368.519962,1253825,6606,1,HR,1,100,95.46
1752785369.039967,1254345,6692,1,HR,1,100,99.89
1752785369.692972,1254998,6810,1,HR,1,100,98.52
1752785370.332978,1255638,6909,1,HR,1,100,97.46
1752785371.012984,1256318,7026,1,HR,1,100,95.41
1752785371.692990,1256998,7127,1,HR,1,100,93.82
1752785372.252995,1257558,7228,1,HR,1,100,96.78
1752785372.973001,1258278,7344,1,HR,1,100,93.79
