LocalTimestamp,EmotiBitTimestamp,PacketNumber,DataLength,TypeTag,ProtocolVersion,DataReliability,BI
1752787774.881380,75845,10062,1,BI,1,100,720
1752787775.481385,76445,10084,1,BI,1,100,600
1752787776.161390,77125,10192,1,BI,1,100,680
1752787776.841396,77805,10309,1,BI,1,100,680
1752787777.521401,78485,10410,1,BI,1,100,680
1752787778.201407,79165,10528,1,BI,1,100,680
1752787778.841412,79805,10631,1,BI,1,100,640
1752787779.521418,80485,10748,1,BI,1,100,680
1752787780.134423,81098,10851,1,BI,1,100,600
1752787780.774428,81738,10950,1,BI,1,100,640
1752787781.454434,82418,11079,1,BI,1,100,680
1752787782.094439,83058,11178,1,BI,1,100,640
1752787782.734444,83698,11297,1,BI,1,100,640
1752787783.334449,84298,11398,1,BI,1,100,600
1752787783.894454,84858,11484,1,BI,1,100,560
1752787784.534459,85498,11585,1,BI,1,100,640
1752787785.187465,86151,11706,1,BI,1,100,640
1752787785.867470,86831,11826,1,BI,1,100,680
1752787786.547476,87511,11936,1,BI,1,100,680
1752787787.187481,88151,12053,1,BI,1,100,640
1752787787.866487,88830,12158,1,BI,1,100,680
1752787788.506492,89470,12274,1,BI,1,100,640
1752787789.186498,90150,12377,1,BI,1,100,680
1752787789.786503,90750,12480,1,BI,1,100,600
1752787790.440508,91404,12599,1,BI,1,100,640
1752787791.080513,92044,12706,1,BI,1,100,640
1752787791.719518,92683,12812,1,BI,1,100,640
1752787792.319523,93283,12914,1,BI,1,100,600
1752787792.919528,93883,13019,1,BI,1,100,600
1752787793.559534,94523,13122,1,BI,1,100,640
1752787794.239539,95203,13243,1,BI,1,100,680
1752787794.892545,95856,13363,1,BI,1,100,640
1752787795.572550,96536,13462,1,BI,1,100,680
1752787796.132555,97096,13565,1,BI,1,100,560
1752787796.772560,97736,13675,1,BI,1,100,640
1752787797.452566,98416,13793,1,BI,1,100,680
1752787798.052571,99016,13895,1,BI,1,100,600
1752787798.612575,99576,13981,1,BI,1,100,560
1752787799.132580,100096,14068,1,BI,1,100,520
1752787799.785585,100749,14185,1,BI,1,100,640
1752787800.305589,101269,14269,1,BI,1,100,520
1752787800.865594,101829,14355,1,BI,1,100,560
1752787801.385598,102349,14460,1,BI,1,100,520
1752787801.945603,102909,14531,1,BI,1,100,560
1752787802.505607,103469,14617,1,BI,1,100,560
1752787803.065612,104029,14720,1,BI,1,100,560
1752787803.625617,104589,14820,1,BI,1,100,560
1752787804.145621,105109,14909,1,BI,1,100,520
1752787804.838627,105802,15012,1,BI,1,100,680
1752787805.358631,106322,15113,1,BI,1,100,520
1752787806.038637,107002,15215,1,BI,1,100,680
1752787806.598641,107562,15319,1,BI,1,100,560
1752787807.238646,108202,15430,1,BI,1,100,640
1752787807.798651,108762,15531,1,BI,1,100,560
1752787808.358656,109322,15614,1,BI,1,100,560
1752787808.998661,109962,15719,1,BI,1,100,640
1752787809.611666,110575,15839,1,BI,1,100,600
1752787810.171671,111135,15923,1,BI,1,100,560
1752787810.811676,111775,16026,1,BI,1,100,640
1752787811.371681,112335,16129,1,BI,1,100,560
1752787812.011686,112975,16238,1,BI,1,100,640
1752787812.651691,113615,16341,1,BI,1,100,640
1752787813.291696,114255,16461,1,BI,1,100,640
1752787813.891701,114855,16564,1,BI,1,100,600
1752787814.504706,115468,16665,1,BI,1,100,600
1752787815.184712,116148,16768,1,BI,1,100,680
1752787815.824717,116788,16889,1,BI,1,100,640
1752787816.504723,117468,16990,1,BI,1,100,680
1752787817.184728,118148,17119,1,BI,1,100,680
1752787817.784733,118748,17220,1,BI,1,100,600
1752787818.383738,119347,17323,1,BI,1,100,600
1752787819.023744,119987,17423,1,BI,1,100,640
1752787819.637749,120601,17524,1,BI,1,100,600
1752787820.237754,121201,17625,1,BI,1,100,600
1752787820.837759,121801,17730,1,BI,1,100,600
1752787821.516764,122480,17849,1,BI,1,100,680
1752787822.237770,123201,17976,1,BI,1,100,720
1752787822.877775,123841,18079,1,BI,1,100,640
1752787823.476780,124440,18184,1,BI,1,100,600
1752787824.156786,125120,18301,1,BI,1,100,680
1752787824.849792,125813,18422,1,BI,1,100,680
1752787825.489797,126453,18526,1,BI,1,100,640
1752787826.129802,127093,18631,1,BI,1,100,640
1752787826.809808,127773,18750,1,BI,1,100,680
1752787827.449813,128413,18857,1,BI,1,100,640
1752787828.089818,129053,18982,1,BI,1,100,640
1752787828.649823,129613,19067,1,BI,1,100,560
1752787829.302828,130266,19185,1,BI,1,100,640
1752787829.902833,130866,19271,1,BI,1,100,600
1752787830.542839,131506,19391,1,BI,1,100,640
1752787831.102843,132066,19481,1,BI,1,100,560
1752787831.782849,132746,19599,1,BI,1,100,680
1752787832.382854,133346,19709,1,BI,1,100,600
1752787833.022859,133986,19809,1,BI,1,100,640
1752787833.622864,134586,19914,1,BI,1,100,600
1752787834.275869,135239,20033,1,BI,1,100,640
1752787834.915875,135879,20138,1,BI,1,100,640
1752787835.595880,136559,20256,1,BI,1,100,680
1752787836.195885,137159,20346,1,BI,1,100,600
1752787836.795890,137759,20449,1,BI,1,100,600
1752787837.475896,138439,20569,1,BI,1,100,680
1752787838.075901,139039,20675,1,BI,1,100,600
1752787838.715906,139679,20775,1,BI,1,100,640
1752787839.368911,140332,20895,1,BI,1,100,640
1752787839.928916,140892,20979,1,BI,1,100,560
1752787840.568921,141532,21097,1,BI,1,100,640
1752787841.168926,142132,21185,1,BI,1,100,600
1752787841.768931,142732,21290,1,BI,1,100,600
1752787842.328936,143292,21392,1,BI,1,100,560
1752787842.928941,143892,21504,1,BI,1,100,600
1752787843.568946,144532,21609,1,BI,1,100,640
1752787844.181951,145145,21712,1,BI,1,100,600
1752787844.741956,145705,21813,1,BI,1,100,560
1752787845.341961,146305,21916,1,BI,1,100,600
1752787845.981966,146945,22022,1,BI,1,100,640
1752787846.581971,147545,22123,1,BI,1,100,600
1752787847.221976,148185,22226,1,BI,1,100,640
1752787847.820981,148784,22336,1,BI,1,100,600
1752787848.381986,149345,22437,1,BI,1,100,560
1752787848.994991,149958,22540,1,BI,1,100,600
1752787849.634996,150598,22642,1,BI,1,100,640
1752787850.275001,151238,22745,1,BI,1,100,640
1752787850.875006,151838,22846,1,BI,1,100,600
1752787851.435011,152398,22951,1,BI,1,100,560
1752787852.074016,153037,23055,1,BI,1,100,640
1752787852.714021,153677,23157,1,BI,1,100,640
1752787853.328026,154291,23266,1,BI,1,100,600
1752787853.967032,154930,23385,1,BI,1,100,640
1752787854.568037,155531,23472,1,BI,1,100,600
1752787855.168042,156131,23577,1,BI,1,100,600
1752787855.807047,156770,23698,1,BI,1,100,640
1752787856.447052,157410,23803,1,BI,1,100,640
1752787857.087057,158050,23906,1,BI,1,100,640
1752787857.687062,158650,24006,1,BI,1,100,600
1752787858.301067,159264,24116,1,BI,1,100,600
1752787858.900072,159863,24216,1,BI,1,100,600
1752787859.540078,160503,24320,1,BI,1,100,640
1752787860.221083,161184,24408,1,BI,1,100,680
1752787860.900089,161863,24431,1,BI,1,100,680
1752787861.500094,162463,24433,1,BI,1,100,600
1752787862.193099,163156,24462,1,BI,1,100,680
1752787862.833105,163796,24464,1,BI,1,100,640
1752787863.473110,164436,24531,1,BI,1,100,640
1752787864.073115,165036,24634,1,BI,1,100,600
1752787864.633120,165596,24717,1,BI,1,100,560
1752787865.273125,166236,24837,1,BI,1,100,640
1752787865.953130,166916,24938,1,BI,1,100,680
1752787866.633136,167596,25061,1,BI,1,100,680
1752787867.353142,168316,25179,1,BI,1,100,720
1752787867.966147,168929,25284,1,BI,1,100,600
1752787868.566152,169529,25390,1,BI,1,100,600
1752787869.246158,170209,25507,1,BI,1,100,680
1752787869.886163,170849,25610,1,BI,1,100,640
1752787870.566168,171529,25732,1,BI,1,100,680
1752787871.166173,172129,25837,1,BI,1,100,600
1752787871.766178,172729,25939,1,BI,1,100,600
1752787872.419184,173382,26041,1,BI,1,100,640
1752787873.099189,174062,26158,1,BI,1,100,680
1752787873.779195,174742,26268,1,BI,1,100,680
1752787874.379200,175342,26369,1,BI,1,100,600
1752787874.979205,175942,26473,1,BI,1,100,600
1752787875.659210,176622,26593,1,BI,1,100,680
1752787876.259215,177222,26698,1,BI,1,100,600
1752787876.859220,177822,26803,1,BI,1,100,600
1752787877.432225,178395,26889,1,BI,1,100,560
1752787878.072230,179035,27011,1,BI,1,100,640
1752787878.752236,179715,27117,1,BI,1,100,680
1752787879.312241,180275,27219,1,BI,1,100,560
1752787879.912246,180875,27320,1,BI,1,100,600
1752787880.512250,181475,27425,1,BI,1,100,600
1752787881.191256,182154,27532,1,BI,1,100,680
1752787881.845261,182808,27649,1,BI,1,100,640
1752787882.485267,183448,27754,1,BI,1,100,640
1752787883.085272,184048,27857,1,BI,1,100,600
1752787883.725277,184688,27960,1,BI,1,100,640
1752787884.325282,185288,28067,1,BI,1,100,600
1752787885.004287,185967,28185,1,BI,1,100,680
1752787885.605292,186568,28290,1,BI,1,100,600
1752787886.164297,187127,28380,1,BI,1,100,560
1752787886.778302,187741,28498,1,BI,1,100,600
1752787887.377307,188340,28583,1,BI,1,100,600
1752787888.018312,188981,28702,1,BI,1,100,640
1752787888.618317,189581,28806,1,BI,1,100,600
1752787889.257323,190220,28912,1,BI,1,100,640
1752787889.817327,190780,28996,1,BI,1,100,560
1752787890.457332,191420,29115,1,BI,1,100,640
1752787891.057337,192020,29219,1,BI,1,100,600
1752787891.670342,192633,29326,1,BI,1,100,600
1752787892.310348,193273,29426,1,BI,1,100,640
1752787892.870352,193833,29527,1,BI,1,100,560
1752787893.430357,194393,29615,1,BI,1,100,560
1752787894.070362,195033,29719,1,BI,1,100,640
1752787894.710368,195673,29838,1,BI,1,100,640
1752787895.390373,196353,29942,1,BI,1,100,680
1752787895.990378,196953,30044,1,BI,1,100,600
1752787896.603383,197566,30149,1,BI,1,100,600
1752787897.203388,198166,30252,1,BI,1,100,600
1752787897.843393,198806,30371,1,BI,1,100,640
1752787898.483399,199446,30478,1,BI,1,100,640
1752787899.083404,200046,30579,1,BI,1,100,600
1752787899.683409,200646,30687,1,BI,1,100,600
1752787900.283413,201246,30789,1,BI,1,100,600
1752787900.843418,201806,30876,1,BI,1,100,560
1752787901.496423,202459,30993,1,BI,1,100,640
1752787902.136429,203099,31096,1,BI,1,100,640
1752787902.656433,203619,31184,1,BI,1,100,520
1752787903.256438,204219,31285,1,BI,1,100,600
1752787903.856443,204819,31386,1,BI,1,100,600
1752787904.496448,205459,31493,1,BI,1,100,640
1752787905.136453,206099,31595,1,BI,1,100,640
1752787905.749459,206712,31712,1,BI,1,100,600
1752787906.349463,207312,31800,1,BI,1,100,600
1752787906.869468,207832,31903,1,BI,1,100,520
1752787907.509473,208472,32004,1,BI,1,100,640
1752787908.069478,209032,32088,1,BI,1,100,560
1752787908.589482,209552,32190,1,BI,1,100,520
1752787909.149487,210112,32278,1,BI,1,100,560
1752787909.749491,210712,32385,1,BI,1,100,600
1752787910.402497,211365,32490,1,BI,1,100,640
1752787911.082502,212045,32609,1,BI,1,100,680
1752787911.722508,212685,32712,1,BI,1,100,640
1752787912.282512,213245,32812,1,BI,1,100,560
1752787912.922518,213885,32917,1,BI,1,100,640
1752787913.602523,214565,33037,1,BI,1,100,680
1752787914.242529,215205,33140,1,BI,1,100,640
1752787914.881534,215844,33250,1,BI,1,100,640
1752787915.495539,216458,33353,1,BI,1,100,600
1752787916.135544,217098,33460,1,BI,1,100,640
1752787916.735549,217698,33561,1,BI,1,100,600
1752787917.375554,218338,33662,1,BI,1,100,640
1752787918.055560,219018,33782,1,BI,1,100,680
1752787918.655565,219618,33886,1,BI,1,100,600
1752787919.214570,220177,33970,1,BI,1,100,560
1752787919.854575,220817,34080,1,BI,1,100,640
1752787920.468580,221431,34179,1,BI,1,100,600
1752787921.108585,222071,34286,1,BI,1,100,640
1752787921.747590,222710,34404,1,BI,1,100,640
1752787922.267595,223230,34489,1,BI,1,100,520
1752787922.867600,223830,34590,1,BI,1,100,600
1752787923.467605,224430,34693,1,BI,1,100,600
1752787924.107610,225070,34798,1,BI,1,100,640
1752787924.761615,225724,34901,1,BI,1,100,640
1752787925.281620,226244,34990,1,BI,1,100,520
1752787925.800624,226763,35076,1,BI,1,100,520
1752787926.480629,227443,35198,1,BI,1,100,680
1752787927.000634,227963,35279,1,BI,1,100,520
1752787927.600639,228563,35384,1,BI,1,100,600
1752787928.120643,229083,35469,1,BI,1,100,520
1752787928.720648,229683,35572,1,BI,1,100,600
1752787929.280652,230243,35657,1,BI,1,100,560
1752787929.853657,230816,35760,1,BI,1,100,560
1752787930.453662,231416,35853,1,BI,1,100,600
1752787931.053667,232016,35958,1,BI,1,100,600
1752787931.693672,232656,36075,1,BI,1,100,640
1752787932.253677,233216,36159,1,BI,1,100,560
1752787932.853682,233816,36258,1,BI,1,100,600
1752787933.493687,234456,36361,1,BI,1,100,640
1752787934.106692,235069,36464,1,BI,1,100,600
1752787934.706697,235669,36566,1,BI,1,100,600
1752787935.266702,236229,36659,1,BI,1,100,560
1752787935.906707,236869,36775,1,BI,1,100,640
1752787936.506712,237469,36880,1,BI,1,100,600
1752787937.146717,238109,36982,1,BI,1,100,640
1752787937.746722,238709,37086,1,BI,1,100,600
1752787938.346727,239309,37193,1,BI,1,100,600
1752787938.959732,239922,37293,1,BI,1,100,600
1752787939.559737,240522,37394,1,BI,1,100,600
1752787940.199743,241162,37500,1,BI,1,100,640
1752787940.839748,241802,37602,1,BI,1,100,640
1752787941.399752,242362,37688,1,BI,1,100,560
1752787942.039758,243002,37806,1,BI,1,100,640
1752787942.599762,243562,37891,1,BI,1,100,560
1752787943.292768,244255,38010,1,BI,1,100,680
1752787943.972774,244935,38128,1,BI,1,100,680
1752787944.612779,245575,38227,1,BI,1,100,640
1752787945.172784,246135,38332,1,BI,1,100,560
1752787945.852789,246815,38440,1,BI,1,100,680
1752787946.532795,247495,38560,1,BI,1,100,680
1752787947.172800,248135,38663,1,BI,1,100,640
1752787947.772805,248735,38764,1,BI,1,100,600
1752787948.385810,249348,38867,1,BI,1,100,600
1752787949.025815,249988,38972,1,BI,1,100,640
1752787949.665821,250628,39072,1,BI,1,100,640
1752787950.305826,251268,39191,1,BI,1,100,640
1752787950.865830,251828,39287,1,BI,1,100,560
1752787951.465835,252428,39392,1,BI,1,100,600
1752787952.104841,253067,39495,1,BI,1,100,640
1752787952.758846,253721,39596,1,BI,1,100,640
1752787953.398851,254361,39715,1,BI,1,100,640
1752787953.998856,254961,39820,1,BI,1,100,600
1752787954.597861,255560,39922,1,BI,1,100,600
1752787955.277867,256240,40025,1,BI,1,100,680
1752787955.918872,256881,40133,1,BI,1,100,640
1752787956.517877,257480,40240,1,BI,1,100,600
1752787957.117882,258080,40343,1,BI,1,100,600
1752787957.731887,258694,40446,1,BI,1,100,600
1752787958.370892,259333,40546,1,BI,1,100,640
1752787958.971897,259934,40649,1,BI,1,100,600
1752787959.570902,260533,40752,1,BI,1,100,600
1752787960.130907,261093,40853,1,BI,1,100,560
1752787960.810912,261773,40961,1,BI,1,100,680
1752787961.410917,262373,41064,1,BI,1,100,600
1752787962.064923,263027,41165,1,BI,1,100,640
1752787962.663928,263626,41267,1,BI,1,100,600
1752787963.303933,264266,41370,1,BI,1,100,640
1752787963.983939,264946,41492,1,BI,1,100,680
1752787964.623944,265586,41595,1,BI,1,100,640
1752787965.303949,266266,41716,1,BI,1,100,680
1752787965.903954,266866,41805,1,BI,1,100,600
1752787966.503959,267466,41910,1,BI,1,100,600
1752787967.196965,268159,42027,1,BI,1,100,680
1752787967.836970,268799,42145,1,BI,1,100,640
1752787968.516976,269479,42248,1,BI,1,100,680
1752787969.076981,270039,42349,1,BI,1,100,560
1752787969.676986,270639,42454,1,BI,1,100,600
1752787970.316991,271279,42554,1,BI,1,100,640
1752787970.956996,271919,42662,1,BI,1,100,640
1752787971.610001,272572,42769,1,BI,1,100,640
1752787972.170006,273132,42872,1,BI,1,100,560
1752787972.770011,273732,42977,1,BI,1,100,600
1752787973.450017,274412,43081,1,BI,1,100,680
1752787974.130022,275092,43201,1,BI,1,100,680
1752787974.730027,275692,43304,1,BI,1,100,600
1752787975.330032,276292,43406,1,BI,1,100,600
1752787976.023038,276985,43530,1,BI,1,100,680
1752787976.703043,277665,43635,1,BI,1,100,680
1752787977.423049,278385,43755,1,BI,1,100,720
1752787977.983054,278945,43857,1,BI,1,100,560
1752787978.623059,279585,43959,1,BI,1,100,640
1752787979.263065,280225,44062,1,BI,1,100,640
1752787979.903070,280865,44182,1,BI,1,100,640
1752787980.543075,281505,44285,1,BI,1,100,640
1752787981.116080,282078,44395,1,BI,1,100,560
1752787981.756085,282718,44483,1,BI,1,100,640
1752787982.356090,283318,44583,1,BI,1,100,600
1752787983.036096,283998,44706,1,BI,1,100,680
1752787983.676101,284638,44806,1,BI,1,100,640
1752787984.276106,285238,44911,1,BI,1,100,600
1752787984.876111,285838,45012,1,BI,1,100,600
1752787985.529116,286491,45133,1,BI,1,100,640
1752787986.169121,287131,45236,1,BI,1,100,640
1752787986.849127,287811,45344,1,BI,1,100,680
1752787987.409132,288371,45449,1,BI,1,100,560
1752787988.048137,289010,45550,1,BI,1,100,640
1752787988.728143,289690,45672,1,BI,1,100,680
1752787989.408148,290370,45773,1,BI,1,100,680
1752787990.022153,290984,45877,1,BI,1,100,600
1752787990.622158,291584,45978,1,BI,1,100,600
1752787991.262163,292224,46099,1,BI,1,100,640
1752787991.862168,292824,46191,1,BI,1,100,600
1752787992.501174,293463,46292,1,BI,1,100,640
1752787993.101179,294063,46395,1,BI,1,100,600
1752787993.661183,294623,46500,1,BI,1,100,560
1752787994.261188,295223,46602,1,BI,1,100,600
1752787994.915194,295877,46705,1,BI,1,100,640
1752787995.555199,296517,46806,1,BI,1,100,640
1752787996.114203,297076,46913,1,BI,1,100,560
1752787996.714208,297676,47001,1,BI,1,100,600
1752787997.354214,298316,47124,1,BI,1,100,640
1752787997.994219,298956,47228,1,BI,1,100,640
1752787998.634224,299596,47327,1,BI,1,100,640
1752787999.194229,300156,47430,1,BI,1,100,560
1752787999.807234,300769,47535,1,BI,1,100,600
1752788000.447239,301409,47636,1,BI,1,100,640
1752788001.087244,302049,47758,1,BI,1,100,640
1752788001.687249,302649,47852,1,BI,1,100,600
1752788002.247254,303209,47940,1,BI,1,100,560
1752788002.847259,303809,48043,1,BI,1,100,600
1752788003.447264,304409,48148,1,BI,1,100,600
1752788004.060269,305022,48249,1,BI,1,100,600
1752788004.700274,305662,48369,1,BI,1,100,640
1752788005.340279,306302,48472,1,BI,1,100,640
1752788005.940284,306902,48576,1,BI,1,100,600
1752788006.540289,307502,48679,1,BI,1,100,600
1752788007.180295,308142,48787,1,BI,1,100,640
1752788007.860300,308822,48892,1,BI,1,100,680
1752788008.460305,309422,48993,1,BI,1,100,600
1752788009.073310,310035,49096,1,BI,1,100,600
1752788009.673315,310635,49196,1,BI,1,100,600
1752788010.313320,311275,49299,1,BI,1,100,640
1752788010.913325,311875,49402,1,BI,1,100,600
1752788011.553331,312515,49521,1,BI,1,100,640
1752788012.113335,313075,49613,1,BI,1,100,560
1752788012.713340,313675,49716,1,BI,1,100,600
1752788013.286345,314248,49799,1,BI,1,100,560
1752788013.926350,314888,49921,1,BI,1,100,640
1752788014.566356,315528,50022,1,BI,1,100,640
1752788015.126360,316088,50108,1,BI,1,100,560
1752788015.766365,316728,50228,1,BI,1,100,640
1752788016.366370,317328,50335,1,BI,1,100,600
1752788017.006376,317968,50443,1,BI,1,100,640
1752788017.606381,318568,50528,1,BI,1,100,600
1752788018.219386,319181,50631,1,BI,1,100,600
1752788018.819391,319781,50734,1,BI,1,100,600
1752788019.459396,320421,50854,1,BI,1,100,640
1752788020.099401,321061,50957,1,BI,1,100,640
1752788020.699406,321661,51056,1,BI,1,100,600
1752788021.299411,322261,51158,1,BI,1,100,600
1752788021.858416,322820,51244,1,BI,1,100,560
1752788022.512421,323474,51352,1,BI,1,100,640
1752788023.112426,324074,51455,1,BI,1,100,600
1752788023.712431,324674,51558,1,BI,1,100,600
1752788024.272436,325234,51658,1,BI,1,100,560
1752788024.872441,325834,51761,1,BI,1,100,600
1752788025.471445,326433,51860,1,BI,1,100,600
1752788026.071450,327033,51949,1,BI,1,100,600
1752788026.711456,327673,52070,1,BI,1,100,640
1752788027.285460,328247,52159,1,BI,1,100,560
1752788027.885465,328847,52260,1,BI,1,100,600
1752788028.485470,329447,52363,1,BI,1,100,600
1752788029.124476,330086,52465,1,BI,1,100,640
1752788029.764481,330726,52565,1,BI,1,100,640
1752788030.364486,331326,52670,1,BI,1,100,600
1752788030.924490,331886,52774,1,BI,1,100,560
1752788031.564496,332526,52879,1,BI,1,100,640
1752788032.217501,333179,52978,1,BI,1,100,640
1752788032.817506,333779,53088,1,BI,1,100,600
1752788033.417511,334379,53191,1,BI,1,100,600
1752788034.017516,334979,53292,1,BI,1,100,600
1752788034.657521,335619,53396,1,BI,1,100,640
1752788035.257526,336219,53497,1,BI,1,100,600
1752788035.897531,336859,53598,1,BI,1,100,640
1752788036.511536,337473,53703,1,BI,1,100,600
1752788037.070541,338032,53804,1,BI,1,100,560
1752788037.710546,338672,53916,1,BI,1,100,640
1752788038.390552,339352,54017,1,BI,1,100,680
1752788039.030557,339992,54136,1,BI,1,100,640
1752788039.710563,340672,54237,1,BI,1,100,680
1752788040.270567,341232,54337,1,BI,1,100,560
1752788040.923573,341885,54442,1,BI,1,100,640
1752788041.563578,342525,54543,1,BI,1,100,640
1752788042.203583,343165,54663,1,BI,1,100,640
1752788042.763588,343725,54756,1,BI,1,100,560
1752788043.363593,344325,54857,1,BI,1,100,600
1752788043.923598,344885,54943,1,BI,1,100,560
1752788044.563603,345525,55060,1,BI,1,100,640
1752788045.163608,346125,55147,1,BI,1,100,600
1752788045.896614,346858,55282,1,BI,1,100,720
1752788046.496619,347458,55386,1,BI,1,100,600
1752788047.096624,348058,55491,1,BI,1,100,600
1752788047.736629,348698,55595,1,BI,1,100,640
1752788048.376634,349338,55698,1,BI,1,100,640
1752788049.016640,349978,55801,1,BI,1,100,640
1752788049.616644,350578,55901,1,BI,1,100,600
1752788050.229650,351191,56004,1,BI,1,100,600
1752788050.909655,351871,56119,1,BI,1,100,680
1752788051.509660,352471,56226,1,BI,1,100,600
1752788052.149665,353111,56327,1,BI,1,100,640
1752788052.789671,353751,56432,1,BI,1,100,640
1752788053.349675,354311,56526,1,BI,1,100,560
1752788053.949680,354911,56628,1,BI,1,100,600
1752788054.589685,355551,56727,1,BI,1,100,640
1752788055.242691,356204,56845,1,BI,1,100,640
1752788055.922696,356884,56964,1,BI,1,100,680
1752788056.522701,357484,57048,1,BI,1,100,600
1752788057.122706,358084,57147,1,BI,1,100,600
1752788057.801712,358763,57269,1,BI,1,100,680
1752788058.481718,359443,57375,1,BI,1,100,680
1752788059.161723,360123,57492,1,BI,1,100,680
1752788059.815729,360777,57591,1,BI,1,100,640
1752788060.455734,361417,57711,1,BI,1,100,640
1752788061.094739,362056,57816,1,BI,1,100,640
1752788061.734744,362696,57919,1,BI,1,100,640
1752788062.414750,363376,58038,1,BI,1,100,680
1752788063.014755,363976,58139,1,BI,1,100,600
1752788063.614760,364576,58227,1,BI,1,100,600
1752788064.268765,365230,58348,1,BI,1,100,640
1752788064.948771,365910,58449,1,BI,1,100,680
1752788065.587776,366549,58567,1,BI,1,100,640
1752788066.147781,367109,58638,1,BI,1,100,560
1752788066.747786,367709,58691,1,BI,1,100,600
1752788067.467792,368429,58809,1,BI,1,100,720
1752788067.987796,368949,58912,1,BI,1,100,520
1752788068.587801,369549,59001,1,BI,1,100,600
1752788069.160806,370122,59088,1,BI,1,100,560
1752788069.720810,370682,59108,1,BI,1,100,560
1752788070.320815,371282,59131,1,BI,1,100,600
1752788070.920820,371882,59186,1,BI,1,100,600
1752788071.520825,372482,59288,1,BI,1,100,600
1752788072.080830,373042,59374,1,BI,1,100,560
1752788072.680835,373642,59474,1,BI,1,100,600
1752788073.360840,374322,59595,1,BI,1,100,680
1752788073.973845,374935,59696,1,BI,1,100,600
1752788074.573850,375535,59800,1,BI,1,100,600
1752788075.213856,376175,59899,1,BI,1,100,640
1752788075.813860,376775,60000,1,BI,1,100,600
1752788076.453866,377415,60103,1,BI,1,100,640
1752788077.053871,378015,60204,1,BI,1,100,600
1752788077.613875,378575,60303,1,BI,1,100,560
1752788078.226880,379188,60403,1,BI,1,100,600
1752788078.866886,379828,60493,1,BI,1,100,640
1752788079.506891,380468,60613,1,BI,1,100,640
1752788080.226897,381188,60728,1,BI,1,100,720
1752788080.946903,381908,60844,1,BI,1,100,720
1752788081.626908,382588,60964,1,BI,1,100,680
1752788082.306914,383268,61062,1,BI,1,100,680
1752788082.959919,383921,61180,1,BI,1,100,640
1752788083.599925,384561,61286,1,BI,1,100,640
1752788084.199930,385161,61370,1,BI,1,100,600
1752788084.839935,385801,61489,1,BI,1,100,640
1752788085.439940,386401,61591,1,BI,1,100,600
1752788086.119945,387081,61694,1,BI,1,100,680
1752788086.759951,387721,61809,1,BI,1,100,640
1752788087.372956,388334,61910,1,BI,1,100,600
1752788088.012961,388974,62009,1,BI,1,100,640
1752788088.692967,389654,62134,1,BI,1,100,680
1752788089.372972,390334,62233,1,BI,1,100,680
1752788090.092978,391054,62350,1,BI,1,100,720
1752788090.652983,391614,62434,1,BI,1,100,560
1752788091.292988,392254,62551,1,BI,1,100,640
1752788091.945993,392907,62650,1,BI,1,100,640
1752788092.545998,393507,62751,1,BI,1,100,600
1752788093.146003,394107,62854,1,BI,1,100,600
1752788093.786009,394747,62953,1,BI,1,100,640
1752788094.386014,395347,63059,1,BI,1,100,600
1752788095.026019,395987,63162,1,BI,1,100,640
1752788095.665024,396626,63260,1,BI,1,100,640
1752788096.265029,397226,63363,1,BI,1,100,600
1752788096.919034,397880,63479,1,BI,1,100,640
1752788097.519039,398480,63582,1,BI,1,100,600
1752788098.118044,399079,63681,1,BI,1,100,600
1752788098.718049,399679,63765,1,BI,1,100,600
1752788099.318054,400279,63869,1,BI,1,100,600
1752788099.958059,400919,63970,1,BI,1,100,640
1752788100.518064,401479,64069,1,BI,1,100,560
1752788101.092069,402053,64156,1,BI,1,100,560
1752788101.731074,402692,64271,1,BI,1,100,640
1752788102.331079,403292,64374,1,BI,1,100,600
1752788102.971084,403932,64472,1,BI,1,100,640
1752788103.491089,404452,64557,1,BI,1,100,520
1752788104.091094,405052,64665,1,BI,1,100,600
1752788104.651098,405612,64748,1,BI,1,100,560
1752788105.251103,406212,64849,1,BI,1,100,600
1752788105.824108,406785,64932,1,BI,1,100,560
1752788106.464113,407425,65051,1,BI,1,100,640
1752788107.024118,407985,65134,1,BI,1,100,560
1752788107.584122,408545,65236,1,BI,1,100,560
1752788108.184127,409145,65339,1,BI,1,100,600
1752788108.824133,409785,65438,1,BI,1,100,640
1752788109.464138,410425,10,1,BI,1,100,640
1752788110.037143,410998,111,1,BI,1,100,560
1752788110.637148,411598,210,1,BI,1,100,600
1752788111.277153,412238,312,1,BI,1,100,640
1752788111.837157,412798,398,1,BI,1,100,560
1752788112.477163,413438,514,1,BI,1,100,640
1752788113.077168,414038,613,1,BI,1,100,600
1752788113.597172,414558,696,1,BI,1,100,520
1752788114.317178,415278,820,1,BI,1,100,720
1752788114.890183,415851,901,1,BI,1,100,560
1752788115.490188,416451,1002,1,BI,1,100,600
1752788116.090192,417051,1105,1,BI,1,100,600
1752788116.650197,417611,1204,1,BI,1,100,560
1752788117.290202,418251,1304,1,BI,1,100,640
1752788117.850207,418811,1403,1,BI,1,100,560
1752788118.490212,419451,1504,1,BI,1,100,640
1752788119.103217,420064,1605,1,BI,1,100,600
1752788119.703222,420664,1711,1,BI,1,100,600
1752788120.303227,421264,1812,1,BI,1,100,600
1752788120.903232,421864,1912,1,BI,1,100,600
1752788121.583238,422544,2017,1,BI,1,100,680
1752788122.103242,423064,2102,1,BI,1,100,520
1752788122.703247,423664,2201,1,BI,1,100,600
1752788123.343252,424304,2316,1,BI,1,100,640
1752788123.996258,424957,2416,1,BI,1,100,640
1752788124.596263,425557,2522,1,BI,1,100,600
1752788125.236268,426197,2621,1,BI,1,100,640
1752788125.836273,426797,2722,1,BI,1,100,600
1752788126.476278,427437,2823,1,BI,1,100,640
1752788127.116283,428077,2941,1,BI,1,100,640
1752788127.796289,428757,3040,1,BI,1,100,680
1752788128.489295,429450,3157,1,BI,1,100,680
1752788129.089300,430050,3256,1,BI,1,100,600
1752788129.729305,430690,3362,1,BI,1,100,640
1752788130.369310,431330,3478,1,BI,1,100,640
1752788130.969315,431930,3581,1,BI,1,100,600
1752788131.528320,432489,3662,1,BI,1,100,560
1752788132.128325,433089,3763,1,BI,1,100,600
1752788132.742330,433703,3864,1,BI,1,100,600
1752788133.342335,434303,3963,1,BI,1,100,600
1752788133.942340,434903,4063,1,BI,1,100,600
1752788134.582345,435543,4162,1,BI,1,100,640
1752788135.181350,436142,4268,1,BI,1,100,600
1752788135.781355,436742,4368,1,BI,1,100,600
1752788136.421360,437382,4470,1,BI,1,100,640
1752788137.061365,438022,4586,1,BI,1,100,640
1752788137.715371,438676,4687,1,BI,1,100,640
1752788138.274375,439235,4786,1,BI,1,100,560
1752788138.954381,439915,4886,1,BI,1,100,680
1752788139.554386,440515,4989,1,BI,1,100,600
1752788140.154391,441115,5093,1,BI,1,100,600
1752788140.754396,441715,5194,1,BI,1,100,600
1752788141.354401,442315,5295,1,BI,1,100,600
1752788141.967406,442928,5395,1,BI,1,100,600
1752788142.607411,443568,5495,1,BI,1,100,640
1752788143.247416,444208,5611,1,BI,1,100,640
1752788143.847421,444808,5696,1,BI,1,100,600
1752788144.407426,445368,5795,1,BI,1,100,560
1752788145.007431,445968,5901,1,BI,1,100,600
1752788145.687436,446648,6016,1,BI,1,100,680
1752788146.287441,447248,6102,1,BI,1,100,600
1752788146.900446,447861,6217,1,BI,1,100,600
1752788147.460451,448421,6302,1,BI,1,100,560
1752788148.100456,449061,6403,1,BI,1,100,640
1752788148.700461,449661,6504,1,BI,1,100,600
1752788149.340467,450301,6620,1,BI,1,100,640
1752788149.900471,450861,6703,1,BI,1,100,560
1752788150.500476,451461,6809,1,BI,1,100,600
1752788151.113481,452074,6912,1,BI,1,100,600
1752788151.753486,452714,7013,1,BI,1,100,640
1752788152.353491,453314,7114,1,BI,1,100,600
1752788152.953496,453914,7212,1,BI,1,100,600
1752788153.513501,454474,7313,1,BI,1,100,560
1752788154.113506,455074,7412,1,BI,1,100,600
1752788154.673511,455634,7496,1,BI,1,100,560
1752788155.273515,456234,7600,1,BI,1,100,600
1752788155.926521,456887,7703,1,BI,1,100,640
1752788156.486525,457447,7787,1,BI,1,100,560
1752788157.126531,458087,7886,1,BI,1,100,640
1752788157.726536,458687,7989,1,BI,1,100,600
1752788158.326541,459287,8087,1,BI,1,100,600
1752788158.966546,459927,8206,1,BI,1,100,640
1752788159.566551,460527,8304,1,BI,1,100,600
1752788160.179556,461140,8405,1,BI,1,100,600
1752788160.859562,461820,8511,1,BI,1,100,680
1752788161.459566,462420,8614,1,BI,1,100,600
1752788162.059571,463020,8713,1,BI,1,100,600
1752788162.619576,463580,8814,1,BI,1,100,560
1752788163.179581,464140,8897,1,BI,1,100,560
1752788163.819586,464780,8996,1,BI,1,100,640
1752788164.339590,465300,9097,1,BI,1,100,520
1752788164.952595,465913,9198,1,BI,1,100,600
1752788165.512600,466473,9285,1,BI,1,100,560
1752788166.032604,466993,9371,1,BI,1,100,520
1752788166.552608,467513,9455,1,BI,1,100,520
1752788167.152613,468113,9555,1,BI,1,100,600
1752788167.712618,468673,9655,1,BI,1,100,560
1752788168.272623,469233,9738,1,BI,1,100,560
1752788168.871628,469832,9837,1,BI,1,100,600
1752788169.445632,470406,9938,1,BI,1,100,560
1752788170.005637,470966,10022,1,BI,1,100,560
1752788170.565642,471526,10121,1,BI,1,100,560
1752788171.165646,472126,10229,1,BI,1,100,600
1752788171.764651,472725,10330,1,BI,1,100,600
1752788172.364656,473325,10429,1,BI,1,100,600
1752788172.924661,473885,10512,1,BI,1,100,560
1752788173.444665,474405,10601,1,BI,1,100,520
1752788174.138671,475099,10718,1,BI,1,100,680
1752788174.737676,475698,10823,1,BI,1,100,600
1752788175.377681,476338,10924,1,BI,1,100,640
1752788175.937686,476898,11035,1,BI,1,100,560
1752788176.497690,477458,11124,1,BI,1,100,560
1752788177.097695,478058,11227,1,BI,1,100,600
1752788177.777701,478738,11345,1,BI,1,100,680
1752788178.310705,479271,11432,1,BI,1,100,520
1752788178.871710,479832,11535,1,BI,1,100,560
1752788179.430715,480391,11619,1,BI,1,100,560
1752788180.030720,480991,11722,1,BI,1,100,600
1752788180.630725,481591,11828,1,BI,1,100,600
1752788181.190729,482151,11940,1,BI,1,100,560
1752788181.750734,482711,12027,1,BI,1,100,560
1752788182.310738,483271,12130,1,BI,1,100,560
1752788182.883743,483844,12214,1,BI,1,100,560
1752788183.443748,484404,12316,1,BI,1,100,560
1752788184.043753,485004,12419,1,BI,1,100,600
1752788184.563757,485524,12503,1,BI,1,100,520
1752788185.123762,486084,12591,1,BI,1,100,560
1752788185.683766,486644,12694,1,BI,1,100,560
1752788186.203770,487164,12787,1,BI,1,100,520
1752788186.843776,487804,12886,1,BI,1,100,640
1752788187.336780,488297,12969,1,BI,1,100,480
1752788187.896784,488857,13074,1,BI,1,100,560
1752788188.456789,489417,13159,1,BI,1,100,560
1752788188.936793,489897,13242,1,BI,1,100,480
1752788189.536798,490497,13345,1,BI,1,100,600
1752788190.056802,491017,13430,1,BI,1,100,520
1752788190.576807,491537,13511,1,BI,1,100,520
1752788191.136811,492097,13619,1,BI,1,100,560
1752788191.709816,492670,13704,1,BI,1,100,560
1752788192.189820,493150,13787,1,BI,1,100,480
1752788192.709824,493670,13870,1,BI,1,100,520
1752788193.269829,494230,13970,1,BI,1,100,560
1752788193.829833,494790,14054,1,BI,1,100,560
1752788194.389838,495350,14153,1,BI,1,100,560
1752788194.949843,495910,14237,1,BI,1,100,560
1752788195.509847,496470,14338,1,BI,1,100,560
1752788196.069852,497030,14422,1,BI,1,100,560
1752788196.642857,497603,14527,1,BI,1,100,560
1752788197.242861,498203,14628,1,BI,1,100,600
1752788197.842866,498803,14727,1,BI,1,100,600
1752788198.362871,499323,14812,1,BI,1,100,520
1752788198.962876,499923,14913,1,BI,1,100,600
1752788199.562881,500523,15011,1,BI,1,100,600
1752788200.122885,501083,15095,1,BI,1,100,560
1752788200.722890,501683,15194,1,BI,1,100,600
1752788201.335895,502296,15296,1,BI,1,100,600
1752788201.855899,502816,15386,1,BI,1,100,520
1752788202.455904,503416,15485,1,BI,1,100,600
1752788203.055909,504016,15586,1,BI,1,100,600
1752788203.655914,504616,15685,1,BI,1,100,600
1752788204.215919,505176,15785,1,BI,1,100,560
1752788204.775924,505736,15869,1,BI,1,100,560
1752788205.335928,506296,15968,1,BI,1,100,560
1752788205.948933,506909,16071,1,BI,1,100,600
1752788206.508938,507469,16160,1,BI,1,100,560
1752788207.108943,508069,16259,1,BI,1,100,600
1752788207.508946,508469,16326,1,BI,1,100,400
1752788208.747956,509708,16526,1,BI,1,100,1240
1752788209.307961,510268,16625,1,BI,1,100,560
1752788209.867966,510828,16708,1,BI,1,100,560
1752788210.481971,511442,16808,1,BI,1,100,600
1752788211.001975,511962,16893,1,BI,1,100,520
1752788211.561980,512522,16994,1,BI,1,100,560
1752788212.080984,513041,17083,1,BI,1,100,520
1752788212.680989,513641,17182,1,BI,1,100,600
1752788213.280994,514241,17282,1,BI,1,100,600
1752788213.800998,514761,17367,1,BI,1,100,520
1752788214.321002,515281,17448,1,BI,1,100,520
1752788214.975008,515935,17567,1,BI,1,100,640
1752788215.414011,516374,17634,1,BI,1,100,440
1752788216.094017,517054,17751,1,BI,1,100,680
1752788216.574021,517534,17818,1,BI,1,100,480
1752788217.094025,518054,17908,1,BI,1,100,520
1752788217.694030,518654,18007,1,BI,1,100,600
1752788218.214034,519174,18091,1,BI,1,100,520
1752788218.774039,519734,18175,1,BI,1,100,560
1752788219.308043,520268,18259,1,BI,1,100,520
1752788219.787047,520747,18341,1,BI,1,100,480
1752788220.467053,521427,18459,1,BI,1,100,680
1752788221.027058,521987,18545,1,BI,1,100,560
1752788221.507061,522467,18627,1,BI,1,100,480
1752788222.067066,523027,18735,1,BI,1,100,560
1752788222.627071,523587,18818,1,BI,1,100,560
1752788223.267076,524227,18917,1,BI,1,100,640
1752788223.920081,524880,19035,1,BI,1,100,640
1752788224.480086,525440,19117,1,BI,1,100,560
1752788225.040091,526000,19218,1,BI,1,100,560
1752788225.640096,526600,19319,1,BI,1,100,600
1752788226.240101,527200,19419,1,BI,1,100,600
1752788226.840105,527800,19520,1,BI,1,100,600
1752788227.440110,528400,19624,1,BI,1,100,600
1752788228.000115,528960,19709,1,BI,1,100,560
1752788228.613120,529573,19809,1,BI,1,100,600
1752788229.213125,530173,19908,1,BI,1,100,600
1752788229.853130,530813,20009,1,BI,1,100,640
1752788230.493136,531453,20124,1,BI,1,100,640
1752788231.093141,532053,20227,1,BI,1,100,600
1752788231.693145,532653,20309,1,BI,1,100,600
1752788232.333151,533293,20432,1,BI,1,100,640
1752788232.986156,533946,20530,1,BI,1,100,640
1752788233.546161,534506,20631,1,BI,1,100,560
1752788234.146166,535106,20731,1,BI,1,100,600
1752788234.706170,535666,20815,1,BI,1,100,560
1752788235.346176,536306,20915,1,BI,1,100,640
1752788235.866180,536826,21014,1,BI,1,100,520
1752788236.466185,537426,21100,1,BI,1,100,600
1752788236.959189,537919,21184,1,BI,1,100,480
1752788237.559194,538519,21290,1,BI,1,100,600
1752788238.079198,539039,21373,1,BI,1,100,520
1752788238.599202,539559,21456,1,BI,1,100,520
1752788239.239208,540199,21573,1,BI,1,100,640
1752788239.799212,540759,21656,1,BI,1,100,560
1752788240.399217,541359,21757,1,BI,1,100,600
1752788240.959222,541919,21858,1,BI,1,100,560
1752788241.572227,542532,21958,1,BI,1,100,600
1752788242.172232,543132,22059,1,BI,1,100,600
1752788242.812237,543772,22163,1,BI,1,100,640
1752788243.372242,544332,22264,1,BI,1,100,560
1752788244.012247,544972,22363,1,BI,1,100,640
1752788244.612252,545572,22463,1,BI,1,100,600
1752788245.171257,546131,22547,1,BI,1,100,560
1752788245.731261,546691,22646,1,BI,1,100,560
1752788246.345266,547305,22749,1,BI,1,100,600
1752788246.945271,547905,22847,1,BI,1,100,600
1752788247.545276,548505,22953,1,BI,1,100,600
1752788248.184281,549144,23054,1,BI,1,100,640
1752788248.864287,549824,23170,1,BI,1,100,680
1752788249.624293,550584,23285,1,BI,1,100,760
1752788250.264299,551224,23386,1,BI,1,100,640
1752788250.878304,551838,23485,1,BI,1,100,600
1752788251.557309,552517,23605,1,BI,1,100,680
1752788252.237315,553197,23720,1,BI,1,100,680
1752788252.957321,553917,23823,1,BI,1,100,720
1752788253.597326,554557,23924,1,BI,1,100,640
1752788254.797336,555757,24122,1,BI,1,100,1200
1752788255.370341,556330,24223,1,BI,1,100,560
1752788255.970346,556930,24324,1,BI,1,100,600
1752788256.730352,557690,24441,1,BI,1,100,760
1752788257.370357,558330,24540,1,BI,1,100,640
1752788257.970362,558930,24647,1,BI,1,100,600
1752788258.610367,559570,24763,1,BI,1,100,640
1752788259.210372,560170,24864,1,BI,1,100,600
1752788259.903378,560863,24963,1,BI,1,100,680
1752788260.503383,561463,25064,1,BI,1,100,600
1752788261.103388,562063,25165,1,BI,1,100,600
1752788261.663393,562623,25266,1,BI,1,100,560
1752788262.343398,563303,25381,1,BI,1,100,680
1752788262.903403,563863,25470,1,BI,1,100,560
1752788263.543408,564503,25571,1,BI,1,100,640
1752788264.116413,565076,25670,1,BI,1,100,560
1752788264.756418,565716,25771,1,BI,1,100,640
1752788265.276422,566236,25854,1,BI,1,100,520
1752788265.916428,566876,25953,1,BI,1,100,640
1752788266.516433,567476,26056,1,BI,1,100,600
1752788267.156438,568116,26172,1,BI,1,100,640
1752788267.716442,568676,26256,1,BI,1,100,560
1752788268.289447,569249,26359,1,BI,1,100,560
1752788268.929452,569889,26460,1,BI,1,100,640
1752788269.569458,570529,26561,1,BI,1,100,640
1752788270.209463,571169,26677,1,BI,1,100,640
1752788270.729467,571689,26761,1,BI,1,100,520
1752788271.329472,572289,26862,1,BI,1,100,600
1752788271.929477,572889,26962,1,BI,1,100,600
1752788272.529482,573489,27061,1,BI,1,100,600
1752788273.182487,574142,27167,1,BI,1,100,640
1752788273.782492,574742,27268,1,BI,1,100,600
1752788274.342497,575302,27367,1,BI,1,100,560
1752788274.902502,575862,27451,1,BI,1,100,560
1752788275.502507,576462,27551,1,BI,1,100,600
1752788276.182512,577142,27669,1,BI,1,100,680
1752788276.782517,577742,27768,1,BI,1,100,600
1752788277.355522,578315,27853,1,BI,1,100,560
1752788277.955527,578915,27953,1,BI,1,100,600
1752788278.515531,579475,28057,1,BI,1,100,560
1752788279.155537,580115,28158,1,BI,1,100,640
1752788279.795542,580755,28258,1,BI,1,100,640
1752788280.355547,581315,28358,1,BI,1,100,560
1752788280.915551,581875,28441,1,BI,1,100,560
1752788281.514556,582474,28542,1,BI,1,100,600
1752788282.208562,583168,28660,1,BI,1,100,680
1752788282.808567,583768,28759,1,BI,1,100,600
1752788283.408572,584368,28865,1,BI,1,100,600
1752788284.088577,585048,28964,1,BI,1,100,680
1752788284.608582,585568,29065,1,BI,1,100,520
1752788285.288587,586248,29165,1,BI,1,100,680
1752788285.927593,586887,29282,1,BI,1,100,640
1752788286.541598,587501,29381,1,BI,1,100,600
1752788287.141603,588101,29482,1,BI,1,100,600
1752788287.821608,588781,29583,1,BI,1,100,680
1752788288.460613,589420,29687,1,BI,1,100,640
1752788289.060618,590020,29788,1,BI,1,100,600
1752788289.660623,590620,29856,1,BI,1,100,600
1752788290.260628,591220,29940,1,BI,1,100,600
1752788290.900634,591860,30041,1,BI,1,100,640
1752788291.594639,592554,30159,1,BI,1,100,680
1752788292.273645,593233,30274,1,BI,1,100,680
1752788292.833649,593793,30359,1,BI,1,100,560
1752788293.433654,594393,30460,1,BI,1,100,600
1752788294.113660,595073,30584,1,BI,1,100,680
1752788294.713665,595673,30687,1,BI,1,100,600
1752788295.406671,596366,30805,1,BI,1,100,680
1752788295.926675,596886,30892,1,BI,1,100,520
1752788296.486680,597446,30979,1,BI,1,100,560
1752788297.126685,598086,31096,1,BI,1,100,640
1752788297.686689,598646,31183,1,BI,1,100,560
1752788298.286694,599246,31285,1,BI,1,100,600
1752788298.846699,599806,31393,1,BI,1,100,560
1752788299.446704,600406,31479,1,BI,1,100,600
1752788300.019709,600979,31584,1,BI,1,100,560
1752788300.659714,601619,31688,1,BI,1,100,640
1752788301.259719,602219,31795,1,BI,1,100,600
1752788301.819724,602779,31898,1,BI,1,100,560
1752788302.419728,603379,32003,1,BI,1,100,600
1752788303.019733,603979,32106,1,BI,1,100,600
1752788303.699739,604659,32209,1,BI,1,100,680
1752788304.259744,605219,32312,1,BI,1,100,560
1752788304.872749,605832,32413,1,BI,1,100,600
1752788305.472754,606432,32512,1,BI,1,100,600
1752788306.112759,607072,32615,1,BI,1,100,640
1752788306.752764,607712,32717,1,BI,1,100,640
1752788307.392769,608352,32834,1,BI,1,100,640
1752788307.992774,608952,32933,1,BI,1,100,600
1752788308.552779,609512,33016,1,BI,1,100,560
1752788309.165784,610125,33108,1,BI,1,100,600
1752788309.725789,610685,33207,1,BI,1,100,560
1752788310.325794,611285,33308,1,BI,1,100,600
1752788310.925799,611885,33392,1,BI,1,100,600
1752788311.525804,612485,33493,1,BI,1,100,600
1752788312.045808,613005,33577,1,BI,1,100,520
1752788312.645813,613605,33677,1,BI,1,100,600
1752788313.285818,614245,33794,1,BI,1,100,640
1752788313.938823,614898,33894,1,BI,1,100,640
1752788314.578829,615538,33998,1,BI,1,100,640
1752788315.098833,616058,34082,1,BI,1,100,520
1752788315.738838,616698,34183,1,BI,1,100,640
1752788316.338843,617298,34283,1,BI,1,100,600
1752788316.978849,617938,34401,1,BI,1,100,640
1752788317.538853,618498,34485,1,BI,1,100,560
1752788318.098858,619058,34584,1,BI,1,100,560
1752788318.671862,619631,34667,1,BI,1,100,560
1752788319.311868,620271,34773,1,BI,1,100,640
1752788319.911873,620871,34872,1,BI,1,100,600
1752788320.511878,621471,34973,1,BI,1,100,600
1752788321.071882,622031,35060,1,BI,1,100,560
1752788321.710888,622670,35175,1,BI,1,100,640
1752788322.231892,623191,35259,1,BI,1,100,520
1752788322.884897,623844,35360,1,BI,1,100,640
1752788323.404901,624364,35442,1,BI,1,100,520
1752788324.004906,624964,35542,1,BI,1,100,600
1752788324.524911,625484,35632,1,BI,1,100,520
1752788325.083915,626043,35716,1,BI,1,100,560
1752788325.643920,626603,35817,1,BI,1,100,560
1752788326.163924,627123,35901,1,BI,1,100,520
1752788326.683929,627643,35985,1,BI,1,100,520
1752788327.203933,628163,36069,1,BI,1,100,520
1752788327.777938,628737,36170,1,BI,1,100,560
1752788328.376942,629336,36269,1,BI,1,100,600
1752788328.977947,629937,36370,1,BI,1,100,600
1752788329.496952,630456,36442,1,BI,1,100,520
1752788330.056956,631016,36543,1,BI,1,100,560
1752788330.656961,631616,36642,1,BI,1,100,600
1752788331.256966,632216,36744,1,BI,1,100,600
1752788331.870971,632830,36843,1,BI,1,100,600
1752788332.509977,633469,36944,1,BI,1,100,640
1752788333.029981,633989,37028,1,BI,1,100,520
1752788333.629986,634589,37126,1,BI,1,100,600
1752788334.189990,635149,37227,1,BI,1,100,560
1752788334.789995,635749,37317,1,BI,1,100,600
1752788335.350000,636309,37418,1,BI,1,100,560
1752788335.950005,636909,37519,1,BI,1,100,600
1752788336.483009,637442,37602,1,BI,1,100,520
1752788337.083014,638042,37703,1,BI,1,100,600
1752788337.643019,638602,37785,1,BI,1,100,560
1752788338.283024,639242,37903,1,BI,1,100,640
1752788338.803028,639762,37986,1,BI,1,100,520
1752788339.443034,640402,38086,1,BI,1,100,640
1752788340.003038,640962,38175,1,BI,1,100,560
1752788340.643044,641602,38275,1,BI,1,100,640
1752788341.296049,642255,38394,1,BI,1,100,640
1752788341.856054,642815,38477,1,BI,1,100,560
1752788342.456059,643415,38576,1,BI,1,100,600
1752788343.096064,644055,38694,1,BI,1,100,640
1752788343.696069,644655,38778,1,BI,1,100,600
1752788344.336074,645295,38894,1,BI,1,100,640
1752788344.936079,645895,38982,1,BI,1,100,600
1752788345.456083,646415,39067,1,BI,1,100,520
1752788346.109089,647068,39184,1,BI,1,100,640
1752788346.669093,647628,39268,1,BI,1,100,560
1752788347.269098,648228,39369,1,BI,1,100,600
1752788347.909103,648868,39468,1,BI,1,100,640
1752788348.469108,649428,39569,1,BI,1,100,560
1752788349.029113,649988,39668,1,BI,1,100,560
1752788349.629118,650588,39751,1,BI,1,100,600
1752788350.282123,651241,39856,1,BI,1,100,640
1752788350.922128,651881,39974,1,BI,1,100,640
1752788351.602134,652561,40075,1,BI,1,100,680
1752788352.162139,653121,40175,1,BI,1,100,560
1752788352.802144,653761,40275,1,BI,1,100,640
1752788353.442149,654401,40390,1,BI,1,100,640
1752788354.122155,655081,40491,1,BI,1,100,680
1752788354.695159,655654,40591,1,BI,1,100,560
1752788355.255164,656214,40681,1,BI,1,100,560
1752788355.895169,656854,40780,1,BI,1,100,640
1752788356.455174,657414,40883,1,BI,1,100,560
1752788357.055179,658014,40982,1,BI,1,100,600
1752788357.655184,658614,41083,1,BI,1,100,600
1752788358.214188,659173,41166,1,BI,1,100,560
1752788358.774193,659733,41265,1,BI,1,100,560
1752788359.388198,660347,41366,1,BI,1,100,600
1752788360.068204,661027,41465,1,BI,1,100,680
1752788360.708209,661667,41569,1,BI,1,100,640
1752788361.308214,662267,41671,1,BI,1,100,600
1752788361.907219,662866,41770,1,BI,1,100,600
1752788362.547224,663506,41871,1,BI,1,100,640
1752788363.187229,664146,41987,1,BI,1,100,640
1752788363.801235,664760,42088,1,BI,1,100,600
1752788364.361239,665320,42172,1,BI,1,100,560
1752788364.960244,665919,42270,1,BI,1,100,600
1752788365.560249,666519,42378,1,BI,1,100,600
1752788366.160254,667119,42465,1,BI,1,100,600
1752788366.720259,667679,42566,1,BI,1,100,560
1752788367.320264,668279,42665,1,BI,1,100,600
1752788367.894268,668853,42765,1,BI,1,100,560
1752788368.534274,669493,42864,1,BI,1,100,640
1752788369.133278,670092,42965,1,BI,1,100,600
1752788369.773284,670732,43066,1,BI,1,100,640
1752788370.333288,671292,43147,1,BI,1,100,560
1752788370.933293,671892,43255,1,BI,1,100,600
1752788371.573299,672532,43356,1,BI,1,100,640
1752788372.173304,673132,43456,1,BI,1,100,600
1752788372.826309,673785,43573,1,BI,1,100,640
1752788373.386314,674345,43657,1,BI,1,100,560
1752788374.026319,674985,43756,1,BI,1,100,640
1752788374.586323,675545,43856,1,BI,1,100,560
1752788375.186328,676145,43955,1,BI,1,100,600
1752788375.786333,676745,44045,1,BI,1,100,600
1752788376.346338,677305,44148,1,BI,1,100,560
1752788376.959343,677918,44249,1,BI,1,100,600
1752788377.599348,678558,44347,1,BI,1,100,640
1752788378.199353,679158,44448,1,BI,1,100,600
1752788378.799358,679758,44547,1,BI,1,100,600
1752788379.439363,680398,44648,1,BI,1,100,640
1752788380.039368,680998,44747,1,BI,1,100,600
1752788380.639373,681598,44852,1,BI,1,100,600
1752788381.252378,682211,44955,1,BI,1,100,600
1752788381.892384,682851,45054,1,BI,1,100,640
1752788382.452388,683411,45155,1,BI,1,100,560
1752788383.052393,684011,45239,1,BI,1,100,600
1752788383.652398,684611,45337,1,BI,1,100,600
1752788384.252403,685211,45438,1,BI,1,100,600
1752788384.852408,685811,45538,1,BI,1,100,600
1752788385.492413,686451,45638,1,BI,1,100,640
1752788386.105418,687064,45745,1,BI,1,100,600
1752788386.665423,687624,45846,1,BI,1,100,560
1752788387.305428,688264,45945,1,BI,1,100,640
1752788387.905433,688864,46045,1,BI,1,100,600
1752788388.545438,689504,46144,1,BI,1,100,640
1752788389.145443,690104,46245,1,BI,1,100,600
1752788389.745448,690704,46344,1,BI,1,100,600
1752788390.358453,691317,46445,1,BI,1,100,600
1752788390.958458,691917,46534,1,BI,1,100,600
1752788391.598464,692557,46652,1,BI,1,100,640
1752788392.158468,693117,46736,1,BI,1,100,560
1752788392.758473,693717,46837,1,BI,1,100,600
1752788393.358478,694317,46936,1,BI,1,100,600
1752788393.958483,694917,47036,1,BI,1,100,600
1752788394.598488,695557,47137,1,BI,1,100,640
1752788395.211493,696170,47236,1,BI,1,100,600
1752788395.811498,696770,47337,1,BI,1,100,600
1752788396.411503,697370,47445,1,BI,1,100,600
1752788397.091509,698050,47544,1,BI,1,100,680
1752788397.771515,698730,47661,1,BI,1,100,680
1752788398.410520,699369,47760,1,BI,1,100,640
1752788398.970524,699929,47861,1,BI,1,100,560
1752788399.624530,700583,47959,1,BI,1,100,640
1752788400.264535,701223,48078,1,BI,1,100,640
1752788400.864540,701823,48159,1,BI,1,100,600
1752788401.503545,702462,48267,1,BI,1,100,640
1752788402.103550,703062,48368,1,BI,1,100,600
1752788402.663555,703622,48467,1,BI,1,100,560
1752788403.303560,704262,48567,1,BI,1,100,640
1752788403.957566,704916,48684,1,BI,1,100,640
1752788404.637571,705596,48784,1,BI,1,100,680
1752788405.237576,706196,48883,1,BI,1,100,600
1752788405.836581,706795,48984,1,BI,1,100,600
1752788406.476586,707435,49092,1,BI,1,100,640
1752788407.116592,708075,49192,1,BI,1,100,640
1752788407.796597,708755,49308,1,BI,1,100,680
1752788408.409602,709368,49407,1,BI,1,100,600
1752788409.009607,709968,49508,1,BI,1,100,600
1752788409.609612,710568,49609,1,BI,1,100,600
1752788410.249617,711208,49707,1,BI,1,100,640
1752788410.889623,711848,49808,1,BI,1,100,640
1752788411.489628,712448,49915,1,BI,1,100,600
1752788412.049632,713008,49998,1,BI,1,100,560
1752788412.662637,713621,50098,1,BI,1,100,600
1752788413.302643,714261,50214,1,BI,1,100,640
1752788413.902648,714861,50314,1,BI,1,100,600
1752788414.542653,715501,50415,1,BI,1,100,640
1752788415.102657,716061,50504,1,BI,1,100,560
1752788415.662662,716621,50611,1,BI,1,100,560
1752788416.262667,717221,50713,1,BI,1,100,600
1752788416.822672,717781,50807,1,BI,1,100,560
1752788417.435677,718394,50907,1,BI,1,100,600
1752788417.995681,718954,50997,1,BI,1,100,560
1752788418.555686,719514,51098,1,BI,1,100,560
1752788419.115690,720074,51205,1,BI,1,100,560
1752788419.715695,720674,51289,1,BI,1,100,600
1752788420.275700,721234,51389,1,BI,1,100,560
1752788420.875705,721834,51494,1,BI,1,100,600
1752788421.448710,722407,51598,1,BI,1,100,560
1752788422.088715,723047,51693,1,BI,1,100,640
1752788422.688720,723647,51796,1,BI,1,100,600
1752788423.248725,724207,51900,1,BI,1,100,560
1752788423.848730,724807,52000,1,BI,1,100,600
1752788424.488735,725447,52106,1,BI,1,100,640
1752788425.088740,726047,52209,1,BI,1,100,600
1752788425.728745,726687,52308,1,BI,1,100,640
1752788426.341750,727300,52411,1,BI,1,100,600
1752788426.981755,727940,52515,1,BI,1,100,640
1752788427.541760,728500,52597,1,BI,1,100,560
1752788428.181765,729140,52714,1,BI,1,100,640
1752788428.741770,729700,52798,1,BI,1,100,560
1752788429.301774,730260,52897,1,BI,1,100,560
1752788429.901779,730860,52997,1,BI,1,100,600
1752788430.554785,731513,53096,1,BI,1,100,640
1752788431.074789,732033,53183,1,BI,1,100,520
1752788431.714794,732673,53299,1,BI,1,100,640
1752788432.274799,733233,53373,1,BI,1,100,560
1752788432.834804,733793,53474,1,BI,1,100,560
1752788433.434809,734393,53573,1,BI,1,100,600
1752788433.994813,734953,53657,1,BI,1,100,560
1752788434.594818,735553,53757,1,BI,1,100,600
1752788435.207823,736166,53857,1,BI,1,100,600
1752788435.727827,736686,53958,1,BI,1,100,520
1752788436.327832,737286,54041,1,BI,1,100,600
1752788436.967838,737926,54165,1,BI,1,100,640
1752788437.607843,738566,54266,1,BI,1,100,640
1752788438.207848,739166,54364,1,BI,1,100,600
1752788438.806853,739765,54448,1,BI,1,100,600
1752788439.420858,740379,54549,1,BI,1,100,600
1752788440.060863,741019,54665,1,BI,1,100,640
1752788440.660868,741619,54764,1,BI,1,100,600
1752788441.260873,742219,54866,1,BI,1,100,600
1752788441.779877,742738,54950,1,BI,1,100,520
1752788442.379882,743338,55040,1,BI,1,100,600
1752788442.979887,743938,55141,1,BI,1,100,600
1752788443.620893,744579,55239,1,BI,1,100,640
1752788444.273898,745232,55355,1,BI,1,100,640
1752788444.833903,745792,55439,1,BI,1,100,560
1752788445.433907,746392,55540,1,BI,1,100,600
1752788446.072913,747031,55657,1,BI,1,100,640
1752788446.712918,747671,55758,1,BI,1,100,640
1752788447.432924,748391,55864,1,BI,1,100,720
1752788448.046929,749005,55963,1,BI,1,100,600
1752788448.646934,749605,56063,1,BI,1,100,600
1752788449.285939,750244,56180,1,BI,1,100,640
1752788449.925944,750884,56280,1,BI,1,100,640
1752788450.565950,751524,56379,1,BI,1,100,640
1752788451.165955,752124,56482,1,BI,1,100,600
1752788451.805960,752764,56597,1,BI,1,100,640
1752788452.338964,753297,56687,1,BI,1,100,520
1752788452.978970,753937,56788,1,BI,1,100,640
1752788453.498974,754457,56871,1,BI,1,100,520
1752788454.058979,755017,56956,1,BI,1,100,560
1752788454.738984,755697,57071,1,BI,1,100,680
1752788455.218988,756177,57155,1,BI,1,100,480
1752788455.858993,756817,57254,1,BI,1,100,640
1752788456.538999,757497,57373,1,BI,1,100,680
1752788457.152004,758110,57472,1,BI,1,100,600
1752788457.712009,758670,57560,1,BI,1,100,560
1752788458.272013,759230,57643,1,BI,1,100,560
1752788458.872018,759830,57744,1,BI,1,100,600
1752788459.472023,760430,57843,1,BI,1,100,600
1752788460.032028,760990,57944,1,BI,1,100,560
1752788460.632033,761590,58043,1,BI,1,100,600
1752788461.192037,762150,58129,1,BI,1,100,560
1752788461.845043,762803,58245,1,BI,1,100,640
1752788462.365047,763323,58329,1,BI,1,100,520
1752788462.925052,763883,58417,1,BI,1,100,560
1752788463.485056,764443,58502,1,BI,1,100,560
1752788464.005061,764963,58586,1,BI,1,100,520
1752788464.605065,765563,58686,1,BI,1,100,600
1752788465.205070,766163,58785,1,BI,1,100,600
1752788465.738075,766696,58870,1,BI,1,100,520
1752788466.378080,767336,58987,1,BI,1,100,640
1752788466.938085,767896,59071,1,BI,1,100,560
1752788467.498089,768456,59172,1,BI,1,100,560
1752788468.138095,769096,59278,1,BI,1,100,640
1752788468.738100,769696,59377,1,BI,1,100,600
1752788469.378105,770336,59478,1,BI,1,100,640
1752788469.938109,770896,59561,1,BI,1,100,560
1752788470.511114,771469,59660,1,BI,1,100,560
1752788471.151119,772109,59763,1,BI,1,100,640
1752788471.751124,772709,59862,1,BI,1,100,600
1752788472.391130,773349,59963,1,BI,1,100,640
1752788472.991135,773949,60069,1,BI,1,100,600
1752788473.551139,774509,60153,1,BI,1,100,560
1752788474.111144,775069,60252,1,BI,1,100,560
1752788474.724149,775682,60353,1,BI,1,100,600
1752788475.284154,776242,60452,1,BI,1,100,560
1752788475.844158,776802,60535,1,BI,1,100,560
1752788476.444163,777402,60638,1,BI,1,100,600
1752788477.084168,778042,60737,1,BI,1,100,640
1752788477.724174,778682,60855,1,BI,1,100,640
1752788478.323179,779281,60944,1,BI,1,100,600
1752788478.964184,779922,61042,1,BI,1,100,640
1752788479.577189,780535,61143,1,BI,1,100,600
1752788480.177194,781135,61243,1,BI,1,100,600
1752788480.817199,781775,61360,1,BI,1,100,640
1752788481.457204,782415,61461,1,BI,1,100,640
1752788482.056209,783014,61562,1,BI,1,100,600
1752788482.656214,783614,61663,1,BI,1,100,600
1752788483.216219,784174,61751,1,BI,1,100,560
1752788483.830224,784788,61850,1,BI,1,100,600
1752788484.430229,785388,61951,1,BI,1,100,600
1752788485.069234,786027,62050,1,BI,1,100,640
1752788485.589238,786547,62134,1,BI,1,100,520
1752788486.149243,787107,62237,1,BI,1,100,560
1752788486.709248,787667,62320,1,BI,1,100,560
1752788487.389253,788347,62437,1,BI,1,100,680
1752788487.963258,788921,62536,1,BI,1,100,560
1752788488.482262,789440,62610,1,BI,1,100,520
1752788489.082267,790040,62709,1,BI,1,100,600
1752788489.642272,790600,62810,1,BI,1,100,560
1752788490.242277,791200,62893,1,BI,1,100,600
1752788490.882282,791840,63009,1,BI,1,100,640
1752788491.482287,792440,63112,1,BI,1,100,600
1752788492.082292,793040,63211,1,BI,1,100,600
1752788492.655297,793613,63295,1,BI,1,100,560
1752788493.255302,794213,63395,1,BI,1,100,600
1752788493.815306,794773,63483,1,BI,1,100,560
1752788494.455312,795413,63582,1,BI,1,100,640
1752788494.975316,795933,63683,1,BI,1,100,520
1752788495.535320,796493,63766,1,BI,1,100,560
1752788496.095325,797053,63867,1,BI,1,100,560
1752788496.655330,797613,63952,1,BI,1,100,560
1752788497.349335,798307,64019,1,BI,1,100,680
1752788497.948340,798906,64104,1,BI,1,100,600
1752788498.548345,799506,64210,1,BI,1,100,600
1752788499.108350,800066,64294,1,BI,1,100,560
1752788499.668355,800626,64393,1,BI,1,100,560
1752788500.268359,801226,64477,1,BI,1,100,600
1752788500.868364,801826,64578,1,BI,1,100,600
1752788501.481369,802439,64679,1,BI,1,100,600
1752788502.001374,802959,64780,1,BI,1,100,520
1752788502.641379,803599,64879,1,BI,1,100,640
1752788503.161383,804119,64962,1,BI,1,100,520
1752788503.681388,804639,65052,1,BI,1,100,520
1752788504.241392,805199,65136,1,BI,1,100,560
1752788504.841397,805799,65237,1,BI,1,100,600
1752788505.401402,806359,65336,1,BI,1,100,560
1752788505.934406,806892,65421,1,BI,1,100,520
1752788506.534411,807492,65521,1,BI,1,100,600
1752788507.094416,808052,69,1,BI,1,100,560
1752788507.694421,808652,170,1,BI,1,100,600
1752788508.254425,809212,268,1,BI,1,100,560
1752788508.774430,809732,357,1,BI,1,100,520
1752788509.374435,810332,458,1,BI,1,100,600
1752788509.934439,810892,542,1,BI,1,100,560
1752788510.507444,811465,641,1,BI,1,100,560
1752788511.027448,811985,727,1,BI,1,100,520
1752788511.587453,812545,828,1,BI,1,100,560
1752788512.107457,813065,910,1,BI,1,100,520
1752788512.747462,813705,1011,1,BI,1,100,640
1752788513.267467,814225,1094,1,BI,1,100,520
1752788513.827471,814785,1198,1,BI,1,100,560
1752788514.347476,815305,1283,1,BI,1,100,520
1752788515.000481,815958,1384,1,BI,1,100,640
1752788515.600486,816558,1482,1,BI,1,100,600
1752788516.200491,817158,1585,1,BI,1,100,600
1752788516.840496,817798,1684,1,BI,1,100,640
1752788517.440501,818398,1785,1,BI,1,100,600
1752788517.840504,818798,1852,1,BI,1,100,400
1752788518.639511,819597,1985,1,BI,1,100,800
1752788519.239516,820197,2090,1,BI,1,100,600
1752788519.813521,820771,2189,1,BI,1,100,560
1752788520.453526,821411,2290,1,BI,1,100,640
1752788521.013530,821971,2376,1,BI,1,100,560
1752788521.572535,822530,2474,1,BI,1,100,560
1752788522.172540,823130,2575,1,BI,1,100,600
1752788522.812545,823770,2674,1,BI,1,100,640
1752788523.452551,824410,2792,1,BI,1,100,640
1752788523.986555,824944,2879,1,BI,1,100,520
1752788524.546560,825504,2963,1,BI,1,100,560
1752788525.225565,826183,3082,1,BI,1,100,680
1752788525.785570,826743,3181,1,BI,1,100,560
1752788526.385575,827343,3268,1,BI,1,100,600
1752788526.945579,827903,3366,1,BI,1,100,560
1752788527.465584,828423,3450,1,BI,1,100,520
1752788528.105589,829063,3551,1,BI,1,100,640
1752788528.718594,829676,3650,1,BI,1,100,600
1752788529.198598,830156,3739,1,BI,1,100,480
1752788529.758603,830716,3840,1,BI,1,100,560
1752788530.318607,831276,3924,1,BI,1,100,560
1752788530.958612,831916,4042,1,BI,1,100,640
1752788531.518617,832476,4125,1,BI,1,100,560
1752788532.158622,833116,4224,1,BI,1,100,640
1752788532.758627,833716,4325,1,BI,1,100,600
1752788533.331632,834289,4424,1,BI,1,100,560
1752788533.971637,834929,4524,1,BI,1,100,640
1752788534.571642,835529,4629,1,BI,1,100,600
1752788535.171647,836129,4729,1,BI,1,100,600
1752788535.771652,836729,4832,1,BI,1,100,600
1752788536.371657,837329,4937,1,BI,1,100,600
1752788537.011662,837969,5038,1,BI,1,100,640
1752788537.704668,838662,5156,1,BI,1,100,680
1752788538.344673,839302,5257,1,BI,1,100,640
1752788538.944678,839902,5355,1,BI,1,100,600
1752788539.544683,840502,5461,1,BI,1,100,600
1752788540.184689,841142,5576,1,BI,1,100,640
1752788540.824694,841782,5677,1,BI,1,100,640
1752788541.424699,842382,5778,1,BI,1,100,600
1752788542.037704,842995,5879,1,BI,1,100,600
1752788542.637709,843595,5978,1,BI,1,100,600
1752788543.237714,844195,6078,1,BI,1,100,600
1752788543.877719,844835,6178,1,BI,1,100,640
1752788544.437724,845395,6262,1,BI,1,100,560
1752788545.037729,845995,6368,1,BI,1,100,600
1752788545.637733,846595,6469,1,BI,1,100,600
1752788546.250739,847208,6569,1,BI,1,100,600
1752788546.850743,847808,6670,1,BI,1,100,600
1752788547.450748,848408,6769,1,BI,1,100,600
1752788548.050753,849008,6870,1,BI,1,100,600
1752788548.650758,849608,6969,1,BI,1,100,600
1752788549.370764,850328,7086,1,BI,1,100,720
1752788549.970769,850928,7190,1,BI,1,100,600
1752788550.583774,851541,7290,1,BI,1,100,600
1752788551.263780,852221,7409,1,BI,1,100,680
1752788551.903785,852861,7509,1,BI,1,100,640
1752788552.543790,853501,7608,1,BI,1,100,640
1752788553.183796,854141,7709,1,BI,1,100,640
1752788553.783801,854741,7809,1,BI,1,100,600
1752788554.383806,855341,7909,1,BI,1,100,600
1752788554.982811,855940,8015,1,BI,1,100,600
1752788555.636816,856594,8130,1,BI,1,100,640
1752788556.236821,857194,8231,1,BI,1,100,600
1752788556.796825,857754,8315,1,BI,1,100,560
1752788557.476831,858434,8432,1,BI,1,100,680
1752788558.115836,859073,8531,1,BI,1,100,640
1752788558.675841,859633,8632,1,BI,1,100,560
1752788559.275846,860233,8716,1,BI,1,100,600
1752788559.929851,860887,8818,1,BI,1,100,640
1752788560.569857,861527,8918,1,BI,1,100,640
1752788561.208862,862166,9037,1,BI,1,100,640
1752788561.809867,862767,9121,1,BI,1,100,600
1752788562.408872,863366,9220,1,BI,1,100,600
1752788562.968876,863926,9321,1,BI,1,100,560
1752788563.568881,864526,9419,1,BI,1,100,600
1752788564.142886,865100,9504,1,BI,1,100,560
1752788564.742891,865700,9605,1,BI,1,100,600
1752788565.341896,866299,9711,1,BI,1,100,600
1752788565.901901,866859,9813,1,BI,1,100,560
1752788566.501905,867459,9912,1,BI,1,100,600
1752788567.141911,868099,10013,1,BI,1,100,640
1752788567.821916,868779,10128,1,BI,1,100,680
1752788568.474922,869432,10229,1,BI,1,100,640
1752788569.034926,869992,10328,1,BI,1,100,560
1752788569.674932,870632,10429,1,BI,1,100,640
1752788570.314937,871272,10533,1,BI,1,100,640
1752788570.914942,871872,10633,1,BI,1,100,600
1752788571.554947,872512,10751,1,BI,1,100,640
1752788572.114952,873072,10835,1,BI,1,100,560
1752788572.767957,873725,10936,1,BI,1,100,640
1752788573.367962,874325,11035,1,BI,1,100,600
1752788574.007967,874965,11153,1,BI,1,100,640
1752788574.647973,875605,11252,1,BI,1,100,640
1752788575.207977,876165,11357,1,BI,1,100,560
1752788575.847983,876805,11456,1,BI,1,100,640
1752788576.447987,877405,11559,1,BI,1,100,600
1752788577.060993,878018,11659,1,BI,1,100,600
1752788577.740998,878698,11759,1,BI,1,100,680
1752788578.381003,879338,11874,1,BI,1,100,640
1752788578.941008,879898,11958,1,BI,1,100,560
1752788579.581013,880538,12074,1,BI,1,100,640
1752788580.181018,881138,12158,1,BI,1,100,600
1752788580.821024,881778,12280,1,BI,1,100,640
1752788581.421028,882378,12381,1,BI,1,100,600
1752788581.994033,882951,12466,1,BI,1,100,560
1752788582.594038,883551,12566,1,BI,1,100,600
1752788583.234043,884191,12681,1,BI,1,100,640
1752788583.874049,884831,12781,1,BI,1,100,640
1752788584.474054,885431,12881,1,BI,1,100,600
1752788585.074059,886031,12982,1,BI,1,100,600
1752788585.714064,886671,13086,1,BI,1,100,640
1752788586.327069,887284,13189,1,BI,1,100,600
1752788586.967074,887924,13287,1,BI,1,100,640
1752788587.567079,888524,13388,1,BI,1,100,600
1752788588.127084,889084,13488,1,BI,1,100,560
1752788588.727089,889684,13588,1,BI,1,100,600
1752788589.367094,890324,13689,1,BI,1,100,640
1752788590.047100,891004,13805,1,BI,1,100,680
1752788590.580104,891537,13893,1,BI,1,100,520
1752788591.220109,892177,13994,1,BI,1,100,640
1752788591.860115,892817,14112,1,BI,1,100,640
1752788592.420119,893377,14195,1,BI,1,100,560
1752788593.100125,894057,14312,1,BI,1,100,680
1752788593.620129,894577,14396,1,BI,1,100,520
1752788594.220134,895177,14494,1,BI,1,100,600
1752788594.819139,895776,14595,1,BI,1,100,600
1752788595.433144,896390,14694,1,BI,1,100,600
1752788596.033149,896990,14786,1,BI,1,100,600
1752788596.673154,897630,14903,1,BI,1,100,640
1752788597.193158,898150,14985,1,BI,1,100,520
1752788597.793163,898750,15086,1,BI,1,100,600
1752788598.392168,899349,15187,1,BI,1,100,600
1752788599.112174,900069,15302,1,BI,1,100,720
1752788599.686179,900643,15387,1,BI,1,100,560
1752788600.286184,901243,15485,1,BI,1,100,600
1752788600.926189,901883,15610,1,BI,1,100,640
1752788601.526194,902483,15708,1,BI,1,100,600
1752788602.205200,903162,15809,1,BI,1,100,680
1752788602.765204,903722,15908,1,BI,1,100,560
1752788603.365209,904322,16009,1,BI,1,100,600
1752788604.019215,904976,16108,1,BI,1,100,640
1752788604.619220,905576,16208,1,BI,1,100,600
1752788605.218225,906175,16309,1,BI,1,100,600
1752788605.818230,906775,16408,1,BI,1,100,600
1752788606.378234,907335,16500,1,BI,1,100,560
1752788606.978239,907935,16601,1,BI,1,100,600
1752788607.618244,908575,16716,1,BI,1,100,640
1752788608.232249,909189,16814,1,BI,1,100,600
1752788608.871255,909828,16915,1,BI,1,100,640
1752788609.431259,910388,17000,1,BI,1,100,560
1752788610.031264,910988,17099,1,BI,1,100,600
1752788610.671270,911628,17216,1,BI,1,100,640
1752788611.311275,912268,17322,1,BI,1,100,640
1752788611.911280,912868,17422,1,BI,1,100,600
1752788612.471284,913428,17507,1,BI,1,100,560
1752788613.044289,914001,17606,1,BI,1,100,560
1752788613.684294,914641,17707,1,BI,1,100,640
1752788614.324300,915281,17822,1,BI,1,100,640
1752788614.884304,915841,17906,1,BI,1,100,560
1752788615.444309,916401,18005,1,BI,1,100,560
1752788616.044314,917001,18108,1,BI,1,100,600
1752788616.564318,917521,18180,1,BI,1,100,520
1752788617.097323,918054,18264,1,BI,1,100,520
1752788617.697328,918654,18364,1,BI,1,100,600
1752788618.257332,919214,18465,1,BI,1,100,560
1752788618.817337,919774,18546,1,BI,1,100,560
1752788619.377341,920334,18647,1,BI,1,100,560
1752788619.937346,920894,18731,1,BI,1,100,560
1752788620.537351,921494,18830,1,BI,1,100,600
1752788621.137356,922094,18933,1,BI,1,100,600
1752788621.750361,922707,19041,1,BI,1,100,600
1752788622.270365,923227,19122,1,BI,1,100,520
1752788622.870370,923827,19223,1,BI,1,100,600
1752788623.430375,924387,19322,1,BI,1,100,560
1752788624.070380,925027,19423,1,BI,1,100,640
1752788624.670385,925627,19524,1,BI,1,100,600
1752788625.350391,926307,19623,1,BI,1,100,680
1752788625.830395,926787,19707,1,BI,1,100,480
1752788626.363399,927320,19793,1,BI,1,100,520
1752788626.843403,927800,19882,1,BI,1,100,480
1752788627.443408,928400,19981,1,BI,1,100,600
1752788628.043413,929000,20082,1,BI,1,100,600
1752788628.523417,929480,20165,1,BI,1,100,480
1752788629.083421,930040,20248,1,BI,1,100,560
1752788629.683426,930640,20349,1,BI,1,100,600
1752788630.163430,931120,20432,1,BI,1,100,480
1752788630.696435,931653,20517,1,BI,1,100,520
1752788631.176439,932133,20600,1,BI,1,100,480
1752788631.936445,932893,20723,1,BI,1,100,760
1752788632.416449,933373,20807,1,BI,1,100,480
1752788632.856452,933813,20874,1,BI,1,100,440
1752788633.336456,934293,20958,1,BI,1,100,480
1752788633.856461,934813,21040,1,BI,1,100,520
1752788634.495466,935452,21141,1,BI,1,100,640
1752788635.149471,936106,21257,1,BI,1,100,640
1752788635.589475,936546,21324,1,BI,1,100,440
1752788636.349481,937306,21459,1,BI,1,100,760
1752788636.909486,937866,21547,1,BI,1,100,560
1752788637.549491,938506,21648,1,BI,1,100,640
1752788638.148496,939105,21747,1,BI,1,100,600
1752788638.668500,939625,21848,1,BI,1,100,520
1752788639.322506,940279,21947,1,BI,1,100,640
1752788639.882510,940839,22031,1,BI,1,100,560
1752788640.442515,941399,22132,1,BI,1,100,560
1752788641.002520,941959,22218,1,BI,1,100,560
1752788641.561524,942518,22316,1,BI,1,100,560
1752788642.162529,943119,22422,1,BI,1,100,600
1752788642.721534,943678,22507,1,BI,1,100,560
1752788643.361539,944318,22622,1,BI,1,100,640
1752788643.934544,944891,22706,1,BI,1,100,560
1752788644.575549,945532,22822,1,BI,1,100,640
1752788645.094553,946051,22906,1,BI,1,100,520
1752788645.614558,946571,22990,1,BI,1,100,520
1752788646.174562,947131,23074,1,BI,1,100,560
1752788646.734567,947691,23175,1,BI,1,100,560
1752788647.334572,948291,23281,1,BI,1,100,600
1752788647.854576,948811,23364,1,BI,1,100,520
1752788648.387581,949344,23447,1,BI,1,100,520
1752788649.027586,949984,23548,1,BI,1,100,640
1752788649.587590,950544,23647,1,BI,1,100,560
1752788650.187595,951144,23747,1,BI,1,100,600
1752788650.747600,951704,23831,1,BI,1,100,560
1752788651.347605,952304,23932,1,BI,1,100,600
1752788651.907610,952864,24032,1,BI,1,100,560
1752788652.467614,953424,24122,1,BI,1,100,560
1752788653.120620,954077,24237,1,BI,1,100,640
1752788653.760625,954717,24338,1,BI,1,100,640
1752788654.360630,955317,24437,1,BI,1,100,600
1752788654.920634,955877,24521,1,BI,1,100,560
1752788655.560640,956517,24636,1,BI,1,100,640
1752788656.120644,957077,24725,1,BI,1,100,560
1752788656.760650,957717,24841,1,BI,1,100,640
1752788657.333654,958290,24934,1,BI,1,100,560
1752788657.973660,958930,25055,1,BI,1,100,640
1752788658.533664,959490,25137,1,BI,1,100,560
1752788659.173669,960130,25244,1,BI,1,100,640
1752788659.853675,960810,25365,1,BI,1,100,680
1752788660.413680,961370,25470,1,BI,1,100,560
1752788660.973684,961930,25563,1,BI,1,100,560
1752788661.666690,962623,25682,1,BI,1,100,680
1752788662.306695,963263,25788,1,BI,1,100,640
1752788662.906700,963863,25886,1,BI,1,100,600
1752788663.506705,964463,25987,1,BI,1,100,600
1752788664.106710,965063,26088,1,BI,1,100,600
1752788664.786716,965743,26193,1,BI,1,100,680
1752788665.466721,966423,26310,1,BI,1,100,680
1752788666.079726,967036,26412,1,BI,1,100,600
1752788666.639731,967596,26495,1,BI,1,100,560
1752788667.239736,968196,26594,1,BI,1,100,600
1752788667.839741,968796,26702,1,BI,1,100,600
1752788668.439746,969396,26803,1,BI,1,100,600
1752788668.999750,969956,26902,1,BI,1,100,560
1752788669.639756,970596,27003,1,BI,1,100,640
1752788670.252761,971209,27101,1,BI,1,100,600
1752788670.812765,971769,27202,1,BI,1,100,560
1752788671.492771,972449,27303,1,BI,1,100,680
1752788672.132776,973089,27421,1,BI,1,100,640
1752788672.812782,973769,27525,1,BI,1,100,680
1752788673.452787,974409,27642,1,BI,1,100,640
1752788674.052792,975009,27726,1,BI,1,100,600
1752788674.705797,975662,27842,1,BI,1,100,640
1752788675.305802,976262,27941,1,BI,1,100,600
1752788675.985808,976942,28061,1,BI,1,100,680
1752788676.545813,977502,28143,1,BI,1,100,560
1752788677.145818,978102,28243,1,BI,1,100,600
1752788677.745823,978702,28333,1,BI,1,100,600
1752788678.304827,979261,28434,1,BI,1,100,560
1752788678.878832,979835,28532,1,BI,1,100,560
1752788679.438836,980395,28616,1,BI,1,100,560
1752788679.998841,980955,28717,1,BI,1,100,560
1752788680.598846,981555,28816,1,BI,1,100,600
1752788681.238851,982195,28918,1,BI,1,100,640
1752788681.877857,982834,29017,1,BI,1,100,640
1752788682.477862,983434,29118,1,BI,1,100,600
1752788683.077866,984034,29224,1,BI,1,100,600
1752788683.691872,984648,29323,1,BI,1,100,600
1752788684.251876,985208,29424,1,BI,1,100,560
1752788684.891881,985848,29522,1,BI,1,100,640
1752788685.531887,986488,29623,1,BI,1,100,640
1752788686.130892,987087,29724,1,BI,1,100,600
1752788686.730897,987687,29825,1,BI,1,100,600
1752788687.330902,988287,29925,1,BI,1,100,600
1752788687.943907,988900,30030,1,BI,1,100,600
1752788688.623912,989580,30146,1,BI,1,100,680
1752788689.183917,990140,30229,1,BI,1,100,560
1752788689.743921,990700,30330,1,BI,1,100,560
1752788690.343926,991300,30429,1,BI,1,100,600
1752788690.983932,991940,30532,1,BI,1,100,640
1752788691.543936,992500,30616,1,BI,1,100,560
1752788692.196942,993153,30731,1,BI,1,100,640
1752788692.756946,993713,30816,1,BI,1,100,560
1752788693.317951,994274,30920,1,BI,1,100,560
1752788693.916956,994873,31020,1,BI,1,100,600
1752788694.516961,995473,31121,1,BI,1,100,600
1752788695.116966,996073,31220,1,BI,1,100,600
1752788695.676970,996633,31304,1,BI,1,100,560
1752788696.276975,997233,31405,1,BI,1,100,600
1752788696.929981,997886,31523,1,BI,1,100,640
1752788697.569986,998526,31621,1,BI,1,100,640
1752788698.209991,999166,31725,1,BI,1,100,640
1752788698.809996,999766,31826,1,BI,1,100,600
1752788699.370001,1000326,31911,1,BI,1,100,560
1752788700.010006,1000966,32012,1,BI,1,100,640
1752788700.650011,1001606,32129,1,BI,1,100,640
1752788701.343017,1002299,32247,1,BI,1,100,680
1752788702.023023,1002979,32346,1,BI,1,100,680
1752788702.663028,1003619,32463,1,BI,1,100,640
1752788703.223033,1004179,32552,1,BI,1,100,560
1752788703.863038,1004819,32651,1,BI,1,100,640
1752788704.463043,1005419,32756,1,BI,1,100,600
1752788705.023047,1005979,32857,1,BI,1,100,560
1752788705.596052,1006552,32940,1,BI,1,100,560
1752788706.196057,1007152,33043,1,BI,1,100,600
1752788706.876063,1007832,33128,1,BI,1,100,680
