LocalTimestamp,EmotiBitTimestamp,PacketNumber,DataLength,TypeTag,ProtocolVersion,DataReliability,SF
1752619988.768313,494540.000,12843,1,SF,1,100,91.3541
1752619989.034316,494806.000,12897,1,SF,1,100,92.3795
1752619989.368318,495140.000,12948,1,SF,1,100,93.3932
1752619989.768322,495540.000,13015,1,SF,1,100,92.3128
1752619990.034324,495806.000,13067,1,SF,1,100,93.3271
1752619990.368327,496140.000,13117,1,SF,1,100,92.2475
1752619990.701330,496473.000,13170,1,SF,1,100,93.2627
1752619991.101333,496873.000,13239,1,SF,1,100,94.2660
1752619991.367335,497139.000,13290,1,SF,1,100,93.1756
1752619991.701338,497473.000,13338,1,SF,1,100,92.0977
1752619992.101341,497873.000,13405,1,SF,1,100,91.0323
1752619992.367344,498139.000,13458,1,SF,1,100,92.0615
1752619992.701346,498473.000,13508,1,SF,1,100,90.9965
1752619993.034349,498806.000,13557,1,SF,1,100,89.9439
1752619993.434353,499206.000,13626,1,SF,1,100,90.9857
1752619993.700355,499472.000,13683,1,SF,1,100,92.0154
1752619994.034358,499806.000,13734,1,SF,1,100,90.9509
1752619994.434361,500206.000,13801,1,SF,1,100,91.9811
1752619994.767364,500539.000,13851,1,SF,1,100,90.9170
1752619995.034366,500806.000,13904,1,SF,1,100,91.9475
1752619995.367369,501139.000,13954,1,SF,1,100,90.8839
1752619995.767372,501539.000,14019,1,SF,1,100,89.8325
1752619996.034374,501806.000,14072,1,SF,1,100,90.8756
1752619996.367377,502139.000,14122,1,SF,1,100,89.8243
1752619996.767380,502539.000,14192,1,SF,1,100,90.8675
1752619997.100383,502872.000,14242,1,SF,1,100,89.8163
1752619997.367385,503139.000,14292,1,SF,1,100,88.7773
1752619997.700388,503472.000,14341,1,SF,1,100,87.7504
1752619998.100392,503872.000,14410,1,SF,1,100,88.8175
1752619998.367394,504139.000,14462,1,SF,1,100,89.8723
1752619998.700397,504472.000,14513,1,SF,1,100,88.8327
1752619999.100400,504872.000,14585,1,SF,1,100,89.8873
1752619999.433403,505205.000,14635,1,SF,1,100,88.8475
1752619999.700405,505472.000,14688,1,SF,1,100,89.9019
1752620000.033408,505805.000,14738,1,SF,1,100,88.8619
1752620000.433411,506205.000,14805,1,SF,1,100,89.9162
1752620000.700413,506472.000,14858,1,SF,1,100,90.9583
1752620001.033416,506805.000,14906,1,SF,1,100,89.9061
1752620001.433420,507205.000,14976,1,SF,1,100,88.8661
1752620001.700422,507472.000,15028,1,SF,1,100,89.9203
1752620002.033425,507805.000,15078,1,SF,1,100,88.8801
1752620002.366427,508138.000,15129,1,SF,1,100,89.9342
1752620002.766431,508538.000,15196,1,SF,1,100,88.8938
1752620003.033433,508805.000,15246,1,SF,1,100,87.8655
1752620003.366436,509138.000,15299,1,SF,1,100,88.9313
1752620003.766439,509538.000,15366,1,SF,1,100,87.9025
1752620004.033441,509805.000,15421,1,SF,1,100,88.9679
1752620004.366444,510138.000,15476,1,SF,1,100,90.0210
1752620004.699447,510471.000,15526,1,SF,1,100,91.0619
1752620005.099450,510871.000,15595,1,SF,1,100,92.0907
1752620005.366452,511138.000,15646,1,SF,1,100,93.1077
1752620005.699455,511471.000,15698,1,SF,1,100,94.1128
1752620006.099459,511871.000,15766,1,SF,1,100,93.0241
1752620006.433461,512205.000,15820,1,SF,1,100,94.0303
1752620006.699464,512471.000,15870,1,SF,1,100,95.0248
1752620007.033466,512805.000,15921,1,SF,1,100,93.9255
1752620007.433470,513205.000,15988,1,SF,1,100,94.9212
1752620007.699472,513471.000,16040,1,SF,1,100,93.8232
1752620008.032475,513804.000,16091,1,SF,1,100,94.8201
1752620008.432478,514204.000,16160,1,SF,1,100,95.8055
1752620008.766481,514538.000,16210,1,SF,1,100,96.7794
1752620009.032483,514804.000,16265,1,SF,1,100,97.7421
1752620009.366486,515138.000,16320,1,SF,1,100,98.6937
1752620009.766489,515538.000,16389,1,SF,1,100,99.6343
1752620010.032492,515804.000,16438,1,SF,1,100,98.4817
1752620010.366494,516138.000,16486,1,SF,1,100,97.3424
1752620010.765498,516537.000,16556,1,SF,1,100,98.2986
1752620011.099501,516871.000,16610,1,SF,1,100,99.2438
1752620011.365503,517137.000,16662,1,SF,1,100,100.1780
1752620011.699506,517471.000,16715,1,SF,1,100,101.1013
1752620012.099509,517871.000,16780,1,SF,1,100,99.9318
1752620012.365511,518137.000,16834,1,SF,1,100,100.8580
1752620012.699514,518471.000,16885,1,SF,1,100,101.7735
1752620013.099517,518871.000,16954,1,SF,1,100,102.6785
1752620013.365519,519137.000,17004,1,SF,1,100,103.5729
1752620013.699522,519471.000,17059,1,SF,1,100,104.4571
1752620014.032525,519804.000,17109,1,SF,1,100,105.3309
1752620014.432528,520204.000,17183,1,SF,1,100,106.1947
1752620014.699531,520471.000,17232,1,SF,1,100,104.9662
1752620015.032533,520804.000,17285,1,SF,1,100,105.8342
1752620015.432537,521204.000,17354,1,SF,1,100,106.6922
1752620015.765540,521537.000,17406,1,SF,1,100,107.5402
1752620016.032542,521804.000,17458,1,SF,1,100,108.3784
1752620016.365545,522137.000,17511,1,SF,1,100,109.2070
1752620016.765548,522537.000,17578,1,SF,1,100,107.9437
1752620017.032550,522804.000,17630,1,SF,1,100,108.7772
1752620017.365553,523137.000,17683,1,SF,1,100,109.6011
1752620017.765556,523537.000,17750,1,SF,1,100,110.4155
1752620018.098559,523870.000,17802,1,SF,1,100,111.2205
1752620018.365561,524137.000,17855,1,SF,1,100,112.0161
1752620018.698564,524470.000,17909,1,SF,1,100,114.8848
1752620019.098568,524870.000,17976,1,SF,1,100,115.6381
1752620019.365570,525137.000,18032,1,SF,1,100,114.3004
1752620019.698573,525470.000,18082,1,SF,1,100,115.0604
1752620020.098576,525870.000,18154,1,SF,1,100,117.8939
1752620020.365578,526137.000,18206,1,SF,1,100,118.6123
1752620020.698581,526470.000,18260,1,SF,1,100,121.4047
1752620021.031584,526803.000,18309,1,SF,1,100,120.0003
1752620021.431587,527203.000,18380,1,SF,1,100,120.6944
1752620021.698589,527470.000,18430,1,SF,1,100,119.2981
1752620022.031592,527803.000,18483,1,SF,1,100,120.0004
1752620022.431595,528203.000,18550,1,SF,1,100,120.6944
1752620022.698598,528470.000,18602,1,SF,1,100,121.3805
1752620023.031600,528803.000,18654,1,SF,1,100,122.0586
1752620023.364603,529136.000,18705,1,SF,1,100,122.7289
1752620023.764607,529536.000,18772,1,SF,1,100,121.3091
1752620024.031609,529803.000,18823,1,SF,1,100,121.9881
1752620024.364612,530136.000,18877,1,SF,1,100,124.7414
1752620024.764615,530536.000,18952,1,SF,1,100,125.3806
1752620025.031617,530803.000,19004,1,SF,1,100,126.0125
1752620025.364620,531136.000,19054,1,SF,1,100,126.6370
1752620025.697623,531469.000,19107,1,SF,1,100,127.2543
1752620026.097626,531869.000,19174,1,SF,1,100,125.7822
1752620026.364628,532136.000,19226,1,SF,1,100,124.3272
1752620026.697631,532469.000,19275,1,SF,1,100,122.8890
1752620027.097635,532869.000,19344,1,SF,1,100,123.5496
1752620027.364637,533136.000,19392,1,SF,1,100,122.1204
1752620027.697640,533469.000,19444,1,SF,1,100,120.7077
1752620028.030642,533802.000,19495,1,SF,1,100,121.3936
1752620028.430646,534202.000,19564,1,SF,1,100,122.0716
1752620028.697648,534469.000,19615,1,SF,1,100,122.7417
1752620029.030651,534802.000,19667,1,SF,1,100,123.4041
1752620029.430654,535202.000,19736,1,SF,1,100,124.0588
1752620029.697656,535469.000,19794,1,SF,1,100,124.7059
1752620030.030659,535802.000,19846,1,SF,1,100,127.4278
1752620030.364662,536136.000,19901,1,SF,1,100,130.1182
1752620030.763665,536535.000,19966,1,SF,1,100,128.6130
1752620031.030667,536802.000,20018,1,SF,1,100,127.1252
1752620031.364670,537136.000,20071,1,SF,1,100,127.7369
1752620031.763674,537535.000,20140,1,SF,1,100,128.3414
1752620032.097676,537869.000,20176,1,SF,1,100,126.8568
1752620032.763682,538535.000,20198,1,SF,1,100,127.4715
1752620032.763682,538535.000,20201,1,SF,1,100,128.0792
1752620034.496697,540268.000,20225,1,SF,1,100,128.6798
1752620034.496697,540268.000,20226,1,SF,1,100,127.1912
1752620034.496697,540268.000,20229,1,SF,1,100,127.8021
1752620034.496697,540268.000,20232,1,SF,1,100,128.4059
1752620034.496697,540268.000,20235,1,SF,1,100,129.0028
1752620035.296703,541068.000,20264,1,SF,1,100,131.6750
1752620035.296703,541068.000,20265,1,SF,1,100,130.1517
1752620035.497705,541269.000,20288,1,SF,1,100,132.8107
1752620035.696707,541468.000,20320,1,SF,1,100,131.2743
1752620036.096710,541868.000,20391,1,SF,1,100,131.8380
1752620036.363712,542135.000,20444,1,SF,1,100,132.3951
1752620036.696715,542468.000,20494,1,SF,1,100,132.9458
1752620037.096718,542868.000,20565,1,SF,1,100,135.5723
1752620037.363721,543135.000,20616,1,SF,1,100,136.0863
1752620037.696723,543468.000,20669,1,SF,1,100,136.5943
1752620038.029726,543801.000,20721,1,SF,1,100,137.0964
1752620038.429729,544201.000,20790,1,SF,1,100,137.5927
1752620038.696732,544468.000,20840,1,SF,1,100,138.0833
1752620039.029734,544801.000,20893,1,SF,1,100,138.5681
1752620039.429738,545201.000,20960,1,SF,1,100,139.0474
1752620039.696740,545468.000,21012,1,SF,1,100,137.4389
1752620040.029743,545801.000,21065,1,SF,1,100,140.0135
1752620040.363746,546135.000,21115,1,SF,1,100,138.3938
1752620040.763749,546535.000,21187,1,SF,1,100,136.7929
1752620041.029751,546801.000,21240,1,SF,1,100,137.2927
1752620041.362754,547134.000,21294,1,SF,1,100,137.7867
1752620041.763757,547535.000,21361,1,SF,1,100,138.2751
1752620042.029760,547801.000,21414,1,SF,1,100,138.7577
1752620042.362762,548134.000,21468,1,SF,1,100,141.3171
1752620042.696765,548468.000,21521,1,SF,1,100,143.8468
1752620043.096769,548868.000,21590,1,SF,1,100,144.2650
1752620043.362771,549134.000,21642,1,SF,1,100,144.6784
1752620043.696774,549468.000,21693,1,SF,1,100,145.0870
1752620044.095777,549867.000,21763,1,SF,1,100,145.4909
1752620044.429780,550201.000,21814,1,SF,1,100,145.8901
1752620044.696782,550468.000,21865,1,SF,1,100,146.2847
1752620045.029785,550801.000,21917,1,SF,1,100,146.6747
1752620045.429788,551201.000,21986,1,SF,1,100,147.0602
1752620045.695790,551467.000,22044,1,SF,1,100,147.4412
1752620046.029793,551801.000,22094,1,SF,1,100,147.8179
1752620046.429796,552201.000,22165,1,SF,1,100,148.1902
1752620046.762799,552534.000,22214,1,SF,1,100,146.4759
1752620047.028801,552800.000,22266,1,SF,1,100,144.7814
1752620047.362804,553134.000,22317,1,SF,1,100,145.1888
1752620047.762808,553534.000,22386,1,SF,1,100,145.5916
1752620048.028810,553800.000,22436,1,SF,1,100,145.9896
1752620048.362813,554134.000,22489,1,SF,1,100,146.3830
1752620048.762816,554534.000,22558,1,SF,1,100,148.8542
1752620049.028818,554800.000,22612,1,SF,1,100,149.2144
1752620049.362821,555134.000,22663,1,SF,1,100,149.5706
1752620049.695824,555467.000,22717,1,SF,1,100,152.0049
1752620050.095827,555867.000,22782,1,SF,1,100,150.2464
1752620050.362829,556134.000,22837,1,SF,1,100,150.5906
1752620050.695832,556467.000,22890,1,SF,1,100,148.8486
1752620051.095836,556867.000,22961,1,SF,1,100,149.2090
1752620051.362838,557134.000,23012,1,SF,1,100,149.5652
1752620051.695841,557467.000,23067,1,SF,1,100,151.9995
1752620052.028843,557800.000,23119,1,SF,1,100,152.3234
1752620052.428847,558200.000,23188,1,SF,1,100,152.6436
1752620052.695849,558467.000,23236,1,SF,1,100,150.8778
1752620053.028852,558800.000,23289,1,SF,1,100,151.2147
1752620053.428855,559200.000,23354,1,SF,1,100,149.4654
1752620053.695857,559467.000,23406,1,SF,1,100,147.7364
1752620054.028860,559800.000,23459,1,SF,1,100,150.1918
1752620054.361863,560133.000,23509,1,SF,1,100,148.4544
1752620054.761866,560533.000,23574,1,SF,1,100,146.7371
1752620055.028868,560800.000,23627,1,SF,1,100,145.0396
1752620055.361871,561133.000,23675,1,SF,1,100,143.3618
1752620055.761875,561533.000,23747,1,SF,1,100,141.7034
1752620056.028877,561800.000,23796,1,SF,1,100,140.0641
1752620056.361880,562133.000,23851,1,SF,1,100,140.5261
1752620056.761883,562533.000,23916,1,SF,1,100,138.9005
1752620057.094886,562866.000,23968,1,SF,1,100,137.2937
1752620057.361888,563133.000,24020,1,SF,1,100,139.8700
1752620057.694891,563466.000,24069,1,SF,1,100,138.2520
1752620058.094894,563866.000,24136,1,SF,1,100,136.6526
1752620058.361896,564133.000,24186,1,SF,1,100,135.0718
1752620058.694899,564466.000,24239,1,SF,1,100,135.5916
1752620059.094903,564866.000,24306,1,SF,1,100,136.1053
1752620059.427905,565199.000,24358,1,SF,1,100,136.6131
1752620059.694908,565466.000,24409,1,SF,1,100,135.0327
1752620060.027910,565799.000,24459,1,SF,1,100,133.4707
1752620060.427914,566199.000,24524,1,SF,1,100,131.9267
1752620060.694916,566466.000,24575,1,SF,1,100,130.4005
1752620061.027919,566799.000,24629,1,SF,1,100,128.8921
1752620061.427922,567199.000,24698,1,SF,1,100,127.4010
1752620061.760925,567532.000,24748,1,SF,1,100,125.9272
1752620062.027927,567799.000,24798,1,SF,1,100,124.4705
1752620062.360930,568132.000,24847,1,SF,1,100,123.0306
1752620062.760933,568532.000,24914,1,SF,1,100,121.6074
1752620063.027936,568799.000,24964,1,SF,1,100,120.2006
1752620063.360938,569132.000,25013,1,SF,1,100,118.8102
1752620063.760942,569532.000,25080,1,SF,1,100,117.4357
1752620064.093944,569865.000,25128,1,SF,1,100,116.0772
1752620064.360947,570132.000,25181,1,SF,1,100,114.7345
1752620064.693949,570465.000,25229,1,SF,1,100,113.4072
1752620065.093953,570865.000,25296,1,SF,1,100,112.0953
1752620065.360955,571132.000,25345,1,SF,1,100,110.7986
1752620065.693958,571465.000,25395,1,SF,1,100,109.5168
1752620066.093961,571865.000,25468,1,SF,1,100,108.2499
1752620066.427964,572199.000,25520,1,SF,1,100,106.9977
1752620066.693966,572465.000,25568,1,SF,1,100,105.7599
1752620067.027969,572799.000,25619,1,SF,1,100,104.5365
1752620067.426972,573198.000,25684,1,SF,1,100,103.3272
1752620067.693975,573465.000,25736,1,SF,1,100,102.1319
1752620068.026977,573798.000,25785,1,SF,1,100,100.9505
1752620068.360980,574132.000,25833,1,SF,1,100,99.7827
1752620068.760984,574532.000,25900,1,SF,1,100,98.6284
1752620069.026986,574798.000,25951,1,SF,1,100,97.4874
1752620069.360989,575132.000,26001,1,SF,1,100,96.3597
1752620069.760992,575532.000,26068,1,SF,1,100,95.2450
1752620070.026994,575798.000,26117,1,SF,1,100,94.1432
1752620070.360997,576132.000,26166,1,SF,1,100,93.0541
1752620070.694000,576465.000,26218,1,SF,1,100,91.9777
1752620071.160004,576931.000,26290,1,SF,1,100,90.9137
1752620071.360005,577131.000,26324,1,SF,1,100,89.8620
1752620071.694008,577465.000,26373,1,SF,1,100,88.8225
1752620072.094011,577865.000,26441,1,SF,1,100,87.7950
1752620072.427014,578198.000,26490,1,SF,1,100,86.7793
1752620072.694016,578465.000,26541,1,SF,1,100,85.7755
1752620073.027019,578798.000,26589,1,SF,1,100,84.7832
1752620073.427023,579198.000,26656,1,SF,1,100,83.8024
1752620073.694025,579465.000,26707,1,SF,1,100,82.8330
1752620074.027028,579798.000,26757,1,SF,1,100,81.8748
1752620074.427031,580198.000,26822,1,SF,1,100,80.9276
1752620074.760034,580531.000,26873,1,SF,1,100,79.9915
1752620075.027036,580798.000,26923,1,SF,1,100,79.0661
1752620075.360039,581131.000,26974,1,SF,1,100,78.1515
1752620075.760042,581531.000,27039,1,SF,1,100,77.2474
1752620076.027044,581798.000,27089,1,SF,1,100,76.3538
1752620076.360047,582131.000,27147,1,SF,1,100,75.4706
1752620076.760051,582531.000,27214,1,SF,1,100,74.5975
1752620077.027053,582798.000,27264,1,SF,1,100,73.7346
1752620077.360056,583131.000,27313,1,SF,1,100,72.8816
1752620077.693058,583464.000,27363,1,SF,1,100,72.0385
1752620078.093062,583864.000,27430,1,SF,1,100,71.2051
1752620078.360064,584131.000,27481,1,SF,1,100,70.3814
1752620078.693067,584464.000,27529,1,SF,1,100,69.5673
1752620079.093070,584864.000,27596,1,SF,1,100,68.7625
1752620079.360072,585131.000,27645,1,SF,1,100,67.9671
1752620079.693075,585464.000,27697,1,SF,1,100,67.1808
1752620080.026078,585797.000,27746,1,SF,1,100,66.4037
1752620080.426081,586197.000,27813,1,SF,1,100,65.6355
1752620080.693083,586464.000,27861,1,SF,1,100,64.8762
1752620081.026086,586797.000,27912,1,SF,1,100,64.1257
1752620081.359089,587130.000,27969,1,SF,1,100,63.3839
1752620081.759092,587530.000,28036,1,SF,1,100,62.6507
1752620082.026095,587797.000,28085,1,SF,1,100,61.9259
1752620082.359097,588130.000,28135,1,SF,1,100,61.2096
1752620082.759101,588530.000,28200,1,SF,1,100,60.5015
1752620083.026103,588797.000,28253,1,SF,1,100,59.8016
1752620083.359106,589130.000,28301,1,SF,1,100,59.1098
1752620083.692109,589463.000,28352,1,SF,1,100,58.4260
1752620084.092112,589863.000,28417,1,SF,1,100,57.7502
1752620084.359114,590130.000,28469,1,SF,1,100,57.0821
1752620084.692117,590463.000,28518,1,SF,1,100,56.4218
1752620085.092120,590863.000,28585,1,SF,1,100,55.7691
1752620085.359123,591130.000,28633,1,SF,1,100,55.1239
1752620085.692125,591463.000,28686,1,SF,1,100,54.4863
1752620086.026128,591797.000,28734,1,SF,1,100,53.8560
1752620086.492132,592263.000,28809,1,SF,1,100,53.2329
1752620086.692134,592463.000,28843,1,SF,1,100,52.6171
1752620087.092137,592863.000,28910,1,SF,1,100,52.0085
1752620087.359139,593130.000,28958,1,SF,1,100,51.4068
1752620087.692142,593463.000,29010,1,SF,1,100,50.8122
1752620088.092145,593863.000,29075,1,SF,1,100,50.2244
1752620088.425148,594196.000,29126,1,SF,1,100,49.6434
1752620088.692150,594463.000,29175,1,SF,1,100,49.0691
1752620089.025153,594796.000,29225,1,SF,1,100,48.5014
1752620089.425157,595196.000,29290,1,SF,1,100,47.9404
1752620089.692159,595463.000,29343,1,SF,1,100,47.3858
1752620090.025162,595796.000,29391,1,SF,1,100,46.8376
1752620090.425165,596196.000,29458,1,SF,1,100,46.2958
1752620090.758168,596529.000,29507,1,SF,1,100,45.7603
1752620091.025170,596796.000,29559,1,SF,1,100,45.2309
1752620091.358173,597129.000,29610,1,SF,1,100,44.7077
1752620091.758176,597529.000,29682,1,SF,1,100,44.1905
1752620092.025178,597796.000,29730,1,SF,1,100,43.6793
1752620092.358181,598129.000,29780,1,SF,1,100,43.1740
1752620092.758185,598529.000,29847,1,SF,1,100,42.6746
1752620093.092187,598863.000,29898,1,SF,1,100,42.1809
1752620093.358190,599129.000,29947,1,SF,1,100,41.6930
1752620093.692192,599463.000,29997,1,SF,1,100,41.2106
1752620094.091196,599862.000,30062,1,SF,1,100,40.7339
1752620094.358198,600129.000,30115,1,SF,1,100,40.2627
1752620094.691201,600462.000,30163,1,SF,1,100,39.7969
1752620095.091204,600862.000,30230,1,SF,1,100,39.3366
1752620095.425207,601196.000,30279,1,SF,1,100,38.8815
1752620095.691209,601462.000,30331,1,SF,1,100,38.4317
1752620096.025212,601796.000,30380,1,SF,1,100,37.9872
1752620096.425215,602196.000,30449,1,SF,1,100,37.5477
1752620096.758218,602529.000,30503,1,SF,1,100,37.1134
1752620097.091221,602862.000,30555,1,SF,1,100,36.6840
1752620097.358223,603129.000,30603,1,SF,1,100,36.2597
1752620097.691226,603462.000,30654,1,SF,1,100,35.8402
1752620098.091229,603862.000,30719,1,SF,1,100,35.4256
1752620098.358231,604129.000,30771,1,SF,1,100,35.0158
1752620098.691234,604462.000,30820,1,SF,1,100,34.6108
1752620099.091238,604862.000,30887,1,SF,1,100,34.2104
1752620099.424240,605195.000,30935,1,SF,1,100,33.8146
1752620099.691243,605462.000,30988,1,SF,1,100,33.4235
1752620100.024245,605795.000,31036,1,SF,1,100,33.0368
1752620100.424249,606195.000,31103,1,SF,1,100,32.6546
1752620100.691251,606462.000,31154,1,SF,1,100,32.2769
1752620101.024254,606795.000,31203,1,SF,1,100,31.9035
1752620101.357257,607128.000,31255,1,SF,1,100,31.5344
1752620101.757260,607528.000,31327,1,SF,1,100,31.1697
1752620102.024262,607795.000,31377,1,SF,1,100,30.8091
1752620102.357265,608128.000,31427,1,SF,1,100,30.4527
1752620102.691268,608462.000,31478,1,SF,1,100,30.1004
1752620103.091271,608862.000,31543,1,SF,1,100,29.7522
1752620103.357273,609128.000,31594,1,SF,1,100,29.4080
1752620103.691276,609462.000,31642,1,SF,1,100,29.0678
1752620104.090279,609861.000,31709,1,SF,1,100,28.7316
1752620104.357282,610128.000,31762,1,SF,1,100,28.3992
1752620104.690284,610461.000,31810,1,SF,1,100,28.0707
1752620105.024287,610795.000,31859,1,SF,1,100,27.7460
1752620105.424291,611195.000,31926,1,SF,1,100,27.4250
1752620105.690293,611461.000,31978,1,SF,1,100,27.1077
1752620106.024296,611795.000,32027,1,SF,1,100,26.7941
1752620106.424299,612195.000,32096,1,SF,1,100,26.4842
1752620106.757302,612528.000,32144,1,SF,1,100,26.1778
1752620107.024304,612795.000,32202,1,SF,1,100,25.8750
1752620107.357307,613128.000,32250,1,SF,1,100,25.5757
1752620107.757310,613528.000,32317,1,SF,1,100,25.2798
1752620108.024312,613795.000,32366,1,SF,1,100,24.9874
1752620108.357315,614128.000,32416,1,SF,1,100,24.6983
1752620108.757319,614528.000,32482,1,SF,1,100,24.4126
1752620109.090321,614861.000,32534,1,SF,1,100,24.1302
1752620109.357324,615128.000,32582,1,SF,1,100,23.8511
1752620109.690326,615461.000,32633,1,SF,1,100,23.5751
1752620110.090330,615861.000,32700,1,SF,1,100,23.3024
1752620110.357332,616128.000,32750,1,SF,1,100,23.0329
1752620110.690335,616461.000,32799,1,SF,1,100,22.7664
1752620111.090338,616861.000,32868,1,SF,1,100,22.5031
1752620111.423341,617194.000,32918,1,SF,1,100,22.2427
1752620111.690343,617461.000,32969,1,SF,1,100,21.9854
1752620112.090346,617861.000,33021,1,SF,1,100,21.7311
1752620112.356349,618127.000,33073,1,SF,1,100,21.4797
1752620112.690352,618461.000,33124,1,SF,1,100,21.2312
1752620113.023354,618794.000,33172,1,SF,1,100,20.9856
1752620113.423358,619194.000,33239,1,SF,1,100,20.7429
1752620113.689360,619460.000,33290,1,SF,1,100,20.5029
1752620114.023363,619794.000,33340,1,SF,1,100,20.2657
1752620114.423366,620194.000,33405,1,SF,1,100,20.0313
1752620114.689368,620460.000,33456,1,SF,1,100,19.7996
1752620115.023371,620794.000,33506,1,SF,1,100,19.5705
1752620115.356374,621127.000,33557,1,SF,1,100,19.3441
1752620115.756377,621527.000,33622,1,SF,1,100,19.1204
1752620116.023379,621794.000,33672,1,SF,1,100,18.8992
1752620116.356382,622127.000,33724,1,SF,1,100,18.6806
1752620116.689385,622460.000,33775,1,SF,1,100,18.4645
1752620117.089388,622860.000,33840,1,SF,1,100,18.2509
1752620117.356391,623127.000,33883,1,SF,1,100,18.0397
1752620117.756394,623527.000,33948,1,SF,1,100,17.8310
1752620118.022396,623793.000,33999,1,SF,1,100,17.6248
1752620118.356399,624127.000,34049,1,SF,1,100,19.5031
1752620118.756402,624527.000,34119,1,SF,1,100,21.3598
1752620119.089405,624860.000,34171,1,SF,1,100,21.1127
1752620119.356407,625127.000,34219,1,SF,1,100,20.8685
1752620119.689410,625460.000,34270,1,SF,1,100,20.6271
1752620120.089413,625860.000,34335,1,SF,1,100,20.3884
1752620120.356416,626127.000,34387,1,SF,1,100,20.1526
1752620120.689419,626460.000,34436,1,SF,1,100,19.9195
1752620121.022421,626793.000,34484,1,SF,1,100,19.6890
1752620121.422425,627193.000,34553,1,SF,1,100,19.4613
1752620121.689427,627460.000,34606,1,SF,1,100,19.2361
1752620122.022430,627793.000,34654,1,SF,1,100,19.0136
1752620122.355432,628126.000,34710,1,SF,1,100,18.7937
1752620122.689435,628460.000,34759,1,SF,1,100,18.5762
1752620123.022438,628793.000,34810,1,SF,1,100,18.3614
1752620123.422441,629193.000,34875,1,SF,1,100,18.1490
1752620123.688444,629459.000,34927,1,SF,1,100,17.9390
1752620124.022446,629793.000,34976,1,SF,1,100,17.7315
1752620124.422450,630193.000,35043,1,SF,1,100,17.5264
1752620124.755453,630526.000,35091,1,SF,1,100,17.3236
1752620125.022455,630793.000,35144,1,SF,1,100,17.1232
1752620125.355458,631126.000,35192,1,SF,1,100,16.9251
1752620125.755461,631526.000,35259,1,SF,1,100,16.7293
1752620126.022463,631793.000,35308,1,SF,1,100,16.5358
1752620126.355466,632126.000,35360,1,SF,1,100,16.3445
1752620126.755469,632526.000,35426,1,SF,1,100,16.1555
1752620127.022472,632793.000,35478,1,SF,1,100,15.9686
1752620127.355474,633126.000,35526,1,SF,1,100,15.7838
1752620127.688477,633459.000,35584,1,SF,1,100,15.6013
1752620128.021480,633792.000,35632,1,SF,1,100,15.4208
1752620128.355483,634126.000,35683,1,SF,1,100,15.2424
1752620128.755486,634526.000,35748,1,SF,1,100,15.0661
1752620129.021488,634792.000,35800,1,SF,1,100,14.8918
1752620129.355491,635126.000,35849,1,SF,1,100,14.7195
1752620129.755494,635526.000,35916,1,SF,1,100,14.5492
1752620130.021497,635792.000,35964,1,SF,1,100,14.3809
1752620130.355499,636126.000,36016,1,SF,1,100,14.2146
1752620130.688502,636459.000,36065,1,SF,1,100,14.0501
1752620131.088506,636859.000,36134,1,SF,1,100,13.8876
1752620131.354508,637125.000,36183,1,SF,1,100,13.7269
1752620131.688511,637459.000,36233,1,SF,1,100,13.5682
1752620132.088514,637859.000,36300,1,SF,1,100,13.4112
1752620132.354516,638125.000,36351,1,SF,1,100,13.2561
1752620132.754520,638525.000,36406,1,SF,1,100,13.1027
1752620133.021522,638792.000,36457,1,SF,1,100,12.9511
1752620133.354525,639125.000,36507,1,SF,1,100,12.8013
1752620133.754528,639525.000,36572,1,SF,1,100,12.6532
1752620134.021530,639792.000,36623,1,SF,1,100,12.5069
1752620134.354533,640125.000,36672,1,SF,1,100,12.3622
1752620134.687536,640458.000,36724,1,SF,1,100,12.2192
1752620135.087539,640858.000,36789,1,SF,1,100,12.0778
1752620135.354541,641125.000,36839,1,SF,1,100,11.9381
1752620135.687544,641458.000,36888,1,SF,1,100,11.8000
1752620136.087548,641858.000,36957,1,SF,1,100,11.6635
1752620136.354550,642125.000,37007,1,SF,1,100,11.5286
1752620136.687553,642458.000,37058,1,SF,1,100,11.3952
1752620137.021555,642792.000,37106,1,SF,1,100,11.2634
1752620137.420559,643191.000,37173,1,SF,1,100,11.1331
1752620137.754561,643525.000,37229,1,SF,1,100,11.0043
1752620138.020564,643791.000,37279,1,SF,1,100,10.8770
1752620138.354566,644125.000,37330,1,SF,1,100,10.7512
1752620138.687569,644458.000,37380,1,SF,1,100,10.6268
1752620139.087573,644858.000,37445,1,SF,1,100,10.5039
1752620139.354575,645125.000,37496,1,SF,1,100,10.3824
1752620139.687578,645458.000,37544,1,SF,1,100,10.2623
1752620140.087581,645858.000,37611,1,SF,1,100,10.1435
1752620140.420584,646191.000,37662,1,SF,1,100,10.0262
1752620140.687586,646458.000,37712,1,SF,1,100,9.9102
1752620141.020589,646791.000,37761,1,SF,1,100,9.7956
1752620141.420592,647191.000,37830,1,SF,1,100,9.6823
1752620141.687594,647458.000,37880,1,SF,1,100,9.5703
1752620142.020597,647791.000,37931,1,SF,1,100,9.4596
1752620142.420601,648191.000,37996,1,SF,1,100,9.3501
1752620142.687603,648458.000,38046,1,SF,1,100,9.2420
1752620143.087606,648858.000,38102,1,SF,1,100,9.1350
1752620143.353608,649124.000,38152,1,SF,1,100,9.0294
1752620143.686611,649457.000,38201,1,SF,1,100,8.9249
1752620144.086615,649857.000,38268,1,SF,1,100,8.8217
1752620144.353617,650124.000,38318,1,SF,1,100,8.7196
1752620144.686620,650457.000,38369,1,SF,1,100,8.6188
1752620145.020622,650791.000,38417,1,SF,1,100,8.5191
1752620145.420626,651191.000,38484,1,SF,1,100,8.4205
1752620145.686628,651457.000,38535,1,SF,1,100,8.3231
1752620146.020631,651791.000,38585,1,SF,1,100,8.2268
1752620146.420634,652191.000,38652,1,SF,1,100,8.1316
1752620146.686636,652457.000,38703,1,SF,1,100,8.0376
1752620147.020639,652791.000,38753,1,SF,1,100,7.9446
1752620147.353642,653124.000,38804,1,SF,1,100,7.8527
1752620147.753645,653524.000,38869,1,SF,1,100,7.7619
1752620148.086648,653857.000,38924,1,SF,1,100,7.6721
1752620148.419651,654190.000,38976,1,SF,1,100,7.5833
1752620148.686653,654457.000,39024,1,SF,1,100,7.4956
1752620149.019656,654790.000,39073,1,SF,1,100,7.4089
1752620149.419659,655190.000,39140,1,SF,1,100,7.3232
1752620149.686661,655457.000,39192,1,SF,1,100,7.2385
1752620150.019664,655790.000,39241,1,SF,1,100,7.1547
1752620150.352667,656123.000,39291,1,SF,1,100,7.0720
1752620150.752670,656523.000,39356,1,SF,1,100,6.9901
1752620151.019673,656790.000,39409,1,SF,1,100,6.9093
1752620151.352675,657123.000,39459,1,SF,1,100,6.8294
1752620151.752679,657523.000,39526,1,SF,1,100,6.7504
1752620152.019681,657790.000,39575,1,SF,1,100,6.6723
1752620152.352684,658123.000,39626,1,SF,1,100,6.5951
1752620152.686687,658457.000,39676,1,SF,1,100,6.5188
1752620153.086690,658857.000,39748,1,SF,1,100,6.4434
1752620153.419693,659190.000,39796,1,SF,1,100,6.3688
1752620153.686695,659457.000,39849,1,SF,1,100,6.2952
1752620154.019698,659790.000,39897,1,SF,1,100,6.2223
1752620154.419701,660190.000,39964,1,SF,1,100,6.1504
1752620154.752704,660523.000,40013,1,SF,1,100,6.0792
1752620155.019706,660790.000,40065,1,SF,1,100,6.0089
1752620155.352709,661123.000,40114,1,SF,1,100,5.9394
1752620155.752712,661523.000,40181,1,SF,1,100,5.8707
1752620156.019714,661790.000,40229,1,SF,1,100,5.8028
1752620156.352717,662123.000,40283,1,SF,1,100,5.7356
1752620156.685720,662456.000,40332,1,SF,1,100,5.6693
1752620157.085723,662856.000,40399,1,SF,1,100,5.6037
1752620157.352726,663123.000,40448,1,SF,1,100,5.5389
1752620157.685728,663456.000,40498,1,SF,1,100,5.4748
1752620158.085732,663856.000,40563,1,SF,1,100,5.4115
1752620158.352734,664123.000,40604,1,SF,1,100,5.3489
1752620158.752737,664523.000,40669,1,SF,1,100,5.2870
1752620159.018740,664789.000,40722,1,SF,1,100,5.2258
1752620159.352742,665123.000,40770,1,SF,1,100,5.1654
1752620159.752746,665523.000,40837,1,SF,1,100,5.1056
1752620160.018748,665789.000,40886,1,SF,1,100,5.0466
1752620160.351751,666122.000,40936,1,SF,1,100,4.9882
1752620160.751754,666522.000,41002,1,SF,1,100,4.9305
1752620161.085757,666856.000,41056,1,SF,1,100,4.8734
1752620161.351759,667122.000,41104,1,SF,1,100,4.8171
1752620161.685762,667456.000,41155,1,SF,1,100,4.7613
1752620162.085765,667856.000,41220,1,SF,1,100,4.7063
1752620162.351768,668122.000,41272,1,SF,1,100,4.6518
1752620162.685770,668456.000,41321,1,SF,1,100,4.5980
1752620163.085774,668856.000,41388,1,SF,1,100,4.5448
1752620163.351776,669122.000,41427,1,SF,1,100,4.4922
1752620163.751779,669522.000,41494,1,SF,1,100,4.4403
1752620164.018781,669789.000,41542,1,SF,1,100,4.3889
1752620164.351784,670122.000,41594,1,SF,1,100,4.3381
1752620164.684787,670455.000,41645,1,SF,1,100,4.2880
1752620165.084790,670855.000,41710,1,SF,1,100,4.2384
1752620165.351793,671122.000,41761,1,SF,1,100,4.1893
1752620165.684795,671455.000,41809,1,SF,1,100,4.1409
1752620166.084799,671855.000,41878,1,SF,1,100,4.0930
1752620166.351801,672122.000,41931,1,SF,1,100,4.0456
1752620166.684804,672455.000,41979,1,SF,1,100,3.9988
1752620167.017807,672788.000,42028,1,SF,1,100,3.9526
1752620167.418810,673189.000,42095,1,SF,1,100,3.9068
1752620167.684812,673455.000,42147,1,SF,1,100,3.8616
1752620168.017815,673788.000,42196,1,SF,1,100,3.8170
1752620168.417818,674188.000,42268,1,SF,1,100,3.7728
1752620168.684821,674455.000,42302,1,SF,1,100,3.7292
1752620169.084824,674855.000,42369,1,SF,1,100,3.6860
1752620169.351826,675122.000,42417,1,SF,1,100,3.6434
1752620169.684829,675455.000,42468,1,SF,1,100,3.6012
1752620170.084832,675855.000,42533,1,SF,1,100,3.5596
1752620170.351835,676122.000,42585,1,SF,1,100,3.5184
1752620170.684837,676455.000,42634,1,SF,1,100,3.4777
1752620171.017840,676788.000,42684,1,SF,1,100,3.4375
1752620171.417843,677188.000,42751,1,SF,1,100,3.3977
1752620171.684846,677455.000,42804,1,SF,1,100,3.3584
1752620172.017848,677788.000,42852,1,SF,1,100,3.3196
1752620172.417852,678188.000,42919,1,SF,1,100,3.2812
1752620172.684854,678455.000,42968,1,SF,1,100,3.2432
1752620173.017857,678788.000,43020,1,SF,1,100,3.2057
1752620173.350860,679121.000,43069,1,SF,1,100,3.1686
1752620173.684862,679455.000,43124,1,SF,1,100,3.1319
1752620174.083866,679854.000,43189,1,SF,1,100,3.0957
1752620174.417869,680188.000,43241,1,SF,1,100,3.0599
1752620174.683871,680454.000,43291,1,SF,1,100,3.0245
1752620175.017874,680788.000,43340,1,SF,1,100,2.9895
1752620175.417877,681188.000,43407,1,SF,1,100,2.9549
1752620175.683879,681454.000,43457,1,SF,1,100,2.9207
1752620176.017882,681788.000,43506,1,SF,1,100,2.8870
1752620176.417885,682188.000,43575,1,SF,1,100,2.8536
1752620176.750888,682521.000,43625,1,SF,1,100,2.8206
1752620177.016890,682787.000,43676,1,SF,1,100,2.7879
1752620177.350893,683121.000,43726,1,SF,1,100,2.7557
1752620177.750897,683521.000,43791,1,SF,1,100,2.7238
1752620178.016899,683787.000,43842,1,SF,1,100,2.6923
1752620178.350902,684121.000,43891,1,SF,1,100,2.6611
1752620178.683904,684454.000,43948,1,SF,1,100,2.6304
1752620179.016907,684787.000,43996,1,SF,1,100,2.5999
1752620179.416910,685187.000,44064,1,SF,1,100,2.5699
1752620179.750913,685521.000,44114,1,SF,1,100,2.5401
1752620180.016915,685787.000,44164,1,SF,1,100,2.5107
1752620180.350918,686121.000,44213,1,SF,1,100,2.4817
1752620180.750922,686521.000,44280,1,SF,1,100,2.4530
1752620181.016924,686787.000,44330,1,SF,1,100,2.4246
1752620181.350927,687121.000,44383,1,SF,1,100,2.3966
1752620181.749930,687520.000,44448,1,SF,1,100,2.3688
1752620182.083933,687854.000,44498,1,SF,1,100,2.3414
1752620182.349935,688120.000,44549,1,SF,1,100,2.3144
1752620182.683938,688454.000,44597,1,SF,1,100,2.2876
1752620183.083941,688854.000,44664,1,SF,1,100,2.2611
1752620183.349943,689120.000,44715,1,SF,1,100,2.2350
1752620183.682946,689453.000,44763,1,SF,1,100,2.2091
1752620184.016949,689787.000,44819,1,SF,1,100,2.1836
1752620184.349952,690120.000,44869,1,SF,1,100,2.1583
1752620184.749955,690520.000,44934,1,SF,1,100,2.1333
1752620185.016957,690787.000,44987,1,SF,1,100,2.1086
1752620185.349960,691120.000,45035,1,SF,1,100,2.0843
1752620185.682963,691453.000,45086,1,SF,1,100,2.0601
1752620186.082966,691853.000,45155,1,SF,1,100,2.0363
1752620186.349969,692120.000,45205,1,SF,1,100,2.0128
1752620186.682971,692453.000,45254,1,SF,1,100,1.9895
1752620187.082975,692853.000,45321,1,SF,1,100,1.9665
1752620187.349977,693120.000,45369,1,SF,1,100,1.9437
1752620187.682980,693453.000,45421,1,SF,1,100,1.9212
1752620188.082983,693853.000,45486,1,SF,1,100,1.8990
1752620188.415986,694186.000,45537,1,SF,1,100,1.8770
1752620188.682988,694453.000,45586,1,SF,1,100,1.8553
1752620189.015991,694786.000,45641,1,SF,1,100,1.8339
1752620189.349994,695120.000,45690,1,SF,1,100,1.8126
1752620189.749997,695520.000,45757,1,SF,1,100,1.7917
1752620190.083000,695853.000,45805,1,SF,1,100,1.7709
1752620190.349002,696119.000,45858,1,SF,1,100,1.7505
1752620190.683005,696453.000,45906,1,SF,1,100,1.7302
1752620191.083008,696853.000,45975,1,SF,1,100,1.7102
1752620191.349010,697119.000,46024,1,SF,1,100,1.6904
1752620191.683013,697453.000,46075,1,SF,1,100,1.6709
1752620192.016016,697786.000,46125,1,SF,1,100,1.6515
1752620192.416019,698186.000,46192,1,SF,1,100,1.6324
1752620192.683022,698453.000,46240,1,SF,1,100,1.6135
1752620193.016024,698786.000,46289,1,SF,1,100,1.5949
1752620193.416028,699186.000,46356,1,SF,1,100,1.5764
1752620193.683030,699453.000,46406,1,SF,1,100,1.5582
1752620194.082033,699852.000,46464,1,SF,1,100,1.5402
1752620194.349036,700119.000,46514,1,SF,1,100,1.5223
1752620194.682038,700452.000,46565,1,SF,1,100,1.5047
1752620195.082042,700852.000,46630,1,SF,1,100,1.4873
1752620195.416044,701186.000,46680,1,SF,1,100,1.4701
1752620195.682047,701452.000,46731,1,SF,1,100,1.4531
1752620196.016050,701786.000,46781,1,SF,1,100,1.4363
1752620196.416053,702186.000,46848,1,SF,1,100,1.4197
1752620196.682055,702452.000,46899,1,SF,1,100,1.4033
1752620197.016058,702786.000,46948,1,SF,1,100,1.3870
1752620197.415061,703185.000,47015,1,SF,1,100,1.3710
1752620197.749064,703519.000,47065,1,SF,1,100,1.3551
1752620198.016066,703786.000,47115,1,SF,1,100,1.3395
1752620198.349069,704119.000,47164,1,SF,1,100,1.3240
1752620198.749072,704519.000,47231,1,SF,1,100,1.3086
1752620199.015075,704785.000,47281,1,SF,1,100,1.2935
1752620199.415078,705185.000,47335,1,SF,1,100,1.2785
1752620199.682080,705452.000,47385,1,SF,1,100,1.2638
1752620200.015083,705785.000,47434,1,SF,1,100,1.2491
1752620200.415086,706185.000,47501,1,SF,1,100,1.2347
1752620200.682089,706452.000,47551,1,SF,1,100,1.2204
1752620201.015091,706785.000,47600,1,SF,1,100,1.2063
1752620201.415095,707185.000,47670,1,SF,1,100,1.1923
1752620201.748098,707518.000,47719,1,SF,1,100,1.1785
1752620202.015100,707785.000,47770,1,SF,1,100,1.1649
1752620202.348103,708118.000,47818,1,SF,1,100,1.1514
1752620202.748106,708518.000,47885,1,SF,1,100,1.1381
1752620203.015108,708785.000,47936,1,SF,1,100,1.1249
1752620203.348111,709118.000,47986,1,SF,1,100,1.1119
1752620203.748114,709518.000,48051,1,SF,1,100,1.0991
1752620204.081117,709851.000,48102,1,SF,1,100,1.0863
1752620204.415120,710185.000,48157,1,SF,1,100,1.0738
1752620204.748123,710518.000,48208,1,SF,1,100,1.0614
1752620205.015125,710785.000,48258,1,SF,1,100,1.0491
1752620205.348128,711118.000,48307,1,SF,1,100,1.0369
1752620205.748131,711518.000,48374,1,SF,1,100,1.0250
1752620206.015133,711785.000,48422,1,SF,1,100,1.0131
1752620206.348136,712118.000,48475,1,SF,1,100,1.0014
1752620206.748139,712518.000,48540,1,SF,1,100,0.9898
1752620207.014142,712784.000,48592,1,SF,1,100,0.9783
1752620207.348144,713118.000,48641,1,SF,1,100,0.9670
1752620207.681147,713451.000,48689,1,SF,1,100,0.9558
1752620208.081151,713851.000,48756,1,SF,1,100,0.9448
1752620208.348153,714118.000,48809,1,SF,1,100,0.9339
1752620208.681156,714451.000,48857,1,SF,1,100,0.9230
1752620209.081159,714851.000,48924,1,SF,1,100,0.9124
1752620209.414162,715184.000,48978,1,SF,1,100,0.9018
1752620209.748165,715518.000,49030,1,SF,1,100,0.8914
1752620210.014167,715784.000,49079,1,SF,1,100,0.8811
1752620210.347170,716117.000,49129,1,SF,1,100,0.8709
1752620210.681172,716451.000,49180,1,SF,1,100,0.8608
1752620211.081176,716851.000,49249,1,SF,1,100,0.8508
1752620211.347178,717117.000,49297,1,SF,1,100,0.8410
1752620211.681181,717451.000,49348,1,SF,1,100,0.8313
1752620212.081184,717851.000,49413,1,SF,1,100,0.8217
1752620212.347186,718117.000,49465,1,SF,1,100,0.8122
1752620212.681189,718451.000,49514,1,SF,1,100,0.8028
1752620213.014192,718784.000,49564,1,SF,1,100,0.7935
1752620213.414195,719184.000,49629,1,SF,1,100,0.7843
1752620213.680197,719450.000,49680,1,SF,1,100,0.7752
1752620214.014200,719784.000,49730,1,SF,1,100,0.7663
1752620214.414204,720184.000,49797,1,SF,1,100,0.7574
1752620214.680206,720450.000,49836,1,SF,1,100,0.7486
1752620215.080209,720850.000,49903,1,SF,1,100,0.7400
1752620215.347211,721117.000,49952,1,SF,1,100,0.7314
1752620215.680214,721450.000,50000,1,SF,1,100,0.7229
1752620216.080218,721850.000,50070,1,SF,1,100,0.7146
1752620216.414220,722184.000,50120,1,SF,1,100,0.7063
1752620216.680223,722450.000,50170,1,SF,1,100,0.6981
1752620217.013225,722783.000,50219,1,SF,1,100,0.6901
1752620217.414229,723184.000,50286,1,SF,1,100,0.6821
1752620217.680231,723450.000,50336,1,SF,1,100,0.6742
1752620218.013234,723783.000,50387,1,SF,1,100,0.6664
1752620218.413237,724183.000,50452,1,SF,1,100,0.6587
1752620218.747240,724517.000,50502,1,SF,1,100,0.6511
1752620219.013242,724783.000,50553,1,SF,1,100,0.6435
1752620219.347245,725117.000,50603,1,SF,1,100,0.6361
1752620219.680248,725450.000,50657,1,SF,1,100,0.6287
1752620220.080251,725850.000,50724,1,SF,1,100,0.6215
1752620220.347253,726117.000,50774,1,SF,1,100,0.6143
1752620220.680256,726450.000,50825,1,SF,1,100,0.6072
1752620221.013259,726783.000,50873,1,SF,1,100,0.6001
1752620221.413262,727183.000,50942,1,SF,1,100,0.5932
1752620221.680264,727450.000,50993,1,SF,1,100,0.5863
1752620222.013267,727783.000,51043,1,SF,1,100,0.5796
1752620222.413271,728183.000,51108,1,SF,1,100,0.5729
1752620222.680273,728450.000,51159,1,SF,1,100,0.5662
1752620223.013276,728783.000,51209,1,SF,1,100,0.5597
1752620223.346278,729116.000,51258,1,SF,1,100,0.5532
1752620223.746282,729516.000,51325,1,SF,1,100,0.5468
1752620224.013284,729783.000,51373,1,SF,1,100,0.5405
1752620224.346287,730116.000,51424,1,SF,1,100,0.5342
1752620224.813291,730583.000,51497,1,SF,1,100,0.5280
1752620225.013292,730783.000,51529,1,SF,1,100,0.5219
1752620225.413296,731183.000,51594,1,SF,1,100,0.5159
1752620225.679298,731449.000,51646,1,SF,1,100,0.5099
1752620226.013301,731783.000,51695,1,SF,1,100,0.5040
1752620226.413304,732183.000,51764,1,SF,1,100,0.4982
1752620226.746307,732516.000,51812,1,SF,1,100,0.4924
1752620227.012309,732782.000,51865,1,SF,1,100,0.4867
1752620227.346312,733116.000,51913,1,SF,1,100,0.4811
1752620227.746315,733516.000,51980,1,SF,1,100,0.4755
1752620228.012318,733782.000,52029,1,SF,1,100,0.4700
1752620228.346320,734116.000,52079,1,SF,1,100,0.4646
1752620228.746324,734516.000,52144,1,SF,1,100,0.4592
1752620229.079326,734849.000,52197,1,SF,1,100,0.4539
1752620229.346329,735116.000,52245,1,SF,1,100,0.4487
1752620229.679331,735449.000,52296,1,SF,1,100,0.4435
1752620230.012334,735782.000,52351,1,SF,1,100,0.4383
1752620230.412338,736182.000,52418,1,SF,1,100,0.4333
1752620230.679340,736449.000,52467,1,SF,1,100,0.4283
1752620231.012343,736782.000,52518,1,SF,1,100,0.4233
1752620231.412346,737182.000,52585,1,SF,1,100,0.4184
1752620231.745349,737515.000,52637,1,SF,1,100,0.4136
1752620232.012351,737782.000,52685,1,SF,1,100,0.4088
1752620232.345354,738115.000,52734,1,SF,1,100,0.4041
1752620232.745357,738515.000,52801,1,SF,1,100,0.3994
1752620233.012359,738782.000,52851,1,SF,1,100,0.3948
1752620233.345362,739115.000,52902,1,SF,1,100,0.3902
1752620233.745366,739515.000,52967,1,SF,1,100,0.3857
1752620234.078368,739848.000,53017,1,SF,1,100,0.3812
1752620234.345371,740115.000,53068,1,SF,1,100,0.3768
1752620234.678373,740448.000,53118,1,SF,1,100,0.3725
1752620235.012376,740782.000,53172,1,SF,1,100,0.3681
1752620235.412380,741182.000,53240,1,SF,1,100,0.3639
1752620235.745382,741515.000,53289,1,SF,1,100,0.3597
1752620236.012385,741782.000,53340,1,SF,1,100,0.3555
1752620236.345387,742115.000,53390,1,SF,1,100,0.3514
1752620236.745391,742515.000,53457,1,SF,1,100,0.3473
1752620237.012393,742782.000,53508,1,SF,1,100,0.3433
1752620237.345396,743115.000,53558,1,SF,1,100,0.3393
1752620237.678399,743448.000,53607,1,SF,1,100,0.3354
1752620238.078402,743848.000,53674,1,SF,1,100,0.3315
1752620238.345404,744115.000,53724,1,SF,1,100,0.3277
1752620238.678407,744448.000,53775,1,SF,1,100,0.3239
1752620239.078410,744848.000,53840,1,SF,1,100,0.3202
1752620239.345412,745115.000,53890,1,SF,1,100,0.3165
1752620239.678415,745448.000,53940,1,SF,1,100,0.3128
1752620240.145419,745915.000,54012,1,SF,1,100,0.3092
1752620240.344421,746114.000,54044,1,SF,1,100,0.3056
1752620240.744424,746514.000,54111,1,SF,1,100,0.3021
1752620241.078427,746848.000,54163,1,SF,1,100,0.2986
1752620241.344429,747114.000,54214,1,SF,1,100,0.2951
1752620241.678432,747448.000,54262,1,SF,1,100,0.2917
1752620242.078435,747848.000,54329,1,SF,1,100,0.2883
1752620242.344438,748114.000,54380,1,SF,1,100,0.2850
1752620242.678440,748448.000,54428,1,SF,1,100,0.2817
1752620243.078444,748848.000,54495,1,SF,1,100,0.2784
1752620243.411447,749181.000,54544,1,SF,1,100,0.2752
1752620243.677449,749447.000,54596,1,SF,1,100,0.2720
1752620244.011452,749781.000,54645,1,SF,1,100,0.2689
1752620244.411455,750181.000,54712,1,SF,1,100,0.2658
1752620244.677457,750447.000,54760,1,SF,1,100,0.2627
1752620245.011460,750781.000,54813,1,SF,1,100,0.2597
1752620245.344463,751114.000,54866,1,SF,1,100,0.2567
1752620245.677466,751447.000,54917,1,SF,1,100,0.2537
1752620246.077469,751847.000,54984,1,SF,1,100,0.2508
1752620246.344471,752114.000,55036,1,SF,1,100,0.2479
1752620246.677474,752447.000,55085,1,SF,1,100,0.2450
1752620247.011477,752781.000,55135,1,SF,1,100,0.2422
1752620247.411480,753181.000,55200,1,SF,1,100,0.2394
1752620247.677482,753447.000,55253,1,SF,1,100,0.2366
1752620248.010485,753780.000,55301,1,SF,1,100,0.2339
1752620248.410488,754180.000,55368,1,SF,1,100,0.2311
1752620248.677491,754447.000,55417,1,SF,1,100,0.2285
1752620249.010493,754780.000,55466,1,SF,1,100,0.2258
1752620249.410497,755180.000,55533,1,SF,1,100,0.2232
1752620249.744500,755514.000,55583,1,SF,1,100,0.2206
1752620250.010502,755780.000,55633,1,SF,1,100,0.2181
1752620250.343505,756113.000,55687,1,SF,1,100,0.2156
1752620250.677507,756447.000,55738,1,SF,1,100,0.2131
1752620251.010510,756780.000,55787,1,SF,1,100,0.2106
1752620251.410514,757180.000,55856,1,SF,1,100,0.2082
1752620251.677516,757447.000,55906,1,SF,1,100,0.2058
1752620252.010519,757780.000,55957,1,SF,1,100,0.2034
1752620252.410522,758180.000,56022,1,SF,1,100,0.2010
1752620252.677524,758447.000,56072,1,SF,1,100,0.1987
1752620253.010527,758780.000,56122,1,SF,1,100,0.1964
1752620253.410530,759180.000,56189,1,SF,1,100,0.1941
1752620253.743533,759513.000,56238,1,SF,1,100,0.1919
1752620254.010535,759780.000,56289,1,SF,1,100,0.1897
1752620254.343538,760113.000,56337,1,SF,1,100,0.1875
1752620254.743541,760513.000,56404,1,SF,1,100,0.1853
1752620255.010544,760780.000,56455,1,SF,1,100,0.1832
1752620255.343546,761113.000,56505,1,SF,1,100,0.1810
1752620255.676549,761446.000,56561,1,SF,1,100,0.1789
1752620256.010552,761780.000,56611,1,SF,1,100,0.1769
1752620256.410555,762180.000,56678,1,SF,1,100,0.1748
1752620256.676558,762446.000,56729,1,SF,1,100,0.1728
1752620257.010560,762780.000,56777,1,SF,1,100,0.1708
1752620257.409564,763179.000,56845,1,SF,1,100,0.1688
1752620257.743567,763513.000,56895,1,SF,1,100,0.1669
1752620258.076569,763846.000,56915,1,SF,1,100,0.1649
1752620258.343572,764113.000,56949,1,SF,1,100,0.1630
1752620258.676574,764446.000,57000,1,SF,1,100,0.1612
1752620259.009577,764779.000,57048,1,SF,1,100,0.1593
1752620259.409581,765179.000,57115,1,SF,1,100,0.1574
1752620259.676583,765446.000,57166,1,SF,1,100,0.1556
1752620260.009586,765779.000,57216,1,SF,1,100,0.1538
1752620260.409589,766179.000,57281,1,SF,1,100,0.1520
1752620260.676591,766446.000,57320,1,SF,1,100,0.1503
1752620261.009594,766779.000,57371,1,SF,1,100,0.1485
1752620261.409597,767179.000,57440,1,SF,1,100,0.1468
1752620261.676600,767446.000,57490,1,SF,1,100,0.1451
1752620262.009602,767779.000,57541,1,SF,1,100,0.1435
1752620262.342605,768112.000,57589,1,SF,1,100,0.1418
1752620262.742608,768512.000,57656,1,SF,1,100,0.1402
1752620263.009611,768779.000,57707,1,SF,1,100,0.1385
1752620263.342613,769112.000,57755,1,SF,1,100,0.1369
1752620263.742617,769512.000,57822,1,SF,1,100,0.1353
1752620264.009619,769779.000,57873,1,SF,1,100,0.1338
1752620264.342622,770112.000,57922,1,SF,1,100,0.1322
1752620264.675625,770445.000,57972,1,SF,1,100,0.1307
1752620265.075628,770845.000,58039,1,SF,1,100,0.1292
1752620265.342630,771112.000,58087,1,SF,1,100,0.1277
1752620265.675633,771445.000,58143,1,SF,1,100,0.1262
1752620266.009636,771779.000,58192,1,SF,1,100,0.1248
1752620266.342639,772112.000,58245,1,SF,1,100,0.1233
1752620266.742642,772512.000,58310,1,SF,1,100,0.1219
1752620267.009644,772779.000,58362,1,SF,1,100,0.1205
1752620267.342647,773112.000,58411,1,SF,1,100,0.1191
1752620267.742650,773512.000,58478,1,SF,1,100,0.1177
1752620268.075653,773845.000,58526,1,SF,1,100,0.1163
1752620268.342655,774112.000,58579,1,SF,1,100,0.1150
1752620268.675658,774445.000,58627,1,SF,1,100,0.1137
1752620269.075662,774845.000,58694,1,SF,1,100,0.1124
1752620269.342664,775112.000,58743,1,SF,1,100,0.1111
1752620269.675667,775445.000,58794,1,SF,1,100,0.1098
1752620270.008669,775778.000,58844,1,SF,1,100,0.1085
1752620270.408673,776178.000,58911,1,SF,1,100,0.1072
1752620270.675675,776445.000,58959,1,SF,1,100,0.1060
1752620271.008678,776778.000,59017,1,SF,1,100,0.1048
1752620271.341680,777111.000,59067,1,SF,1,100,0.1036
1752620271.675683,777445.000,59118,1,SF,1,100,0.1024
1752620272.075687,777845.000,59183,1,SF,1,100,0.1012
1752620272.341689,778111.000,59235,1,SF,1,100,0.1000
1752620272.675692,778445.000,59284,1,SF,1,100,0.0989
1752620273.075695,778845.000,59351,1,SF,1,100,0.0977
1752620273.341697,779111.000,59399,1,SF,1,100,0.0966
1752620273.675700,779445.000,59451,1,SF,1,100,2.1777
1752620274.008703,779778.000,59502,1,SF,1,100,2.1525
1752620274.408706,780178.000,59569,1,SF,1,100,2.1276
1752620274.674708,780444.000,59618,1,SF,1,100,2.1030
1752620275.008711,780778.000,59666,1,SF,1,100,2.0787
1752620275.408715,781178.000,59731,1,SF,1,100,2.0546
1752620275.674717,781444.000,59782,1,SF,1,100,2.0309
1752620276.074720,781844.000,59837,1,SF,1,100,2.0074
1752620276.341722,782111.000,59888,1,SF,1,100,1.9842
1752620276.674725,782444.000,59938,1,SF,1,100,1.9612
1752620277.074729,782844.000,60003,1,SF,1,100,1.9385
1752620277.341731,783111.000,60052,1,SF,1,100,1.9161
1752620277.674734,783444.000,60102,1,SF,1,100,1.8939
1752620278.074737,783844.000,60168,1,SF,1,100,1.8720
1752620278.407740,784177.000,60220,1,SF,1,100,3.9326
1752620278.674742,784444.000,60270,1,SF,1,100,3.8871
1752620279.007745,784777.000,60319,1,SF,1,100,3.8422
1752620279.407748,785177.000,60384,1,SF,1,100,3.7977
1752620279.674750,785444.000,60436,1,SF,1,100,3.7538
1752620280.007753,785777.000,60485,1,SF,1,100,3.7104
1752620280.407756,786177.000,60552,1,SF,1,100,3.6674
1752620280.740759,786510.000,60600,1,SF,1,100,3.6250
1752620281.074762,786844.000,60658,1,SF,1,100,3.5831
1752620281.340764,787110.000,60708,1,SF,1,100,3.5416
1752620281.674767,787444.000,60760,1,SF,1,100,3.5007
1752620282.074770,787844.000,60827,1,SF,1,100,3.4602
1752620282.407773,788177.000,60876,1,SF,1,100,3.4201
1752620282.674775,788444.000,60927,1,SF,1,100,3.3806
1752620283.007778,788777.000,60975,1,SF,1,100,3.3415
1752620283.407782,789177.000,61042,1,SF,1,100,3.3028
1752620283.674784,789444.000,61093,1,SF,1,100,3.2646
1752620284.007787,789777.000,61143,1,SF,1,100,3.2268
1752620284.407790,790177.000,61208,1,SF,1,100,3.1895
1752620284.740793,790510.000,61259,1,SF,1,100,3.1526
1752620285.007795,790777.000,61309,1,SF,1,100,3.1161
1752620285.340798,791110.000,61360,1,SF,1,100,3.0801
1752620285.740801,791510.000,61425,1,SF,1,100,3.0445
1752620286.007803,791777.000,61475,1,SF,1,100,3.0092
1752620286.407807,792177.000,61533,1,SF,1,100,2.9744
1752620286.673809,792443.000,61583,1,SF,1,100,2.9400
1752620287.006812,792776.000,61632,1,SF,1,100,2.9060
1752620287.406815,793176.000,61699,1,SF,1,100,2.8724
1752620287.673817,793443.000,61749,1,SF,1,100,2.8392
1752620288.006820,793776.000,61800,1,SF,1,100,2.8063
1752620288.340823,794110.000,61848,1,SF,1,100,2.7739
1752620288.740826,794510.000,61915,1,SF,1,100,2.7418
1752620289.006828,794776.000,61966,1,SF,1,100,2.7101
1752620289.340831,795110.000,62016,1,SF,1,100,2.6787
1752620289.740835,795510.000,62081,1,SF,1,100,2.6477
1752620290.006837,795776.000,62132,1,SF,1,100,2.6171
1752620290.339840,796109.000,62181,1,SF,1,100,2.5868
1752620290.673842,796443.000,62231,1,SF,1,100,2.5569
1752620291.073846,796843.000,62300,1,SF,1,100,2.5273
1752620291.406849,797176.000,62355,1,SF,1,100,2.4981
1752620291.673851,797443.000,62406,1,SF,1,100,2.4692
1752620292.006854,797776.000,62456,1,SF,1,100,2.4406
1752620292.339856,798109.000,62505,1,SF,1,100,2.4124
1752620292.739860,798509.000,62572,1,SF,1,100,2.3845
1752620293.006862,798776.000,62622,1,SF,1,100,2.3569
1752620293.339865,799109.000,62671,1,SF,1,100,2.3296
1752620293.739868,799509.000,62738,1,SF,1,100,2.3027
1752620294.006870,799776.000,62786,1,SF,1,100,2.2760
1752620294.339873,800109.000,62839,1,SF,1,100,2.2497
1752620294.672876,800442.000,62887,1,SF,1,100,2.2237
1752620295.072879,800842.000,62954,1,SF,1,100,2.1980
1752620295.339882,801109.000,63003,1,SF,1,100,2.1725
1752620295.672884,801442.000,63053,1,SF,1,100,2.1474
1752620296.072888,801842.000,63120,1,SF,1,100,2.1226
1752620296.406890,802176.000,63178,1,SF,1,100,2.0980
1752620296.739893,802509.000,63226,1,SF,1,100,2.0737
1752620297.005895,802775.000,63279,1,SF,1,100,2.0497
1752620297.339898,803109.000,63327,1,SF,1,100,2.0260
1752620297.739902,803509.000,63394,1,SF,1,100,2.0026
1752620298.072904,803842.000,63445,1,SF,1,100,1.9794
1752620298.339907,804109.000,63495,1,SF,1,100,1.9565
1752620298.672909,804442.000,63544,1,SF,1,100,1.9339
1752620299.072913,804842.000,63611,1,SF,1,100,1.9115
1752620299.339915,805109.000,63659,1,SF,1,100,1.8894
1752620299.672918,805442.000,63710,1,SF,1,100,1.8676
1752620300.072921,805842.000,63776,1,SF,1,100,1.8460
1752620300.405924,806175.000,63827,1,SF,1,100,1.8246
1752620300.672926,806442.000,63876,1,SF,1,100,1.8035
1752620301.005929,806775.000,63926,1,SF,1,100,1.7826
1752620301.405932,807175.000,63993,1,SF,1,100,1.7620
1752620301.738935,807508.000,64051,1,SF,1,100,1.7416
1752620302.072938,807842.000,64099,1,SF,1,100,1.7215
1752620302.338940,808108.000,64152,1,SF,1,100,1.7016
1752620302.672943,808442.000,64200,1,SF,1,100,1.6819
1752620303.072946,808842.000,64267,1,SF,1,100,1.6624
1752620303.338949,809108.000,64316,1,SF,1,100,1.6432
1752620303.671951,809441.000,64365,1,SF,1,100,1.6242
1752620304.005954,809775.000,64417,1,SF,1,100,1.6054
1752620304.405957,810175.000,64482,1,SF,1,100,1.5868
1752620304.671960,810441.000,64532,1,SF,1,100,1.5685
1752620305.005962,810775.000,64581,1,SF,1,100,1.5503
1752620305.405966,811175.000,64648,1,SF,1,100,1.5324
1752620305.671968,811441.000,64698,1,SF,1,100,1.5147
1752620306.005971,811775.000,64749,1,SF,1,100,1.4971
1752620306.405974,812175.000,64816,1,SF,1,100,1.4798
1752620306.671976,812441.000,64857,1,SF,1,100,1.4627
1752620307.071980,812841.000,64922,1,SF,1,100,1.4458
1752620307.338982,813108.000,64972,1,SF,1,100,1.4291
1752620307.671985,813441.000,65022,1,SF,1,100,1.4125
1752620308.004988,813774.000,65073,1,SF,1,100,1.3962
1752620308.404991,814174.000,65138,1,SF,1,100,1.3800
1752620308.671993,814441.000,65189,1,SF,1,100,1.3641
1752620309.004996,814774.000,65237,1,SF,1,100,1.3483
1752620309.404999,815174.000,65304,1,SF,1,100,1.3327
1752620309.672002,815441.000,65355,1,SF,1,100,1.3173
1752620310.005004,815774.000,65405,1,SF,1,100,1.3020
1752620310.339007,816108.000,65454,1,SF,1,100,1.2870
1752620310.738011,816507.000,65521,1,SF,1,100,1.2721
1752620311.005013,816774.000,35,1,SF,1,100,1.2574
1752620311.338016,817107.000,86,1,SF,1,100,1.2428
1752620311.738019,817507.000,156,1,SF,1,100,1.2285
1752620312.005021,817774.000,190,1,SF,1,100,1.2142
1752620312.405024,818174.000,257,1,SF,1,100,1.2002
1752620312.672027,818441.000,305,1,SF,1,100,1.1863
1752620313.005029,818774.000,356,1,SF,1,100,1.1726
1752620313.405033,819174.000,421,1,SF,1,100,1.1590
1752620313.672035,819441.000,473,1,SF,1,100,1.1456
1752620314.005038,819774.000,522,1,SF,1,100,1.1324
1752620314.338041,820107.000,572,1,SF,1,100,1.1193
1752620314.738044,820507.000,637,1,SF,1,100,1.1063
1752620315.005046,820774.000,690,1,SF,1,100,1.0935
1752620315.338049,821107.000,738,1,SF,1,100,1.0809
1752620315.738052,821507.000,805,1,SF,1,100,1.0684
1752620316.005055,821774.000,854,1,SF,1,100,1.0560
1752620316.338057,822107.000,905,1,SF,1,100,1.0438
1752620316.671060,822440.000,957,1,SF,1,100,1.0317
1752620317.071064,822840.000,1029,1,SF,1,100,1.0198
1752620317.338066,823107.000,1079,1,SF,1,100,1.0080
1752620317.671069,823440.000,1128,1,SF,1,100,0.9963
1752620318.071072,823840.000,1195,1,SF,1,100,0.9848
1752620318.338074,824107.000,1245,1,SF,1,100,0.9734
1752620318.671077,824440.000,1296,1,SF,1,100,0.9621
1752620319.004080,824773.000,1344,1,SF,1,100,0.9510
1752620319.404083,825173.000,1409,1,SF,1,100,0.9400
1752620319.671085,825440.000,1462,1,SF,1,100,0.9291
1752620320.004088,825773.000,1510,1,SF,1,100,0.9184
1752620320.404091,826173.000,1577,1,SF,1,100,0.9078
1752620320.737094,826506.000,1626,1,SF,1,100,0.8973
1752620321.004097,826773.000,1678,1,SF,1,100,0.8869
1752620321.337099,827106.000,1729,1,SF,1,100,0.8766
1752620321.737103,827506.000,1796,1,SF,1,100,0.8665
1752620322.004105,827773.000,1849,1,SF,1,100,0.8565
1752620322.337108,828106.000,1901,1,SF,1,100,0.8466
1752620322.671110,828440.000,1950,1,SF,1,100,0.8368
1752620323.071114,828840.000,2017,1,SF,1,100,0.8271
1752620323.337116,829106.000,2066,1,SF,1,100,0.8175
1752620323.671119,829440.000,2116,1,SF,1,100,0.8081
1752620324.070122,829839.000,2181,1,SF,1,100,0.7987
1752620324.337124,830106.000,2234,1,SF,1,100,0.7895
1752620324.670127,830439.000,2282,1,SF,1,100,0.7803
1752620325.004130,830773.000,2331,1,SF,1,100,0.7713
1752620325.404133,831173.000,2398,1,SF,1,100,0.7624
1752620325.670136,831439.000,2448,1,SF,1,100,0.7536
1752620326.004138,831773.000,2499,1,SF,1,100,0.7448
1752620326.404142,832173.000,2568,1,SF,1,100,0.7362
1752620326.670144,832439.000,2616,1,SF,1,100,0.7277
1752620327.004147,832773.000,2671,1,SF,1,100,0.7193
1752620327.337150,833106.000,2722,1,SF,1,100,0.7110
1752620327.737153,833506.000,2787,1,SF,1,100,0.7028
1752620328.003155,833772.000,2838,1,SF,1,100,0.6946
1752620328.337158,834106.000,2886,1,SF,1,100,0.6866
1752620328.737161,834506.000,2953,1,SF,1,100,0.6786
1752620329.003164,834772.000,3004,1,SF,1,100,0.6708
1752620329.337166,835106.000,3054,1,SF,1,100,0.6630
1752620329.670169,835439.000,3103,1,SF,1,100,0.6554
1752620330.070172,835839.000,3170,1,SF,1,100,0.6478
1752620330.337175,836106.000,3220,1,SF,1,100,0.6403
1752620330.670177,836439.000,3269,1,SF,1,100,0.6329
1752620331.070181,836839.000,3338,1,SF,1,100,0.6256
1752620331.336183,837105.000,3388,1,SF,1,100,0.6183
1752620331.670186,837439.000,3437,1,SF,1,100,0.6112
1752620332.070189,837839.000,3505,1,SF,1,100,0.6041
1752620332.403192,838172.000,3559,1,SF,1,100,0.5971
1752620332.670194,838439.000,3610,1,SF,1,100,0.5902
1752620333.003197,838772.000,3658,1,SF,1,100,0.5834
1752620333.403200,839172.000,3723,1,SF,1,100,0.5766
1752620333.670203,839439.000,3776,1,SF,1,100,0.5700
1752620334.003205,839772.000,3824,1,SF,1,100,0.5634
1752620334.336208,840105.000,3875,1,SF,1,100,0.5568
1752620334.736212,840505.000,3940,1,SF,1,100,0.5504
1752620335.003214,840772.000,3992,1,SF,1,100,0.5440
1752620335.336217,841105.000,4041,1,SF,1,100,0.5377
1752620335.736220,841505.000,4108,1,SF,1,100,0.5315
1752620336.003222,841772.000,4156,1,SF,1,100,0.5254
1752620336.336225,842105.000,4209,1,SF,1,100,0.5193
1752620336.736228,842505.000,4275,1,SF,1,100,0.5133
1752620337.069231,842838.000,4326,1,SF,1,100,0.5074
1752620337.336233,843105.000,4380,1,SF,1,100,0.5015
1752620337.669236,843438.000,4430,1,SF,1,100,0.4957
1752620338.069239,843838.000,4495,1,SF,1,100,0.4900
1752620338.336242,844105.000,4548,1,SF,1,100,0.4843
1752620338.669244,844438.000,4596,1,SF,1,100,0.4787
1752620339.069248,844838.000,4663,1,SF,1,100,0.4731
1752620339.402251,845171.000,4712,1,SF,1,100,0.4677
1752620339.669253,845438.000,4764,1,SF,1,100,0.4623
1752620340.002256,845771.000,4813,1,SF,1,100,0.4569
1752620340.402259,846171.000,4880,1,SF,1,100,0.4516
1752620340.669261,846438.000,4928,1,SF,1,100,0.4464
1752620341.002264,846771.000,4980,1,SF,1,100,0.4412
1752620341.335267,847104.000,5031,1,SF,1,100,0.4361
1752620341.735270,847504.000,5098,1,SF,1,100,0.4311
1752620342.002272,847771.000,5147,1,SF,1,100,0.4261
1752620342.335275,848104.000,5197,1,SF,1,100,0.4212
1752620342.735279,848504.000,5267,1,SF,1,100,0.4163
1752620343.002281,848771.000,5320,1,SF,1,100,0.4115
1752620343.335284,849104.000,5368,1,SF,1,100,0.4067
1752620343.669286,849438.000,5419,1,SF,1,100,0.4020
1752620344.069290,849838.000,5484,1,SF,1,100,0.3974
1752620344.335292,850104.000,5536,1,SF,1,100,0.3928
1752620344.668295,850437.000,5585,1,SF,1,100,0.3882
1752620345.068298,850837.000,5652,1,SF,1,100,0.3837
1752620345.335300,851104.000,5700,1,SF,1,100,0.3793
1752620345.668303,851437.000,5752,1,SF,1,100,0.3749
1752620346.002306,851771.000,5801,1,SF,1,100,0.3706
1752620346.402309,852171.000,5870,1,SF,1,100,0.3663
1752620346.668311,852437.000,5919,1,SF,1,100,0.3620
1752620347.001314,852770.000,5969,1,SF,1,100,0.3579
1752620347.401318,853170.000,6034,1,SF,1,100,0.3537
1752620347.668320,853437.000,6074,1,SF,1,100,0.3496
1752620348.001323,853770.000,6122,1,SF,1,100,0.3456
1752620348.401326,854170.000,6189,1,SF,1,100,0.3416
1752620348.668328,854437.000,6238,1,SF,1,100,0.3376
1752620349.001331,854770.000,6288,1,SF,1,100,0.3337
1752620349.401334,855170.000,6354,1,SF,1,100,0.3299
1752620349.668337,855437.000,6406,1,SF,1,100,0.3261
1752620350.001339,855770.000,6454,1,SF,1,100,0.3223
1752620350.334342,856103.000,6505,1,SF,1,100,0.3186
1752620350.734346,856503.000,6570,1,SF,1,100,0.3149
1752620351.001348,856770.000,6622,1,SF,1,100,0.3112
1752620351.334351,857103.000,6673,1,SF,1,100,0.3076
1752620351.734354,857503.000,6740,1,SF,1,100,0.3041
1752620352.001356,857770.000,6788,1,SF,1,100,0.3005
1752620352.334359,858103.000,6841,1,SF,1,100,0.2971
1752620352.668362,858437.000,6894,1,SF,1,100,0.2936
1752620353.001365,858770.000,6945,1,SF,1,100,0.2902
1752620353.401368,859170.000,7010,1,SF,1,100,0.2869
1752620353.668370,859437.000,7062,1,SF,1,100,0.2836
1752620354.001373,859770.000,7111,1,SF,1,100,0.2803
1752620354.334376,860103.000,7161,1,SF,1,100,0.2770
1752620354.734379,860503.000,7226,1,SF,1,100,0.2738
1752620355.001381,860770.000,7279,1,SF,1,100,0.2707
1752620355.334384,861103.000,7327,1,SF,1,100,0.2675
1752620355.734387,861503.000,7394,1,SF,1,100,0.2644
1752620356.001390,861770.000,7443,1,SF,1,100,0.2614
1752620356.334392,862103.000,7496,1,SF,1,100,0.2584
1752620356.667395,862436.000,7546,1,SF,1,100,0.2554
1752620357.067399,862836.000,7613,1,SF,1,100,0.2524
1752620357.334401,863103.000,7661,1,SF,1,100,0.2495
1752620357.667404,863436.000,7712,1,SF,1,100,0.2466
1752620358.067407,863836.000,7784,1,SF,1,100,0.2438
1752620358.334409,864103.000,7836,1,SF,1,100,0.2409
1752620358.667412,864436.000,7885,1,SF,1,100,0.2382
1752620359.000415,864769.000,7935,1,SF,1,100,0.2354
1752620359.400418,865169.000,8002,1,SF,1,100,0.2327
1752620359.667420,865436.000,8053,1,SF,1,100,0.2300
1752620360.000423,865769.000,8103,1,SF,1,100,0.2273
1752620360.400427,866169.000,8168,1,SF,1,100,0.2247
1752620360.667429,866436.000,8219,1,SF,1,100,0.2221
1752620361.000432,866769.000,8268,1,SF,1,100,0.2195
1752620361.400435,867169.000,8337,1,SF,1,100,0.2170
1752620361.733438,867502.000,8387,1,SF,1,100,0.2145
1752620362.000440,867769.000,8437,1,SF,1,100,0.2120
1752620362.333443,868102.000,8486,1,SF,1,100,0.2095
1752620362.733446,868502.000,8553,1,SF,1,100,0.2071
1752620363.000448,868769.000,8608,1,SF,1,100,0.2047
1752620363.333451,869102.000,8659,1,SF,1,100,0.2024
1752620363.733454,869502.000,8724,1,SF,1,100,0.2000
1752620364.066457,869835.000,8774,1,SF,1,100,0.1977
1752620364.333459,870102.000,8825,1,SF,1,100,0.1954
1752620364.666462,870435.000,8875,1,SF,1,100,0.1931
1752620365.066466,870835.000,8942,1,SF,1,100,0.1909
1752620365.333468,871102.000,8991,1,SF,1,100,0.1887
1752620365.666471,871435.000,9039,1,SF,1,100,0.1865
1752620366.066474,871835.000,9109,1,SF,1,100,0.1844
1752620366.400477,872169.000,9159,1,SF,1,100,0.1822
1752620366.666479,872435.000,9209,1,SF,1,100,0.1801
1752620366.999482,872768.000,9258,1,SF,1,100,0.1780
1752620367.399485,873168.000,9325,1,SF,1,100,0.1760
1752620367.666487,873435.000,9375,1,SF,1,100,0.1739
1752620367.999490,873768.000,9431,1,SF,1,100,0.1719
1752620368.399494,874168.000,9498,1,SF,1,100,0.1699
1752620368.733496,874502.000,9546,1,SF,1,100,0.1680
1752620368.999499,874768.000,9597,1,SF,1,100,0.1660
1752620369.333501,875102.000,9647,1,SF,1,100,0.1641
1752620369.733505,875502.000,9714,1,SF,1,100,0.1622
1752620369.999507,875768.000,9763,1,SF,1,100,0.1603
1752620370.332510,876101.000,9814,1,SF,1,100,0.1585
1752620370.666513,876435.000,9864,1,SF,1,100,0.1567
1752620371.066516,876835.000,9933,1,SF,1,100,0.1548
1752620371.332518,877101.000,9981,1,SF,1,100,0.1530
1752620371.666521,877435.000,10032,1,SF,1,100,0.1513
1752620372.066524,877835.000,10097,1,SF,1,100,0.1495
1752620372.332526,878101.000,10149,1,SF,1,100,0.1478
1752620372.666529,878435.000,10198,1,SF,1,100,0.1461
1752620372.999532,878768.000,10248,1,SF,1,100,0.1444
1752620373.399535,879168.000,10318,1,SF,1,100,0.1427
1752620373.666538,879435.000,10371,1,SF,1,100,0.1411
1752620373.999540,879768.000,10419,1,SF,1,100,0.1394
1752620374.399544,880168.000,10486,1,SF,1,100,0.1378
1752620374.665546,880434.000,10535,1,SF,1,100,0.1362
1752620374.999549,880768.000,10585,1,SF,1,100,0.1347
1752620375.332552,881101.000,10636,1,SF,1,100,0.1331
1752620375.732555,881501.000,10703,1,SF,1,100,0.1316
1752620375.999557,881768.000,10751,1,SF,1,100,0.1300
1752620376.332560,882101.000,10804,1,SF,1,100,0.1285
1752620376.732563,882501.000,10869,1,SF,1,100,0.1271
1752620376.999566,882768.000,10921,1,SF,1,100,0.1256
1752620377.332568,883101.000,10970,1,SF,1,100,0.1241
1752620377.732572,883501.000,11037,1,SF,1,100,0.1227
1752620378.065574,883834.000,11085,1,SF,1,100,0.1213
1752620378.332577,884101.000,11141,1,SF,1,100,0.1199
1752620378.665580,884434.000,11191,1,SF,1,100,0.1185
1752620379.065583,884834.000,11256,1,SF,1,100,0.1171
1752620379.332585,885101.000,11307,1,SF,1,100,0.1158
1752620379.665588,885434.000,11355,1,SF,1,100,0.1144
1752620380.065591,885834.000,11423,1,SF,1,100,0.1131
1752620380.398594,886167.000,11475,1,SF,1,100,0.1118
1752620380.665596,886434.000,11523,1,SF,1,100,0.1105
1752620380.998599,886767.000,11572,1,SF,1,100,0.1092
1752620381.398602,887167.000,11641,1,SF,1,100,0.1080
1752620381.665605,887434.000,11691,1,SF,1,100,0.1067
1752620381.998607,887767.000,11742,1,SF,1,100,0.1055
1752620382.398611,888167.000,11809,1,SF,1,100,0.1042
1752620382.731614,888500.000,11857,1,SF,1,100,0.1030
1752620382.998616,888767.000,11908,1,SF,1,100,0.1019
1752620383.398619,889167.000,11962,1,SF,1,100,0.1007
1752620383.731622,889500.000,12012,1,SF,1,100,0.0995
1752620383.998624,889767.000,12063,1,SF,1,100,0.0984
1752620384.331627,890100.000,12111,1,SF,1,100,0.0972
1752620384.731630,890500.000,12178,1,SF,1,100,0.0961
1752620384.998633,890767.000,12229,1,SF,1,100,0.0950
1752620385.331635,891100.000,12279,1,SF,1,100,0.0939
1752620385.731639,891500.000,12344,1,SF,1,100,0.0928
1752620386.064641,891833.000,12397,1,SF,1,100,0.0917
1752620386.331644,892100.000,12447,1,SF,1,100,0.0907
1752620386.664647,892433.000,12498,1,SF,1,100,0.0896
1752620387.064650,892833.000,12563,1,SF,1,100,0.0886
1752620387.331652,893100.000,12613,1,SF,1,100,0.0876
1752620387.664655,893433.000,12662,1,SF,1,100,0.0865
1752620388.064658,893833.000,12730,1,SF,1,100,0.0855
1752620388.397661,894166.000,12779,1,SF,1,100,0.0846
1752620388.664663,894433.000,12837,1,SF,1,100,0.0836
1752620388.997666,894766.000,12885,1,SF,1,100,0.0826
1752620389.397669,895166.000,12952,1,SF,1,100,0.0816
1752620389.664672,895433.000,13003,1,SF,1,100,0.0807
1752620389.997674,895766.000,13053,1,SF,1,100,0.0798
1752620390.397678,896166.000,13118,1,SF,1,100,0.0788
1752620390.730681,896499.000,13169,1,SF,1,100,0.0779
1752620390.997683,896766.000,13219,1,SF,1,100,0.0770
1752620391.330686,897099.000,13272,1,SF,1,100,0.0761
1752620391.730689,897499.000,13337,1,SF,1,100,0.0753
1752620391.997691,897766.000,13387,1,SF,1,100,0.0744
1752620392.330694,898099.000,13437,1,SF,1,100,0.0735
1752620392.664697,898433.000,13488,1,SF,1,100,0.0727
1752620393.064700,898833.000,13553,1,SF,1,100,0.0718
1752620393.330702,899099.000,13604,1,SF,1,100,0.0710
1752620393.664705,899433.000,13657,1,SF,1,100,0.0702
1752620394.063709,899832.000,13724,1,SF,1,100,0.0694
1752620394.330711,900099.000,13775,1,SF,1,100,0.0686
1752620394.663714,900432.000,13825,1,SF,1,100,0.0678
1752620395.063717,900832.000,13890,1,SF,1,100,0.0670
1752620395.397720,901166.000,13941,1,SF,1,100,0.0662
1752620395.663722,901432.000,13991,1,SF,1,100,0.0655
1752620395.997725,901766.000,14042,1,SF,1,100,0.0647
1752620396.397728,902166.000,14109,1,SF,1,100,0.0639
1752620396.663730,902432.000,14157,1,SF,1,100,0.0632
1752620396.997733,902766.000,14209,1,SF,1,100,0.0625
1752620397.330736,903099.000,14258,1,SF,1,100,0.0618
1752620397.730739,903499.000,14325,1,SF,1,100,0.0610
1752620397.996741,903765.000,14376,1,SF,1,100,0.0603
1752620398.330744,904099.000,14424,1,SF,1,100,0.0596
1752620398.730748,904499.000,14496,1,SF,1,100,0.0589
1752620399.063750,904832.000,14547,1,SF,1,100,0.0583
1752620399.330753,905099.000,14595,1,SF,1,100,0.0576
1752620399.663755,905432.000,14646,1,SF,1,100,0.0569
1752620400.063759,905832.000,14711,1,SF,1,100,0.0563
1752620400.330761,906099.000,14763,1,SF,1,100,0.0556
1752620400.663764,906432.000,14812,1,SF,1,100,0.0550
1752620401.063767,906832.000,14881,1,SF,1,100,0.0543
1752620401.396770,907165.000,14929,1,SF,1,100,0.0537
1752620401.663772,907432.000,14982,1,SF,1,100,0.0531
1752620401.996775,907765.000,15030,1,SF,1,100,0.0525
1752620402.396778,908165.000,15097,1,SF,1,100,0.0519
1752620402.663781,908432.000,15146,1,SF,1,100,0.0513
1752620402.996783,908765.000,15197,1,SF,1,100,0.0507
1752620403.396787,909165.000,15262,1,SF,1,100,0.0501
1752620403.729789,909498.000,15314,1,SF,1,100,0.0495
1752620403.996792,909765.000,15367,1,SF,1,100,0.0489
1752620404.329795,910098.000,15418,1,SF,1,100,0.0484
1752620404.729798,910498.000,15483,1,SF,1,100,0.0478
1752620404.996800,910765.000,15535,1,SF,1,100,0.0473
1752620405.329803,911098.000,15584,1,SF,1,100,0.0467
1752620405.729806,911498.000,15651,1,SF,1,100,0.0462
1752620406.062809,911831.000,15701,1,SF,1,100,0.0456
1752620406.329811,912098.000,15754,1,SF,1,100,0.0451
1752620406.662814,912431.000,15802,1,SF,1,100,0.0446
1752620407.062817,912831.000,15869,1,SF,1,100,0.0441
1752620407.329820,913098.000,15918,1,SF,1,100,0.0436
1752620407.662822,913431.000,15969,1,SF,1,100,0.0431
1752620408.062826,913831.000,16034,1,SF,1,100,0.0426
1752620408.395829,914164.000,16086,1,SF,1,100,0.0421
1752620408.662831,914431.000,16134,1,SF,1,100,0.0416
1752620408.995834,914764.000,16190,1,SF,1,100,0.0411
1752620409.395837,915164.000,16255,1,SF,1,100,0.0406
1752620409.662839,915431.000,16307,1,SF,1,100,0.0402
1752620409.995842,915764.000,16356,1,SF,1,100,0.0397
1752620410.328845,916097.000,16406,1,SF,1,100,0.0392
1752620410.728848,916497.000,16471,1,SF,1,100,0.0388
1752620410.995850,916764.000,16524,1,SF,1,100,0.0383
1752620411.328853,917097.000,16574,1,SF,1,100,0.0379
1752620411.728856,917497.000,16641,1,SF,1,100,0.0374
1752620412.062859,917831.000,16690,1,SF,1,100,0.0370
1752620412.328862,918097.000,16740,1,SF,1,100,0.0366
1752620412.662864,918431.000,16791,1,SF,1,100,0.0362
1752620413.062868,918831.000,16858,1,SF,1,100,0.0357
1752620413.328870,919097.000,16906,1,SF,1,100,0.0353
1752620413.661873,919430.000,16957,1,SF,1,100,0.0349
1752620413.995875,919764.000,17007,1,SF,1,100,0.0345
1752620414.395879,920164.000,17077,1,SF,1,100,0.0341
1752620414.661881,920430.000,17128,1,SF,1,100,0.0337
1752620414.995884,920764.000,17176,1,SF,1,100,0.0333
1752620415.395887,921164.000,17243,1,SF,1,100,0.0329
1752620415.661889,921430.000,17294,1,SF,1,100,0.0326
1752620415.995892,921764.000,17344,1,SF,1,100,0.0322
1752620416.328895,922097.000,17395,1,SF,1,100,0.0318
1752620416.728898,922497.000,17462,1,SF,1,100,0.0314
1752620416.994901,922763.000,17512,1,SF,1,100,0.0311
1752620417.328903,923097.000,17563,1,SF,1,100,0.0307
1752620417.728907,923497.000,17628,1,SF,1,100,0.0304
1752620417.994909,923763.000,17678,1,SF,1,100,0.0300
1752620418.328912,924097.000,17728,1,SF,1,100,0.0297
1752620418.661915,924430.000,17777,1,SF,1,100,0.0293
1752620419.061918,924830.000,17844,1,SF,1,100,0.0290
1752620419.328920,925097.000,17900,1,SF,1,100,0.0287
1752620419.661923,925430.000,17948,1,SF,1,100,0.0283
1752620420.061926,925830.000,18015,1,SF,1,100,0.0280
1752620420.328929,926097.000,18066,1,SF,1,100,0.0277
1752620420.661931,926430.000,18114,1,SF,1,100,0.0273
1752620420.994934,926763.000,18165,1,SF,1,100,0.0270
1752620421.394937,927163.000,18232,1,SF,1,100,0.0267
1752620421.661940,927430.000,18284,1,SF,1,100,0.0264
1752620421.994942,927763.000,18333,1,SF,1,100,0.0261
1752620422.394946,928163.000,18400,1,SF,1,100,0.0258
1752620422.661948,928430.000,18448,1,SF,1,100,0.0255
1752620422.994951,928763.000,18500,1,SF,1,100,0.0252
1752620423.327954,929096.000,18549,1,SF,1,100,0.0249
1752620423.727957,929496.000,18616,1,SF,1,100,0.0246
1752620423.994959,929763.000,18665,1,SF,1,100,0.0243
1752620424.327962,930096.000,18718,1,SF,1,100,0.0241
1752620424.727965,930496.000,18785,1,SF,1,100,0.0238
1752620424.994968,930763.000,18838,1,SF,1,100,0.0235
1752620425.327970,931096.000,18886,1,SF,1,100,0.0232
1752620425.660973,931429.000,18937,1,SF,1,100,0.0230
1752620426.060977,931829.000,19004,1,SF,1,100,0.0227
1752620426.327979,932096.000,19056,1,SF,1,100,0.0224
1752620426.660982,932429.000,19105,1,SF,1,100,0.0222
1752620427.060985,932829.000,19170,1,SF,1,100,0.0219
1752620427.327987,933096.000,19220,1,SF,1,100,0.0217
1752620427.660990,933429.000,19270,1,SF,1,100,0.0214
1752620427.993993,933762.000,19321,1,SF,1,100,0.0212
1752620428.393996,934162.000,19388,1,SF,1,100,0.0209
1752620428.660998,934429.000,19437,1,SF,1,100,0.0207
1752620428.994001,934762.000,19485,1,SF,1,100,0.0204
1752620429.394004,935162.000,19557,1,SF,1,100,0.0202
1752620429.728007,935496.000,19608,1,SF,1,100,0.0200
1752620429.994009,935762.000,19658,1,SF,1,100,0.0197
1752620430.328012,936096.000,19709,1,SF,1,100,0.0195
1752620430.661015,936429.000,19759,1,SF,1,100,0.0193
1752620431.061018,936829.000,19826,1,SF,1,100,0.0191
1752620431.327021,937095.000,19877,1,SF,1,100,0.0188
1752620431.661023,937429.000,19925,1,SF,1,100,0.0186
1752620432.061027,937829.000,19992,1,SF,1,100,0.0184
1752620432.327029,938095.000,20043,1,SF,1,100,0.0182
1752620432.661032,938429.000,20093,1,SF,1,100,0.0180
1752620432.994035,938762.000,20142,1,SF,1,100,0.0178
1752620433.394038,939162.000,20209,1,SF,1,100,0.0176
1752620433.661040,939429.000,20259,1,SF,1,100,0.0174
1752620433.994043,939762.000,20308,1,SF,1,100,0.0172
1752620434.394046,940162.000,20375,1,SF,1,100,0.0170
1752620434.660049,940428.000,20430,1,SF,1,100,0.0168
1752620434.994051,940762.000,20480,1,SF,1,100,0.0166
1752620435.327054,941095.000,20529,1,SF,1,100,0.0164
1752620435.727058,941495.000,20596,1,SF,1,100,0.0162
1752620435.994060,941762.000,20645,1,SF,1,100,0.0160
1752620436.327063,942095.000,20697,1,SF,1,100,0.0158
1752620436.727066,942495.000,20762,1,SF,1,100,0.0156
1752620436.994068,942762.000,20815,1,SF,1,100,0.0155
1752620437.327071,943095.000,20863,1,SF,1,100,0.0153
1752620437.660074,943428.000,20914,1,SF,1,100,0.0151
1752620438.060077,943828.000,20979,1,SF,1,100,0.0149
1752620438.327079,944095.000,21031,1,SF,1,100,0.0148
1752620438.660082,944428.000,21080,1,SF,1,100,0.0146
1752620439.060085,944828.000,21147,1,SF,1,100,0.0144
1752620439.327088,945095.000,21195,1,SF,1,100,0.0143
1752620439.660090,945428.000,21252,1,SF,1,100,0.0141
1752620439.993093,945761.000,21301,1,SF,1,100,0.0139
1752620440.393097,946161.000,21368,1,SF,1,100,0.0138
1752620440.660099,946428.000,21417,1,SF,1,100,0.0136
1752620440.993102,946761.000,21465,1,SF,1,100,0.0134
1752620441.393105,947161.000,21534,1,SF,1,100,0.0133
1752620441.660107,947428.000,21585,1,SF,1,100,0.0131
1752620441.993110,947761.000,21635,1,SF,1,100,0.0130
1752620442.326113,948094.000,21684,1,SF,1,100,0.0128
1752620442.726116,948494.000,21751,1,SF,1,100,0.0127
1752620442.993118,948761.000,21801,1,SF,1,100,0.0125
1752620443.326121,949094.000,21852,1,SF,1,100,0.0124
1752620443.726125,949494.000,21917,1,SF,1,100,0.0123
1752620443.993127,949761.000,21967,1,SF,1,100,0.0121
1752620444.326130,950094.000,22017,1,SF,1,100,0.0120
1752620444.659132,950427.000,22068,1,SF,1,100,0.0118
1752620445.059136,950827.000,22138,1,SF,1,100,0.0117
1752620445.326138,951094.000,22189,1,SF,1,100,0.0116
1752620445.659141,951427.000,22237,1,SF,1,100,0.0114
1752620446.059144,951827.000,22306,1,SF,1,100,0.0113
1752620446.326146,952094.000,22357,1,SF,1,100,0.0112
1752620446.659149,952427.000,22405,1,SF,1,100,0.0110
1752620446.992152,952760.000,22456,1,SF,1,100,0.0109
1752620447.392155,953160.000,22521,1,SF,1,100,0.0108
1752620447.659157,953427.000,22573,1,SF,1,100,0.0107
1752620447.992160,953760.000,22622,1,SF,1,100,0.0105
1752620448.392164,954160.000,22689,1,SF,1,100,0.0104
1752620448.659166,954427.000,22737,1,SF,1,100,0.0103
1752620448.992169,954760.000,22789,1,SF,1,100,0.0102
1752620449.326171,955094.000,22838,1,SF,1,100,0.0101
1752620449.726175,955494.000,22905,1,SF,1,100,0.0099
1752620449.992177,955760.000,22959,1,SF,1,100,0.0098
1752620450.325180,956093.000,23009,1,SF,1,100,0.0097
1752620450.725183,956493.000,23074,1,SF,1,100,0.0096
1752620450.992185,956760.000,23127,1,SF,1,100,0.0095
1752620451.325188,957093.000,23177,1,SF,1,100,0.0094
1752620451.659191,957427.000,23228,1,SF,1,100,0.0093
1752620452.059194,957827.000,23293,1,SF,1,100,0.0092
1752620452.325197,958093.000,23345,1,SF,1,100,0.0091
1752620452.659199,958427.000,23394,1,SF,1,100,0.0090
1752620453.059203,958827.000,23461,1,SF,1,100,0.0088
1752620453.392205,959160.000,23509,1,SF,1,100,0.0087
1752620453.659208,959427.000,23562,1,SF,1,100,0.0086
1752620453.992211,959760.000,23610,1,SF,1,100,0.0085
1752620454.392214,960160.000,23677,1,SF,1,100,0.0084
1752620454.658216,960426.000,23726,1,SF,1,100,0.0083
1752620454.992219,960760.000,23781,1,SF,1,100,0.0083
1752620455.325222,961093.000,23832,1,SF,1,100,0.0082
1752620455.725225,961493.000,23899,1,SF,1,100,0.0081
1752620455.992227,961760.000,23947,1,SF,1,100,0.0080
1752620456.325230,962093.000,24000,1,SF,1,100,0.0079
1752620456.658233,962426.000,24050,1,SF,1,100,0.0078
1752620457.058236,962826.000,24117,1,SF,1,100,0.0077
1752620457.325238,963093.000,24166,1,SF,1,100,0.0076
1752620457.658241,963426.000,24216,1,SF,1,100,0.0075
1752620458.058245,963826.000,24281,1,SF,1,100,0.0074
1752620458.325247,964093.000,24334,1,SF,1,100,0.0073
1752620458.658250,964426.000,24382,1,SF,1,100,0.0073
1752620459.058253,964826.000,24449,1,SF,1,100,0.0072
1752620459.391256,965159.000,24498,1,SF,1,100,0.0071
1752620459.658258,965426.000,24550,1,SF,1,100,0.0070
1752620459.991261,965759.000,24599,1,SF,1,100,0.0069
1752620460.391264,966159.000,24655,1,SF,1,100,0.0068
1752620460.658266,966426.000,24703,1,SF,1,100,0.0068
1752620460.991269,966759.000,24755,1,SF,1,100,0.0067
1752620461.391272,967159.000,24822,1,SF,1,100,0.0066
1752620461.724275,967492.000,24873,1,SF,1,100,0.0065
1752620461.991278,967759.000,24922,1,SF,1,100,0.0065
1752620462.324280,968092.000,24972,1,SF,1,100,0.0064
1752620462.724284,968492.000,25037,1,SF,1,100,0.0063
1752620462.991286,968759.000,25090,1,SF,1,100,0.0062
1752620463.324289,969092.000,25138,1,SF,1,100,0.0062
1752620463.658291,969426.000,25189,1,SF,1,100,0.0061
1752620464.057295,969825.000,25254,1,SF,1,100,0.0060
1752620464.324297,970092.000,25306,1,SF,1,100,0.0060
1752620464.657300,970425.000,25355,1,SF,1,100,0.0059
1752620465.057303,970825.000,25422,1,SF,1,100,0.0058
1752620465.391306,971159.000,25462,1,SF,1,100,0.0058
1752620465.724309,971492.000,25482,1,SF,1,100,0.0057
1752620466.057312,971825.000,25532,1,SF,1,100,0.0056
1752620466.324314,972092.000,25585,1,SF,1,100,0.0056
1752620466.657317,972425.000,25633,1,SF,1,100,0.0055
1752620467.057320,972825.000,25700,1,SF,1,100,0.0054
1752620467.324322,973092.000,25749,1,SF,1,100,0.0054
1752620467.657325,973425.000,25800,1,SF,1,100,0.0053
1752620467.990328,973758.000,25850,1,SF,1,100,0.0052
1752620468.390331,974158.000,25917,1,SF,1,100,0.0052
1752620468.657333,974425.000,25965,1,SF,1,100,0.0051
1752620468.990336,974758.000,26016,1,SF,1,100,0.0051
1752620469.390339,975158.000,26081,1,SF,1,100,0.0050
1752620469.657342,975425.000,26133,1,SF,1,100,0.0049
1752620469.990345,975758.000,26182,1,SF,1,100,0.0049
1752620470.323347,976091.000,26232,1,SF,1,100,0.0048
1752620470.657350,976425.000,26288,1,SF,1,100,0.0048
1752620471.057353,976825.000,26357,1,SF,1,100,0.0047
1752620471.323356,977091.000,26405,1,SF,1,100,0.0047
1752620471.657358,977425.000,26456,1,SF,1,100,0.0046
1752620472.057362,977825.000,26523,1,SF,1,100,0.0046
1752620472.323364,978091.000,26573,1,SF,1,100,0.0045
1752620472.657367,978425.000,26624,1,SF,1,100,0.0045
1752620473.057370,978825.000,26689,1,SF,1,100,0.0044
1752620473.390373,979158.000,26739,1,SF,1,100,0.0044
1752620473.657375,979425.000,26790,1,SF,1,100,0.0043
1752620473.990378,979758.000,26838,1,SF,1,100,0.0043
1752620474.390381,980158.000,26905,1,SF,1,100,0.0042
1752620474.656384,980424.000,26954,1,SF,1,100,0.0042
1752620474.990386,980758.000,27004,1,SF,1,100,0.0041
1752620475.390390,981158.000,27070,1,SF,1,100,0.0041
1752620475.723393,981491.000,27127,1,SF,1,100,0.0040
1752620475.990395,981758.000,27175,1,SF,1,100,0.0040
1752620476.323398,982091.000,27228,1,SF,1,100,0.0039
1752620476.723401,982491.000,27295,1,SF,1,100,0.0039
1752620476.989403,982757.000,27345,1,SF,1,100,0.0038
1752620477.323406,983091.000,27394,1,SF,1,100,0.0038
1752620477.723409,983491.000,27461,1,SF,1,100,0.0037
1752620478.056412,983824.000,27509,1,SF,1,100,0.0037
1752620478.323414,984091.000,27562,1,SF,1,100,0.0037
1752620478.656417,984424.000,27610,1,SF,1,100,0.0036
1752620479.056420,984824.000,27677,1,SF,1,100,0.0036
1752620479.323423,985091.000,27726,1,SF,1,100,0.0035
1752620479.656425,985424.000,27776,1,SF,1,100,0.0035
1752620480.056429,985824.000,27842,1,SF,1,100,0.0034
1752620480.323431,986091.000,27894,1,SF,1,100,0.0034
1752620480.656434,986424.000,27942,1,SF,1,100,0.0034
1752620480.989437,986757.000,27998,1,SF,1,100,0.0033
1752620481.389440,987157.000,28065,1,SF,1,100,0.0033
1752620481.656442,987424.000,28117,1,SF,1,100,0.0033
1752620481.989445,987757.000,28166,1,SF,1,100,0.0032
1752620482.389448,988157.000,28233,1,SF,1,100,0.0032
1752620482.722451,988490.000,28281,1,SF,1,100,0.0031
1752620482.989453,988757.000,28334,1,SF,1,100,0.0031
1752620483.322456,989090.000,28382,1,SF,1,100,0.0031
1752620483.722460,989490.000,28449,1,SF,1,100,0.0030
1752620483.989462,989757.000,28498,1,SF,1,100,0.0030
1752620484.322465,990090.000,28547,1,SF,1,100,0.0030
1752620484.655467,990423.000,28599,1,SF,1,100,0.0029
1752620485.055471,990823.000,28666,1,SF,1,100,0.0029
1752620485.322473,991090.000,28714,1,SF,1,100,0.0029
1752620485.655476,991423.000,28763,1,SF,1,100,0.0028
1752620486.055479,991823.000,28838,1,SF,1,100,0.0028
1752620486.389482,992157.000,28889,1,SF,1,100,0.0028
1752620486.655484,992423.000,28938,1,SF,1,100,0.0027
1752620486.988487,992756.000,28988,1,SF,1,100,0.0027
1752620487.388490,993156.000,29053,1,SF,1,100,0.0027
1752620487.655493,993423.000,29106,1,SF,1,100,0.0026
1752620487.988495,993756.000,29154,1,SF,1,100,0.0026
1752620488.388499,994156.000,29221,1,SF,1,100,0.0026
1752620488.722501,994490.000,29270,1,SF,1,100,0.0025
1752620488.988504,994756.000,29322,1,SF,1,100,0.0025
1752620489.322506,995090.000,29371,1,SF,1,100,0.0025
1752620489.722510,995490.000,29438,1,SF,1,100,0.0025
1752620489.988512,995756.000,29486,1,SF,1,100,0.0024
1752620490.321515,996089.000,29537,1,SF,1,100,0.0024
1752620490.721518,996489.000,29603,1,SF,1,100,0.0024
1752620491.055521,996823.000,29661,1,SF,1,100,0.0023
1752620491.321523,997089.000,29710,1,SF,1,100,0.0023
1752620491.655526,997423.000,29758,1,SF,1,100,0.0023
1752620492.055529,997823.000,29825,1,SF,1,100,0.0023
1752620492.321532,998089.000,29878,1,SF,1,100,0.0022
1752620492.655534,998423.000,29926,1,SF,1,100,0.0022
1752620492.988537,998756.000,29977,1,SF,1,100,0.0022
1752620493.388541,999156.000,30042,1,SF,1,100,0.0022
1752620493.655543,999423.000,30094,1,SF,1,100,0.0021
1752620493.988546,999756.000,30143,1,SF,1,100,0.0021
1752620494.388549,1000156.000,30210,1,SF,1,100,0.0021
1752620494.654551,1000422.000,30258,1,SF,1,100,0.0021
1752620494.988554,1000756.000,30309,1,SF,1,100,0.0020
1752620495.321557,1001089.000,30359,1,SF,1,100,0.0020
1752620495.721560,1001489.000,30426,1,SF,1,100,0.0020
1752620495.988562,1001756.000,30475,1,SF,1,100,0.0020
1752620496.321565,1002089.000,30533,1,SF,1,100,0.0019
1752620496.654568,1002422.000,30583,1,SF,1,100,0.0019
1752620497.054571,1002822.000,30650,1,SF,1,100,0.0019
1752620497.321573,1003089.000,30698,1,SF,1,100,0.0019
1752620497.654576,1003422.000,30749,1,SF,1,100,0.0019
1752620498.054580,1003822.000,30814,1,SF,1,100,0.0018
1752620498.321582,1004089.000,30866,1,SF,1,100,0.0018
1752620498.654585,1004422.000,30915,1,SF,1,100,0.0018
1752620498.987587,1004755.000,30965,1,SF,1,100,0.0018
1752620499.387591,1005155.000,31030,1,SF,1,100,0.0018
1752620499.654593,1005422.000,31083,1,SF,1,100,0.0017
1752620499.987596,1005755.000,31131,1,SF,1,100,0.0017
1752620500.387599,1006155.000,31198,1,SF,1,100,0.0017
1752620500.654601,1006422.000,31247,1,SF,1,100,0.0017
1752620500.987604,1006755.000,31298,1,SF,1,100,0.0017
1752620501.387608,1007155.000,31370,1,SF,1,100,0.0016
1752620501.720610,1007488.000,31422,1,SF,1,100,0.0016
1752620501.987613,1007755.000,31470,1,SF,1,100,0.0016
1752620502.320615,1008088.000,31521,1,SF,1,100,0.0016
1752620502.720619,1008488.000,31586,1,SF,1,100,0.0016
1752620502.987621,1008755.000,31638,1,SF,1,100,0.0015
1752620503.320624,1009088.000,31687,1,SF,1,100,0.0015
1752620503.654627,1009422.000,31737,1,SF,1,100,0.0015
1752620504.053630,1009821.000,31804,1,SF,1,100,0.0015
1752620504.320632,1010088.000,31855,1,SF,1,100,0.0015
1752620504.653635,1010421.000,31905,1,SF,1,100,0.0015
1752620505.053638,1010821.000,31970,1,SF,1,100,0.0014
1752620505.320640,1011088.000,32021,1,SF,1,100,0.0014
1752620505.653643,1011421.000,32070,1,SF,1,100,0.0014
1752620506.053647,1011821.000,32139,1,SF,1,100,0.0014
1752620506.387649,1012155.000,32194,1,SF,1,100,0.0014
1752620506.653652,1012421.000,32244,1,SF,1,100,0.0014
1752620506.986654,1012754.000,32293,1,SF,1,100,0.0013
1752620507.386658,1013154.000,32360,1,SF,1,100,0.0013
1752620507.653660,1013421.000,32410,1,SF,1,100,0.0013
1752620507.986663,1013754.000,32461,1,SF,1,100,0.0013
1752620508.320666,1014088.000,32509,1,SF,1,100,0.0013
1752620508.720669,1014488.000,32576,1,SF,1,100,0.0013
1752620508.986671,1014754.000,32627,1,SF,1,100,0.0013
1752620509.320674,1015088.000,32677,1,SF,1,100,0.0012
1752620509.720677,1015488.000,32742,1,SF,1,100,0.0012
1752620509.986680,1015754.000,32793,1,SF,1,100,0.0012
1752620510.319682,1016087.000,32842,1,SF,1,100,0.0012
1752620510.653685,1016421.000,32894,1,SF,1,100,0.0012
1752620511.053689,1016821.000,32961,1,SF,1,100,0.0012
1752620511.319691,1017087.000,33011,1,SF,1,100,0.0012
1752620511.653694,1017421.000,33049,1,SF,1,100,0.0011
1752620512.053697,1017821.000,33117,1,SF,1,100,0.0011
1752620512.386700,1018154.000,33166,1,SF,1,100,0.0011
1752620512.653702,1018421.000,33217,1,SF,1,100,0.0011
1752620512.986705,1018754.000,33265,1,SF,1,100,0.0011
1752620513.386708,1019154.000,33332,1,SF,1,100,0.0011
1752620513.653710,1019421.000,33385,1,SF,1,100,0.0011
1752620513.986713,1019754.000,33433,1,SF,1,100,0.0011
1752620514.386716,1020154.000,33500,1,SF,1,100,0.0010
1752620514.719719,1020487.000,33549,1,SF,1,100,0.0010
1752620514.986721,1020754.000,33599,1,SF,1,100,0.0010
1752620515.319724,1021087.000,33650,1,SF,1,100,0.0010
1752620515.719728,1021487.000,33715,1,SF,1,100,0.0010
1752620515.986730,1021754.000,33765,1,SF,1,100,0.0010
1752620516.319733,1022087.000,33817,1,SF,1,100,0.0010
1752620516.652735,1022420.000,33875,1,SF,1,100,0.0010
1752620516.985738,1022753.000,33926,1,SF,1,100,0.0009
1752620517.385742,1023153.000,33991,1,SF,1,100,0.0009
1752620517.652744,1023420.000,34043,1,SF,1,100,0.0009
1752620517.985747,1023753.000,34092,1,SF,1,100,0.0009
1752620518.319749,1024087.000,34140,1,SF,1,100,0.0009
1752620518.719753,1024487.000,34207,1,SF,1,100,0.0009
1752620518.985755,1024753.000,34260,1,SF,1,100,0.0009
1752620519.319758,1025087.000,34308,1,SF,1,100,0.0009
1752620519.719761,1025487.000,34375,1,SF,1,100,0.0009
1752620519.985763,1025753.000,34424,1,SF,1,100,0.0009
1752620520.318766,1026086.000,34475,1,SF,1,100,0.0008
1752620520.652769,1026420.000,34525,1,SF,1,100,0.0008
1752620521.052772,1026820.000,34594,1,SF,1,100,0.0008
1752620521.318774,1027086.000,34642,1,SF,1,100,0.0008
1752620521.652777,1027420.000,34693,1,SF,1,100,0.0008
1752620521.985780,1027753.000,34749,1,SF,1,100,0.0008
1752620522.318783,1028086.000,34799,1,SF,1,100,0.0008
1752620522.718786,1028486.000,34864,1,SF,1,100,0.0008
1752620522.985788,1028753.000,34917,1,SF,1,100,0.0008
1752620523.318791,1029086.000,34965,1,SF,1,100,0.0008
1752620523.652794,1029420.000,35016,1,SF,1,100,0.0008
1752620524.051797,1029819.000,35081,1,SF,1,100,0.0007
1752620524.318800,1030086.000,35133,1,SF,1,100,0.0007
1752620524.651802,1030419.000,35182,1,SF,1,100,0.0007
1752620525.051806,1030819.000,35249,1,SF,1,100,0.0007
1752620525.318808,1031086.000,35297,1,SF,1,100,0.0007
1752620525.651811,1031419.000,35349,1,SF,1,100,0.0007
1752620525.985814,1031753.000,35398,1,SF,1,100,0.0007
1752620526.385817,1032153.000,35467,1,SF,1,100,0.0007
1752620526.651819,1032419.000,35516,1,SF,1,100,0.0007
1752620527.051823,1032819.000,35573,1,SF,1,100,0.0007
1752620527.318825,1033086.000,35622,1,SF,1,100,0.0007
1752620527.651828,1033419.000,35672,1,SF,1,100,0.0007
1752620528.051831,1033819.000,35737,1,SF,1,100,0.0006
1752620528.318833,1034086.000,35790,1,SF,1,100,0.0006
1752620528.651836,1034419.000,35840,1,SF,1,100,0.0006
1752620529.051839,1034819.000,35905,1,SF,1,100,0.0006
1752620529.384842,1035152.000,35956,1,SF,1,100,0.0006
1752620529.651844,1035419.000,36006,1,SF,1,100,0.0006
1752620529.984847,1035752.000,36057,1,SF,1,100,0.0006
1752620530.384850,1036152.000,36122,1,SF,1,100,0.0006
1752620530.651853,1036419.000,36172,1,SF,1,100,0.0006
1752620530.984855,1036752.000,36222,1,SF,1,100,0.0006
1752620531.384859,1037152.000,36291,1,SF,1,100,0.0006
1752620531.717862,1037485.000,36340,1,SF,1,100,0.0006
1752620532.051864,1037819.000,36396,1,SF,1,100,0.0006
1752620532.317867,1038085.000,36446,1,SF,1,100,0.0006
1752620532.651869,1038419.000,36497,1,SF,1,100,0.0005
1752620533.051873,1038819.000,36564,1,SF,1,100,0.0005
1752620533.384876,1039152.000,36612,1,SF,1,100,0.0005
1752620533.650878,1039418.000,36663,1,SF,1,100,0.0005
1752620533.984881,1039752.000,36713,1,SF,1,100,0.0005
1752620534.384884,1040152.000,36780,1,SF,1,100,0.0005
1752620534.650886,1040418.000,36829,1,SF,1,100,0.0005
1752620534.984889,1040752.000,36877,1,SF,1,100,0.0005
1752620535.384892,1041152.000,36945,1,SF,1,100,0.0005
1752620535.717895,1041485.000,36997,1,SF,1,100,0.0005
1752620535.984897,1041752.000,37045,1,SF,1,100,0.0005
1752620536.317900,1042085.000,37098,1,SF,1,100,0.0005
1752620536.717903,1042485.000,37163,1,SF,1,100,0.0005
1752620536.984906,1042752.000,37215,1,SF,1,100,0.0005
1752620537.383909,1043151.000,37267,1,SF,1,100,0.0005
1752620537.650911,1043418.000,37319,1,SF,1,100,0.0005
1752620537.983914,1043751.000,37368,1,SF,1,100,0.0005
1752620538.383917,1044151.000,37435,1,SF,1,100,0.0004
1752620538.717920,1044485.000,37483,1,SF,1,100,0.0004
1752620538.983922,1044751.000,37536,1,SF,1,100,0.0004
1752620539.317925,1045085.000,37584,1,SF,1,100,0.0004
1752620539.717929,1045485.000,37651,1,SF,1,100,0.0004
1752620539.983931,1045751.000,37700,1,SF,1,100,0.0004
1752620540.316934,1046084.000,37750,1,SF,1,100,0.0004
1752620540.716937,1046484.000,37816,1,SF,1,100,0.0004
1752620541.050940,1046818.000,37870,1,SF,1,100,0.0004
1752620541.316942,1047084.000,37918,1,SF,1,100,0.0004
1752620541.650945,1047418.000,37969,1,SF,1,100,0.0004
1752620542.050948,1047818.000,38034,1,SF,1,100,0.0004
1752620542.383951,1048151.000,38091,1,SF,1,100,0.0004
1752620542.716954,1048484.000,38140,1,SF,1,100,0.0004
1752620542.983956,1048751.000,38192,1,SF,1,100,0.0004
1752620543.316959,1049084.000,38241,1,SF,1,100,0.0004
1752620543.716962,1049484.000,38308,1,SF,1,100,0.0004
1752620543.983964,1049751.000,38356,1,SF,1,100,0.0004
1752620544.316967,1050084.000,38408,1,SF,1,100,0.0004
1752620544.649970,1050417.000,38457,1,SF,1,100,0.0004
1752620545.049973,1050817.000,38524,1,SF,1,100,0.0004
1752620545.316976,1051084.000,38573,1,SF,1,100,0.0004
1752620545.649978,1051417.000,38621,1,SF,1,100,0.0003
1752620546.049982,1051817.000,38690,1,SF,1,100,0.0003
1752620546.316984,1052084.000,38741,1,SF,1,100,0.0003
1752620546.649987,1052417.000,38791,1,SF,1,100,0.0003
1752620546.982989,1052750.000,38840,1,SF,1,100,0.0003
1752620547.382993,1053150.000,38912,1,SF,1,100,0.0003
1752620547.716996,1053484.000,38961,1,SF,1,100,0.0003
1752620548.049998,1053817.000,39012,1,SF,1,100,0.0003
1752620548.317001,1054084.000,39062,1,SF,1,100,0.0003
1752620548.650003,1054417.000,39113,1,SF,1,100,0.0003
1752620549.050007,1054817.000,39178,1,SF,1,100,0.0003
1752620549.317009,1055084.000,39228,1,SF,1,100,0.0003
1752620549.650012,1055417.000,39277,1,SF,1,100,0.0003
1752620550.050015,1055817.000,39345,1,SF,1,100,0.0003
1752620550.383018,1056150.000,39394,1,SF,1,100,0.0003
1752620550.650020,1056417.000,39445,1,SF,1,100,0.0003
1752620550.983023,1056750.000,39493,1,SF,1,100,0.0003
1752620551.383026,1057150.000,39562,1,SF,1,100,0.0003
1752620551.650029,1057417.000,39613,1,SF,1,100,0.0003
1752620551.983031,1057750.000,39663,1,SF,1,100,0.0003
1752620552.383035,1058150.000,39728,1,SF,1,100,0.0003
1752620552.650037,1058417.000,39769,1,SF,1,100,0.0003
1752620553.050040,1058817.000,39834,1,SF,1,100,0.0003
1752620553.316043,1059083.000,39885,1,SF,1,100,0.0003
1752620553.649045,1059416.000,39934,1,SF,1,100,0.0003
1752620554.049049,1059816.000,40001,1,SF,1,100,0.0003
1752620554.383051,1060150.000,40051,1,SF,1,100,0.0003
1752620554.649054,1060416.000,40101,1,SF,1,100,0.0003
1752620554.983056,1060750.000,40150,1,SF,1,100,0.0003
1752620555.383060,1061150.000,40217,1,SF,1,100,0.0002
1752620555.649062,1061416.000,40267,1,SF,1,100,0.0002
1752620555.983065,1061750.000,40316,1,SF,1,100,0.0002
1752620556.383068,1062150.000,40385,1,SF,1,100,0.0002
1752620556.716071,1062483.000,40435,1,SF,1,100,0.0002
1752620556.982073,1062749.000,40486,1,SF,1,100,0.0002
1752620557.316076,1063083.000,40534,1,SF,1,100,0.0002
1752620557.649079,1063416.000,40590,1,SF,1,100,0.0002
1752620557.982082,1063749.000,40640,1,SF,1,100,0.0002
1752620558.382085,1064149.000,40707,1,SF,1,100,0.0002
1752620558.649087,1064416.000,40758,1,SF,1,100,0.0002
1752620558.982090,1064749.000,40806,1,SF,1,100,0.0002
1752620559.382093,1065149.000,40873,1,SF,1,100,0.0002
1752620559.649096,1065416.000,40924,1,SF,1,100,0.0002
1752620559.982098,1065749.000,40974,1,SF,1,100,0.0002
1752620560.315101,1066082.000,41023,1,SF,1,100,0.0002
1752620560.715105,1066482.000,41090,1,SF,1,100,0.0002
1752620560.982107,1066749.000,41140,1,SF,1,100,0.0002
1752620561.315110,1067082.000,41191,1,SF,1,100,0.0002
1752620561.715113,1067482.000,41258,1,SF,1,100,0.0002
1752620561.982115,1067749.000,41306,1,SF,1,100,0.0002
1752620562.315118,1068082.000,41358,1,SF,1,100,0.0002
1752620562.782122,1068549.000,41428,1,SF,1,100,0.0002
1752620562.982123,1068749.000,41462,1,SF,1,100,0.0002
1752620563.382127,1069149.000,41527,1,SF,1,100,0.0002
1752620563.649129,1069416.000,41579,1,SF,1,100,0.0002
1752620563.982132,1069749.000,41628,1,SF,1,100,0.0002
1752620564.315135,1070082.000,41676,1,SF,1,100,0.0002
1752620564.715138,1070482.000,41743,1,SF,1,100,0.0002
1752620564.982140,1070749.000,41796,1,SF,1,100,0.0002
1752620565.315143,1071082.000,41844,1,SF,1,100,0.0002
1752620565.715146,1071482.000,41909,1,SF,1,100,0.0002
1752620565.982149,1071749.000,41960,1,SF,1,100,0.0002
1752620566.315151,1072082.000,42011,1,SF,1,100,0.0002
1752620566.648154,1072415.000,42063,1,SF,1,100,0.0002
1752620567.048158,1072815.000,42130,1,SF,1,100,0.0002
1752620567.315160,1073082.000,42178,1,SF,1,100,0.0002
1752620567.648163,1073415.000,42229,1,SF,1,100,0.0002
1752620567.982165,1073749.000,42284,1,SF,1,100,0.0002
1752620568.315168,1074082.000,42335,1,SF,1,100,0.0002
1752620568.715172,1074482.000,42400,1,SF,1,100,0.0002
1752620568.981174,1074748.000,42452,1,SF,1,100,0.0002
1752620569.315177,1075082.000,42501,1,SF,1,100,0.0002
1752620569.715180,1075482.000,42568,1,SF,1,100,0.0002
1752620569.981182,1075748.000,42616,1,SF,1,100,0.0001
1752620570.314185,1076081.000,42668,1,SF,1,100,0.0001
1752620570.648188,1076415.000,42717,1,SF,1,100,0.0001
1752620571.048191,1076815.000,42786,1,SF,1,100,0.0001
1752620571.314193,1077081.000,42835,1,SF,1,100,0.0001
1752620571.648196,1077415.000,42883,1,SF,1,100,0.0001
1752620572.048199,1077815.000,42950,1,SF,1,100,0.0001
1752620572.314202,1078081.000,43001,1,SF,1,100,0.0001
1752620572.648204,1078415.000,43051,1,SF,1,100,0.0001
1752620572.981207,1078748.000,43105,1,SF,1,100,0.0001
1752620573.314210,1079081.000,43157,1,SF,1,100,0.0001
1752620573.714213,1079481.000,43224,1,SF,1,100,0.0001
1752620574.048216,1079815.000,43273,1,SF,1,100,0.0001
1752620574.314218,1080081.000,43323,1,SF,1,100,0.0001
1752620574.648221,1080415.000,43374,1,SF,1,100,0.0001
1752620575.048225,1080815.000,43439,1,SF,1,100,0.0001
1752620575.314227,1081081.000,43489,1,SF,1,100,0.0001
1752620575.647230,1081414.000,43538,1,SF,1,100,0.0001
1752620576.047233,1081814.000,43608,1,SF,1,100,0.0001
1752620576.381236,1082148.000,43657,1,SF,1,100,0.0001
1752620576.647238,1082414.000,43708,1,SF,1,100,0.0001
1752620576.980241,1082747.000,43756,1,SF,1,100,0.0001
1752620577.380244,1083147.000,43823,1,SF,1,100,0.0001
1752620577.647246,1083414.000,43874,1,SF,1,100,0.0001
1752620577.980249,1083747.000,43924,1,SF,1,100,0.0001
1752620578.314252,1084081.000,43980,1,SF,1,100,0.0001
1752620578.647255,1084414.000,44030,1,SF,1,100,0.0001
1752620579.047258,1084814.000,44095,1,SF,1,100,0.0001
1752620579.314260,1085081.000,44146,1,SF,1,100,0.0001
1752620579.647263,1085414.000,44195,1,SF,1,100,0.0001
1752620579.980266,1085747.000,44247,1,SF,1,100,0.0001
1752620580.380269,1086147.000,44312,1,SF,1,100,0.0001
1752620580.647271,1086414.000,44362,1,SF,1,100,0.0001
1752620580.980274,1086747.000,44411,1,SF,1,100,0.0001
1752620581.380278,1087147.000,44480,1,SF,1,100,0.0001
1752620581.647280,1087414.000,44530,1,SF,1,100,0.0001
1752620581.980283,1087747.000,44581,1,SF,1,100,0.0001
1752620582.313285,1088080.000,44629,1,SF,1,100,0.0001
1752620582.713289,1088480.000,44696,1,SF,1,100,0.0001
1752620582.980291,1088747.000,44747,1,SF,1,100,0.0001
1752620583.313294,1089080.000,44802,1,SF,1,100,0.0001
1752620583.646297,1089413.000,44853,1,SF,1,100,0.0001
1752620583.980299,1089747.000,44901,1,SF,1,100,0.0001
1752620584.380303,1090147.000,44968,1,SF,1,100,0.0001
1752620584.646305,1090413.000,45019,1,SF,1,100,0.0001
1752620584.980308,1090747.000,45067,1,SF,1,100,0.0001
1752620585.380311,1091147.000,45135,1,SF,1,100,0.0001
1752620585.713314,1091480.000,45185,1,SF,1,100,0.0001
1752620585.980316,1091747.000,45233,1,SF,1,100,0.0001
1752620586.313319,1092080.000,45286,1,SF,1,100,0.0001
1752620586.713322,1092480.000,45351,1,SF,1,100,0.0001
1752620586.980325,1092747.000,45403,1,SF,1,100,0.0001
1752620587.313327,1093080.000,45452,1,SF,1,100,0.0001
1752620587.713331,1093480.000,45519,1,SF,1,100,0.0001
1752620588.046333,1093813.000,45567,1,SF,1,100,0.0001
1752620588.379336,1094146.000,45625,1,SF,1,100,0.0001
1752620588.646338,1094413.000,45673,1,SF,1,100,0.0001
1752620588.979341,1094746.000,45724,1,SF,1,100,0.0001
1752620589.379345,1095146.000,45790,1,SF,1,100,0.0001
1752620589.713347,1095480.000,45841,1,SF,1,100,0.0001
