RD,TS_received,TS_sent,AK,RoundTrip,
74022,74030,2025-07-15_19-12-50-146249,74031,8,
79129,84238,2025-07-15_19-12-55-263685,84242,5109,
84245,84262,2025-07-15_19-13-00-370364,84263,17,
89350,89403,2025-07-15_19-13-05-480163,89404,53,
94457,94469,2025-07-15_19-13-10-583099,94470,12,
99566,99580,2025-07-15_19-13-15-692449,99582,14,
104694,104721,2025-07-15_19-13-20-819251,104722,27,
109801,109815,2025-07-15_19-13-25-931710,109816,14,
114948,114991,2025-07-15_19-13-31-073216,114992,43,
120055,125175,2025-07-15_19-13-36-181627,125177,5120,
125180,125190,2025-07-15_19-13-41-305064,125192,10,
130286,130304,2025-07-15_19-13-46-418925,130306,18,
135427,135451,2025-07-15_19-13-51-553183,135452,24,
140536,140545,2025-07-15_19-13-56-660650,140546,9,
145679,145693,2025-07-15_19-14-01-810463,145694,14,
150786,150798,2025-07-15_19-14-06-914223,150801,12,
155902,155915,2025-07-15_19-14-12-027956,155916,13,
161002,161036,2025-07-15_19-14-17-138523,161037,34,
166110,171229,2025-07-15_19-14-22-237042,171230,5119,
171237,171247,2025-07-15_19-14-27-362395,171248,10,
176334,176341,2025-07-15_19-14-32-459525,176343,7,
181442,181451,2025-07-15_19-14-37-568888,181452,9,
186565,186573,2025-07-15_19-14-42-690604,186574,8,
191666,191675,2025-07-15_19-14-47-792078,191676,9,
196774,196794,2025-07-15_19-14-52-913381,196798,20,
201914,201937,2025-07-15_19-14-58-039472,201938,23,
207022,207033,2025-07-15_19-15-03-149587,207035,11,
212159,0,,212222,-212159,
217278,217300,2025-07-15_19-15-13-417836,217302,22,
222412,222428,2025-07-15_19-15-18-541123,222429,16,
227535,227541,2025-07-15_19-15-23-660201,227542,6,
232655,232664,2025-07-15_19-15-28-781630,232668,9,
237777,237796,2025-07-15_19-15-33-903103,237800,19,
242889,242935,2025-07-15_19-15-39-019525,242936,46,
248013,248026,2025-07-15_19-15-44-141947,248027,13,
253138,258270,2025-07-15_19-15-49-264741,258271,5132,
258274,258293,2025-07-15_19-15-54-406833,258294,19,
263391,263399,2025-07-15_19-15-59-516962,263400,8,
268504,273620,2025-07-15_19-16-04-741113,273624,5116,
273627,273638,2025-07-15_19-16-09-754834,273640,11,
278747,283865,2025-07-15_19-16-14-986618,283867,5118,
283870,283879,2025-07-15_19-16-19-996507,283884,9,
289001,289013,2025-07-15_19-16-25-132068,289018,12,
294120,294135,2025-07-15_19-16-30-246736,294137,15,
299239,299253,2025-07-15_19-16-35-365475,299254,14,
304356,304381,2025-07-15_19-16-40-496946,304382,25,
309486,309528,2025-07-15_19-16-45-618929,309529,42,
314600,319706,2025-07-15_19-16-50-726010,319707,5106,
319713,319720,2025-07-15_19-16-55-839074,319721,7,
324827,324839,2025-07-15_19-17-00-954562,324840,12,
329943,329957,2025-07-15_19-17-06-072562,329958,14,
335060,335074,2025-07-15_19-17-11-193530,335080,14,
340186,340213,2025-07-15_19-17-16-330019,340218,27,
345306,345316,2025-07-15_19-17-21-435403,345317,10,
350422,350436,2025-07-15_19-17-26-554998,350437,14,
355545,355556,2025-07-15_19-17-31-675240,355557,11,
360671,360708,2025-07-15_19-17-36-811453,360710,37,
365793,365844,2025-07-15_19-17-41-919925,365846,51,
370915,370923,2025-07-15_19-17-47-043235,370925,8,
376034,376045,2025-07-15_19-17-52-161528,376046,11,
381486,386592,2025-07-15_19-17-57-616498,386593,5106,
386600,386608,2025-07-15_19-18-02-727384,386612,8,
391718,391740,2025-07-15_19-18-07-845457,391745,22,
396841,396852,2025-07-15_19-18-12-970294,396853,11,
401958,401971,2025-07-15_19-18-18-089264,401972,13,
407067,407086,2025-07-15_19-18-23-203629,407092,19,
412187,412197,2025-07-15_19-18-28-314494,412199,10,
417294,417303,2025-07-15_19-18-33-421568,417305,9,
422430,422442,2025-07-15_19-18-38-562326,422444,12,
427538,427556,2025-07-15_19-18-43-674896,427558,18,
432679,437786,2025-07-15_19-18-48-930646,437787,5107,
437790,437800,2025-07-15_19-18-53-920517,437801,10,
442896,442919,2025-07-15_19-18-59-023234,442920,23,
448006,448020,2025-07-15_19-19-04-137544,448021,14,
453128,453140,2025-07-15_19-19-09-257271,453141,12,
458236,458327,2025-07-15_19-19-14-374466,458328,91,
463344,463366,2025-07-15_19-19-19-471803,463367,22,
468457,468471,2025-07-15_19-19-24-588519,468472,14,
473593,473604,2025-07-15_19-19-29-723358,473605,11,
478702,478712,2025-07-15_19-19-34-830801,478713,10,
483842,483856,2025-07-15_19-19-39-973215,483857,14,
488950,488962,2025-07-15_19-19-45-080842,488963,12,
494057,494069,2025-07-15_19-19-50-186376,494071,12,
499197,499230,2025-07-15_19-19-55-329563,499232,33,
504301,504309,2025-07-15_19-20-00-430527,504311,8,
509445,509453,2025-07-15_19-20-05-572518,509455,8,
514551,514561,2025-07-15_19-20-10-681030,514562,10,
519684,519693,2025-07-15_19-20-15-811847,519695,9,
524799,524825,2025-07-15_19-20-20-928493,524826,26,
529907,529924,2025-07-15_19-20-26-041040,529925,17,
535037,535044,2025-07-15_19-20-31-165563,535045,7,
540144,540159,2025-07-15_19-20-36-274771,540160,15,
545252,545270,2025-07-15_19-20-41-387480,545271,18,
550385,550405,2025-07-15_19-20-46-515831,550409,20,
555492,555503,2025-07-15_19-20-51-622441,555504,11,
560637,560644,2025-07-15_19-20-56-765711,560649,7,
565745,565755,2025-07-15_19-21-01-875030,565756,10,
570892,570901,2025-07-15_19-21-07-020991,570903,9,
575998,576007,2025-07-15_19-21-12-127094,576008,9,
581139,581149,2025-07-15_19-21-17-270146,581153,10,
586246,586260,2025-07-15_19-21-22-381078,586261,14,
591370,591379,2025-07-15_19-21-27-498684,591381,9,
596479,596492,2025-07-15_19-21-32-614327,596494,13,
601592,601599,2025-07-15_19-21-37-721237,601603,7,
606726,606751,2025-07-15_19-21-42-871122,606752,25,
611833,611843,2025-07-15_19-21-47-963239,611844,10,
616959,616981,2025-07-15_19-21-53-102858,616982,22,
622085,622095,2025-07-15_19-21-58-214535,622096,10,
627225,627241,2025-07-15_19-22-03-359784,627242,16,
632343,637458,2025-07-15_19-22-08-592061,637459,5115,
637462,637472,2025-07-15_19-22-13-594001,637473,10,
642578,642587,2025-07-15_19-22-18-708988,642589,9,
647695,647720,2025-07-15_19-22-23-835788,647721,25,
652826,652839,2025-07-15_19-22-28-960337,652841,13,
657951,657968,2025-07-15_19-22-34-089238,657971,17,
663074,663083,2025-07-15_19-22-39-204351,663084,9,
668189,668200,2025-07-15_19-22-44-321745,668202,11,
673304,673331,2025-07-15_19-22-49-452403,673333,27,
678422,678472,2025-07-15_19-22-54-566800,678476,50,