LocalTimestamp,EmotiBitTimestamp,PacketNumber,DataLength,TypeTag,ProtocolVersion,DataReliability,AK
1752703219.949502,498633.000,14254,2,AK,1,100,13490
1752703219.949502,498633.000,14254,2,AK,1,100,RD
1752703219.956002,498639.500,14257,2,AK,1,100,14255
1752703219.962502,498646.000,14257,2,AK,1,100,RD
1752703222.512008,501195.500,15110,2,AK,1,100,14255
1752703225.061513,503745.000,15110,2,AK,1,100,RD
1752703225.068013,503751.500,15113,2,AK,1,100,15111
1752703225.074513,503758.000,15113,2,AK,1,100,RD
1752703227.631519,506315.000,15981,2,AK,1,100,15111
1752703230.188525,508872.000,15981,2,AK,1,100,RD
1752703230.192525,508876.000,15984,2,AK,1,100,15982
1752703230.196525,508880.000,15984,2,AK,1,100,RD
1752703232.745531,511429.000,16845,2,AK,1,100,15982
1752703235.294537,513978.000,16845,2,AK,1,100,RD
1752703235.300537,513984.000,16848,2,AK,1,100,16846
1752703235.306537,513990.000,16848,2,AK,1,100,RD
1752703237.855043,516538.500,17708,2,AK,1,100,16846
1752703240.403549,519087.000,17708,2,AK,1,100,RD
1752703240.411049,519094.500,17711,2,AK,1,100,17709
1752703240.418549,519102.000,17711,2,AK,1,100,RD
1752703242.976055,521659.500,18585,2,AK,1,100,17709
1752703245.533561,524217.000,18585,2,AK,1,100,RD
1752703245.539561,524223.000,18588,2,AK,1,100,18586
1752703245.545561,524229.000,18588,2,AK,1,100,RD
1752703248.093067,526776.500,19446,2,AK,1,100,18586
1752703250.640573,529324.000,19446,2,AK,1,100,RD
1752703250.646573,529330.000,19449,2,AK,1,100,19447
1752703250.652573,529336.000,19449,2,AK,1,100,RD
1752703253.214078,531897.500,20325,2,AK,1,100,19447
1752703255.775584,534459.000,20325,2,AK,1,100,RD
1752703255.790584,534474.000,20328,2,AK,1,100,20326
1752703255.805584,534489.000,20328,2,AK,1,100,RD
1752703258.352590,537036.000,20978,2,AK,1,100,20326
1752703260.899596,539583.000,20978,2,AK,1,100,RD
1752703260.905596,539589.000,20981,2,AK,1,100,20979
1752703260.911596,539595.000,20981,2,AK,1,100,RD
1752703263.461102,542144.500,21836,2,AK,1,100,20979
1752703266.010608,544694.000,21836,2,AK,1,100,RD
1752703266.017108,544700.500,21839,2,AK,1,100,21837
1752703266.023608,544707.000,21839,2,AK,1,100,RD
1752703268.570614,547254.000,22695,2,AK,1,100,21837
1752703271.117620,549801.000,22695,2,AK,1,100,RD
1752703273.679626,552363.000,23559,2,AK,1,100,22696
1752703276.241632,554925.000,23559,2,AK,1,100,RD
1752703276.242632,554926.000,23561,2,AK,1,100,22696
1752703276.243632,554927.000,23561,2,AK,1,100,RD
1752703276.250632,554934.000,23564,2,AK,1,100,23562
1752703276.257632,554941.000,23564,2,AK,1,100,RD
1752703278.802638,557486.000,24412,2,AK,1,100,23562
1752703281.347643,560031.000,24412,2,AK,1,100,RD
1752703281.352143,560035.500,24415,2,AK,1,100,24413
1752703281.356643,560040.000,24415,2,AK,1,100,RD
1752703283.943149,562626.500,25267,2,AK,1,100,24413
1752703286.529655,565213.000,25267,2,AK,1,100,RD
1752703286.546655,565230.000,25270,2,AK,1,100,25268
1752703286.563656,565247.000,25270,2,AK,1,100,RD
1752703289.114161,567797.500,25941,2,AK,1,100,25268
1752703291.664667,570348.000,25941,2,AK,1,100,RD
1752703291.670167,570353.500,25944,2,AK,1,100,25942
1752703291.675667,570359.000,25944,2,AK,1,100,RD
1752703294.224673,572908.000,26806,2,AK,1,100,25942
1752703296.773679,575457.000,26806,2,AK,1,100,RD
1752703296.791179,575474.500,26809,2,AK,1,100,26807
1752703296.808679,575492.000,26809,2,AK,1,100,RD
1752703299.345185,578028.500,27661,2,AK,1,100,26807
1752703301.881691,580565.000,27661,2,AK,1,100,RD
1752703304.444697,583128.000,28519,2,AK,1,100,27662
1752703307.007703,585691.000,28519,2,AK,1,100,RD
1752703307.008703,585692.000,28521,2,AK,1,100,27662
1752703307.009703,585693.000,28521,2,AK,1,100,RD
1752703307.017203,585700.500,28524,2,AK,1,100,28522
1752703307.024703,585708.000,28524,2,AK,1,100,RD
1752703309.572209,588255.500,29375,2,AK,1,100,28522
1752703312.119715,590803.000,29375,2,AK,1,100,RD
1752703312.131715,590815.000,29378,2,AK,1,100,29376
1752703312.143715,590827.000,29378,2,AK,1,100,RD
1752703314.684220,593367.500,30236,2,AK,1,100,29376
1752703317.224726,595908.000,30236,2,AK,1,100,RD
1752703317.242226,595925.500,30239,2,AK,1,100,30237
1752703317.259726,595943.000,30239,2,AK,1,100,RD
1752703319.796232,598479.500,31094,2,AK,1,100,30237
1752703322.332738,601016.000,31094,2,AK,1,100,RD
1752703322.364738,601048.000,31097,2,AK,1,100,31095
1752703322.396738,601080.000,31097,2,AK,1,100,RD
1752703324.920744,603604.000,31945,2,AK,1,100,31095
1752703327.444750,606128.000,31945,2,AK,1,100,RD
1752703330.004756,608688.000,32803,2,AK,1,100,31946
1752703332.564762,611248.000,32803,2,AK,1,100,RD
1752703332.566262,611249.500,32805,2,AK,1,100,31946
1752703332.567762,611251.000,32805,2,AK,1,100,RD
1752703335.128768,613812.000,33666,2,AK,1,100,32806
1752703337.689774,616373.000,33666,2,AK,1,100,RD
1752703337.690774,616374.000,33668,2,AK,1,100,32806
1752703337.691774,616375.000,33668,2,AK,1,100,RD
1752703337.697774,616381.000,33671,2,AK,1,100,33669
1752703337.703774,616387.000,33671,2,AK,1,100,RD
1752703340.255280,618938.500,34528,2,AK,1,100,33669
1752703342.806785,621490.000,34528,2,AK,1,100,RD
1752703342.826285,621509.500,34531,2,AK,1,100,34529
1752703342.845786,621529.000,34531,2,AK,1,100,RD
1752703345.385791,624069.000,35390,2,AK,1,100,34529
1752703347.925797,626609.000,35390,2,AK,1,100,RD
1752703347.931797,626615.000,35393,2,AK,1,100,35391
1752703347.937797,626621.000,35393,2,AK,1,100,RD
1752703350.493803,629177.000,36245,2,AK,1,100,35391
1752703353.049809,631733.000,36245,2,AK,1,100,RD
1752703353.054309,631737.500,36248,2,AK,1,100,36246
1752703353.058809,631742.000,36248,2,AK,1,100,RD
1752703355.622815,634306.000,37106,2,AK,1,100,36246
1752703358.186821,636870.000,37106,2,AK,1,100,RD
1752703358.190821,636874.000,37109,2,AK,1,100,37107
1752703358.194821,636878.000,37109,2,AK,1,100,RD
1752703360.748827,639432.000,37968,2,AK,1,100,37107
1752703363.302833,641986.000,37968,2,AK,1,100,RD
1752703363.309833,641993.000,37971,2,AK,1,100,37969
1752703363.316833,642000.000,37971,2,AK,1,100,RD
1752703365.869339,644552.500,38823,2,AK,1,100,37969
1752703368.421845,647105.000,38823,2,AK,1,100,RD
1752703368.427845,647111.000,38826,2,AK,1,100,38824
1752703368.433845,647117.000,38826,2,AK,1,100,RD
1752703370.987851,649671.000,39687,2,AK,1,100,38824
1752703373.541856,652225.000,39687,2,AK,1,100,RD
1752703373.557856,652241.000,39690,2,AK,1,100,39688
1752703373.573857,652257.000,39690,2,AK,1,100,RD
1752703376.121362,654804.500,40544,2,AK,1,100,39688
1752703378.668868,657352.000,40544,2,AK,1,100,RD
1752703378.680868,657364.000,40547,2,AK,1,100,40545
1752703378.692868,657376.000,40547,2,AK,1,100,RD
1752703381.236374,659919.500,41401,2,AK,1,100,40545
1752703383.779880,662463.000,41401,2,AK,1,100,RD
1752703383.787380,662470.500,41404,2,AK,1,100,41402
1752703383.794880,662478.000,41404,2,AK,1,100,RD
1752703386.341386,665024.500,42259,2,AK,1,100,41402
1752703388.887892,667571.000,42259,2,AK,1,100,RD
1752703388.893392,667576.500,42262,2,AK,1,100,42260
1752703388.898892,667582.000,42262,2,AK,1,100,RD
1752703391.457398,670140.500,43114,2,AK,1,100,42260
1752703394.015904,672699.000,43114,2,AK,1,100,RD
1752703394.021404,672704.500,43117,2,AK,1,100,43115
1752703394.026904,672710.000,43117,2,AK,1,100,RD
1752703396.574910,675258.000,43959,2,AK,1,100,43115
1752703399.122916,677806.000,43959,2,AK,1,100,RD
1752703399.140916,677824.000,43962,2,AK,1,100,43960
1752703399.158916,677842.000,43962,2,AK,1,100,RD
1752703401.695422,680378.500,44807,2,AK,1,100,43960
1752703404.231927,682915.000,44807,2,AK,1,100,RD
1752703404.238927,682922.000,44810,2,AK,1,100,44808
1752703404.245927,682929.000,44810,2,AK,1,100,RD
1752703406.803933,685487.000,45666,2,AK,1,100,44808
1752703409.361939,688045.000,45666,2,AK,1,100,RD
1752703409.371939,688055.000,45669,2,AK,1,100,45667
1752703409.381939,688065.000,45669,2,AK,1,100,RD
1752703411.932945,690616.000,46515,2,AK,1,100,45667
1752703414.483951,693167.000,46515,2,AK,1,100,RD
1752703414.489451,693172.500,46518,2,AK,1,100,46516
1752703414.494951,693178.000,46518,2,AK,1,100,RD
1752703417.055457,695738.500,47365,2,AK,1,100,46516
1752703419.615963,698299.000,47365,2,AK,1,100,RD
1752703419.619963,698303.000,47368,2,AK,1,100,47366
1752703419.623963,698307.000,47368,2,AK,1,100,RD
1752703422.179969,700863.000,48208,2,AK,1,100,47366
1752703424.735975,703419.000,48208,2,AK,1,100,RD
1752703424.741475,703424.500,48211,2,AK,1,100,48209
1752703424.746975,703430.000,48211,2,AK,1,100,RD
1752703427.301981,705985.000,49049,2,AK,1,100,48209
1752703429.856987,708540.000,49049,2,AK,1,100,RD
1752703429.873487,708556.500,49052,2,AK,1,100,49050
1752703429.889987,708573.000,49052,2,AK,1,100,RD
1752703432.432493,711115.500,49893,2,AK,1,100,49050
1752703434.974998,713658.000,49893,2,AK,1,100,RD
1752703434.982498,713665.500,49896,2,AK,1,100,49894
1752703434.989998,713673.000,49896,2,AK,1,100,RD
1752703437.543004,716226.000,50732,2,AK,1,100,49894
1752703440.096010,718779.000,50732,2,AK,1,100,RD
1752703440.102510,718785.500,50735,2,AK,1,100,50733
1752703440.109010,718792.000,50735,2,AK,1,100,RD
1752703442.662016,721345.000,51576,2,AK,1,100,50733
1752703445.215022,723898.000,51576,2,AK,1,100,RD
1752703445.221522,723904.500,51579,2,AK,1,100,51577
1752703445.228022,723911.000,51579,2,AK,1,100,RD
1752703447.779028,726462.000,52421,2,AK,1,100,51577
1752703450.330034,729013.000,52421,2,AK,1,100,RD
1752703450.335034,729018.000,52424,2,AK,1,100,52422
1752703450.340034,729023.000,52424,2,AK,1,100,RD
1752703452.895040,731578.000,53266,2,AK,1,100,52422
1752703455.450046,734133.000,53266,2,AK,1,100,RD
1752703455.454546,734137.500,53269,2,AK,1,100,53267
1752703455.459046,734142.000,53269,2,AK,1,100,RD
1752703458.009052,736692.000,54107,2,AK,1,100,53267
1752703460.559058,739242.000,54107,2,AK,1,100,RD
1752703460.565558,739248.500,54110,2,AK,1,100,54108
1752703460.572058,739255.000,54110,2,AK,1,100,RD
1752703463.129063,741812.000,54948,2,AK,1,100,54108
1752703465.686069,744369.000,54948,2,AK,1,100,RD
1752703465.692069,744375.000,54951,2,AK,1,100,54949
1752703465.698069,744381.000,54951,2,AK,1,100,RD
1752703468.253075,746936.000,55787,2,AK,1,100,54949
1752703470.808081,749491.000,55787,2,AK,1,100,RD
1752703470.813081,749496.000,55790,2,AK,1,100,55788
1752703470.818081,749501.000,55790,2,AK,1,100,RD
1752703473.372587,752055.500,56627,2,AK,1,100,55788
1752703475.927093,754610.000,56627,2,AK,1,100,RD
1752703475.932093,754615.000,56630,2,AK,1,100,56628
1752703475.937093,754620.000,56630,2,AK,1,100,RD
1752703478.491099,757174.000,57470,2,AK,1,100,56628
1752703481.045105,759728.000,57470,2,AK,1,100,RD
1752703481.050605,759733.500,57473,2,AK,1,100,57471
1752703481.056105,759739.000,57473,2,AK,1,100,RD
1752703483.611111,762294.000,58308,2,AK,1,100,57471
1752703486.166117,764849.000,58308,2,AK,1,100,RD
1752703486.171617,764854.500,58311,2,AK,1,100,58309
1752703486.177117,764860.000,58311,2,AK,1,100,RD
1752703488.736623,767419.500,58941,2,AK,1,100,58309
1752703491.296129,769979.000,58941,2,AK,1,100,RD
1752703491.317629,770000.500,58944,2,AK,1,100,58942
1752703491.339129,770022.000,58944,2,AK,1,100,RD
1752703493.877134,772560.000,59782,2,AK,1,100,58942
1752703496.415140,775098.000,59782,2,AK,1,100,RD
1752703496.421640,775104.500,59785,2,AK,1,100,59783
1752703496.428140,775111.000,59785,2,AK,1,100,RD
1752703498.983646,777666.500,60624,2,AK,1,100,59783
1752703501.539152,780222.000,60624,2,AK,1,100,RD
1752703501.544152,780227.000,60627,2,AK,1,100,60625
1752703501.549152,780232.000,60627,2,AK,1,100,RD
1752703504.103658,782786.500,61461,2,AK,1,100,60625
1752703506.658164,785341.000,61461,2,AK,1,100,RD
1752703506.663164,785346.000,61464,2,AK,1,100,61462
1752703506.668164,785351.000,61464,2,AK,1,100,RD
1752703509.221170,787904.000,62300,2,AK,1,100,61462
1752703511.774176,790457.000,62300,2,AK,1,100,RD
1752703511.780176,790463.000,62303,2,AK,1,100,62301
1752703511.786176,790469.000,62303,2,AK,1,100,RD
1752703514.337182,793020.000,63142,2,AK,1,100,62301
1752703516.888188,795571.000,63142,2,AK,1,100,RD
1752703516.907688,795590.500,63145,2,AK,1,100,63143
1752703516.927188,795610.000,63145,2,AK,1,100,RD
1752703519.470194,798153.000,63981,2,AK,1,100,63143
1752703522.013199,800696.000,63981,2,AK,1,100,RD
1752703522.019700,800702.500,63984,2,AK,1,100,63982
1752703522.026200,800709.000,63984,2,AK,1,100,RD
1752703524.581705,803264.500,64818,2,AK,1,100,63982
1752703527.137211,805820.000,64818,2,AK,1,100,RD
1752703527.141711,805824.500,64821,2,AK,1,100,64819
1752703527.146211,805829.000,64821,2,AK,1,100,RD
1752703529.705717,808388.500,125,2,AK,1,100,64819
1752703532.265223,810948.000,125,2,AK,1,100,RD
1752703532.271223,810954.000,128,2,AK,1,100,126
1752703532.277223,810960.000,128,2,AK,1,100,RD
1752703534.824229,813507.000,966,2,AK,1,100,126
1752703537.371235,816054.000,966,2,AK,1,100,RD
1752703537.378235,816061.000,969,2,AK,1,100,967
1752703537.385235,816068.000,969,2,AK,1,100,RD
1752703539.946241,818629.000,1819,2,AK,1,100,967
1752703542.507247,821190.000,1819,2,AK,1,100,RD
1752703542.512247,821195.000,1822,2,AK,1,100,1820
1752703542.517247,821200.000,1822,2,AK,1,100,RD
1752703545.066253,823749.000,2658,2,AK,1,100,1820
1752703547.615259,826298.000,2658,2,AK,1,100,RD
1752703547.635259,826318.000,2661,2,AK,1,100,2659
1752703547.655259,826338.000,2661,2,AK,1,100,RD
1752703550.189265,828872.000,3496,2,AK,1,100,2659
1752703552.723270,831406.000,3496,2,AK,1,100,RD
1752703555.286776,833969.500,4335,2,AK,1,100,3497
1752703557.850282,836533.000,4335,2,AK,1,100,RD
1752703557.851282,836534.000,4337,2,AK,1,100,3497
1752703557.852282,836535.000,4337,2,AK,1,100,RD
1752703557.857782,836540.500,4340,2,AK,1,100,4338
1752703557.863282,836546.000,4340,2,AK,1,100,RD
1752703560.410288,839093.000,5182,2,AK,1,100,4338
1752703562.957294,841640.000,5182,2,AK,1,100,RD
1752703562.964794,841647.500,5185,2,AK,1,100,5183
1752703562.972294,841655.000,5185,2,AK,1,100,RD
1752703565.535800,844218.500,6035,2,AK,1,100,5183
1752703568.099306,846782.000,6035,2,AK,1,100,RD
1752703568.103806,846786.500,6038,2,AK,1,100,6036
1752703568.108306,846791.000,6038,2,AK,1,100,RD
1752703570.657812,849340.500,6874,2,AK,1,100,6036
1752703573.207318,851890.000,6874,2,AK,1,100,RD
1752703573.227318,851910.000,6877,2,AK,1,100,6875
1752703573.247318,851930.000,6877,2,AK,1,100,RD
1752703575.781324,854464.000,7714,2,AK,1,100,6875
1752703578.315330,856998.000,7714,2,AK,1,100,RD
1752703578.323830,857006.500,7717,2,AK,1,100,7715
1752703578.332330,857015.000,7717,2,AK,1,100,RD
1752703580.886836,859569.500,8567,2,AK,1,100,7715
1752703583.441341,862124.000,8567,2,AK,1,100,RD
1752703583.447841,862130.500,8570,2,AK,1,100,8568
1752703583.454341,862137.000,8570,2,AK,1,100,RD
1752703586.003347,864686.000,9408,2,AK,1,100,8568
1752703588.552353,867235.000,9408,2,AK,1,100,RD
1752703588.558853,867241.500,9411,2,AK,1,100,9409
1752703588.565353,867248.000,9411,2,AK,1,100,RD
1752703591.125859,869808.500,10265,2,AK,1,100,9409
1752703593.686365,872369.000,10265,2,AK,1,100,RD
1752703593.691865,872374.500,10268,2,AK,1,100,10266
1752703593.697365,872380.000,10268,2,AK,1,100,RD
1752703596.246371,874929.000,11102,2,AK,1,100,10266
1752703598.795377,877478.000,11102,2,AK,1,100,RD
1752703598.814377,877497.000,11105,2,AK,1,100,11103
1752703598.833377,877516.000,11105,2,AK,1,100,RD
1752703601.367883,880050.500,11942,2,AK,1,100,11103
1752703603.902389,882585.000,11942,2,AK,1,100,RD
1752703606.460895,885143.500,12786,2,AK,1,100,11943
1752703609.019401,887702.000,12786,2,AK,1,100,RD
1752703609.023901,887706.500,12788,2,AK,1,100,11943
1752703609.028401,887711.000,12788,2,AK,1,100,RD
1752703609.032901,887715.500,12791,2,AK,1,100,12789
1752703609.037401,887720.000,12791,2,AK,1,100,RD
1752703611.582406,890265.000,13628,2,AK,1,100,12789
1752703614.127412,892810.000,13628,2,AK,1,100,RD
1752703614.135912,892818.500,13631,2,AK,1,100,13629
1752703614.144412,892827.000,13631,2,AK,1,100,RD
1752703616.703418,895386.000,14484,2,AK,1,100,13629
1752703619.262424,897945.000,14484,2,AK,1,100,RD
1752703619.276424,897959.000,14487,2,AK,1,100,14485
1752703619.290424,897973.000,14487,2,AK,1,100,RD
1752703621.829930,900512.500,15321,2,AK,1,100,14485
1752703624.369436,903052.000,15321,2,AK,1,100,RD
1752703624.375436,903058.000,15324,2,AK,1,100,15322
1752703624.381436,903064.000,15324,2,AK,1,100,RD
1752703626.942442,905625.000,16176,2,AK,1,100,15322
1752703629.503448,908186.000,16176,2,AK,1,100,RD
1752703629.512448,908195.000,16179,2,AK,1,100,16177
1752703629.521448,908204.000,16179,2,AK,1,100,RD
1752703632.067954,910750.500,17017,2,AK,1,100,16177
1752703634.614460,913297.000,17017,2,AK,1,100,RD
1752703634.620960,913303.500,17020,2,AK,1,100,17018
1752703634.627460,913310.000,17020,2,AK,1,100,RD
1752703637.174966,915857.500,17856,2,AK,1,100,17018
1752703639.722471,918405.000,17856,2,AK,1,100,RD
1752703639.731971,918414.500,17859,2,AK,1,100,17857
1752703639.741472,918424.000,17859,2,AK,1,100,RD
1752703642.294477,920977.000,18710,2,AK,1,100,17857
1752703644.847483,923530.000,18710,2,AK,1,100,RD
1752703644.860483,923543.000,18713,2,AK,1,100,18711
1752703644.873483,923556.000,18713,2,AK,1,100,RD
1752703647.414489,926097.000,19549,2,AK,1,100,18711
1752703649.955495,928638.000,19549,2,AK,1,100,RD
1752703649.965495,928648.000,19552,2,AK,1,100,19550
1752703649.975495,928658.000,19552,2,AK,1,100,RD
1752703652.536001,931218.500,20402,2,AK,1,100,19550
1752703655.096507,933779.000,20402,2,AK,1,100,RD
1752703655.101507,933784.000,20405,2,AK,1,100,20403
1752703655.106507,933789.000,20405,2,AK,1,100,RD
1752703657.655513,936338.000,21240,2,AK,1,100,20403
1752703660.204519,938887.000,21240,2,AK,1,100,RD
1752703660.212519,938895.000,21243,2,AK,1,100,21241
1752703660.220519,938903.000,21243,2,AK,1,100,RD
1752703662.766525,941449.000,22080,2,AK,1,100,21241
1752703665.312531,943995.000,22080,2,AK,1,100,RD
1752703665.318031,944000.500,22083,2,AK,1,100,22081
1752703665.323531,944006.000,22083,2,AK,1,100,RD
1752703667.881037,946563.500,22935,2,AK,1,100,22081
1752703670.438542,949121.000,22935,2,AK,1,100,RD
1752703670.451542,949134.000,22938,2,AK,1,100,22936
1752703670.464542,949147.000,22938,2,AK,1,100,RD
1752703673.008048,951690.500,23772,2,AK,1,100,22936
1752703675.551554,954234.000,23772,2,AK,1,100,RD
1752703675.576054,954258.500,23775,2,AK,1,100,23773
1752703675.600554,954283.000,23775,2,AK,1,100,RD
1752703678.128060,956810.500,24610,2,AK,1,100,23773
1752703680.655566,959338.000,24610,2,AK,1,100,RD
1752703683.216572,961899.000,25447,2,AK,1,100,24611
1752703685.777578,964460.000,25447,2,AK,1,100,RD
1752703685.780578,964463.000,25449,2,AK,1,100,24611
1752703685.783578,964466.000,25449,2,AK,1,100,RD
1752703685.790578,964473.000,25452,2,AK,1,100,25450
1752703685.797578,964480.000,25452,2,AK,1,100,RD
1752703688.343084,967025.500,26288,2,AK,1,100,25450
1752703690.888590,969571.000,26288,2,AK,1,100,RD
1752703690.898090,969580.500,26291,2,AK,1,100,26289
1752703690.907590,969590.000,26291,2,AK,1,100,RD
1752703693.467096,972149.500,27141,2,AK,1,100,26289
1752703696.026602,974709.000,27141,2,AK,1,100,RD
1752703696.040102,974722.500,27144,2,AK,1,100,27142
1752703696.053602,974736.000,27144,2,AK,1,100,RD
1752703698.594107,977276.500,27774,2,AK,1,100,27142
1752703701.134613,979817.000,27774,2,AK,1,100,RD
1752703701.162113,979844.500,27777,2,AK,1,100,27775
1752703701.189613,979872.000,27777,2,AK,1,100,RD
1752703703.716119,982398.500,28614,2,AK,1,100,27775
1752703706.242625,984925.000,28614,2,AK,1,100,RD
1752703708.800131,987482.500,29451,2,AK,1,100,28615
1752703711.357637,990040.000,29451,2,AK,1,100,RD
1752703711.358637,990041.000,29453,2,AK,1,100,28615
1752703711.359637,990042.000,29453,2,AK,1,100,RD
1752703711.364137,990046.500,29456,2,AK,1,100,29454
1752703711.368637,990051.000,29456,2,AK,1,100,RD
1752703713.917143,992599.500,30295,2,AK,1,100,29454
1752703716.465649,995148.000,30295,2,AK,1,100,RD
1752703716.483649,995166.000,30298,2,AK,1,100,30296
1752703716.501649,995184.000,30298,2,AK,1,100,RD
1752703719.037655,997720.000,31135,2,AK,1,100,30296
1752703721.573661,1000256.000,31135,2,AK,1,100,RD
1752703721.583661,1000266.000,31138,2,AK,1,100,31136
1752703721.593661,1000276.000,31138,2,AK,1,100,RD
1752703724.148667,1002831.000,31988,2,AK,1,100,31136
1752703726.703672,1005386.000,31988,2,AK,1,100,RD
1752703726.708672,1005391.000,31991,2,AK,1,100,31989
1752703726.713672,1005396.000,31991,2,AK,1,100,RD
1752703729.263678,1007946.000,32825,2,AK,1,100,31989
1752703731.813684,1010496.000,32825,2,AK,1,100,RD
1752703731.822684,1010505.000,32828,2,AK,1,100,32826
1752703731.831684,1010514.000,32828,2,AK,1,100,RD
1752703734.385190,1013067.500,33667,2,AK,1,100,32826
1752703736.938696,1015621.000,33667,2,AK,1,100,RD
1752703736.946196,1015628.500,33670,2,AK,1,100,33668
1752703736.953696,1015636.000,33670,2,AK,1,100,RD
1752703739.506202,1018188.500,34504,2,AK,1,100,33668
1752703742.058708,1020741.000,34504,2,AK,1,100,RD
1752703742.075208,1020757.500,34507,2,AK,1,100,34505
1752703742.091708,1020774.000,34507,2,AK,1,100,RD
1752703744.641214,1023323.500,35344,2,AK,1,100,34505
1752703747.190720,1025873.000,35344,2,AK,1,100,RD
1752703747.197220,1025879.500,35347,2,AK,1,100,35345
1752703747.203720,1025886.000,35347,2,AK,1,100,RD
1752703749.756726,1028439.000,36183,2,AK,1,100,35345
1752703752.309732,1030992.000,36183,2,AK,1,100,RD
1752703752.314232,1030996.500,36186,2,AK,1,100,36184
1752703752.318732,1031001.000,36186,2,AK,1,100,RD
1752703754.869238,1033551.500,37020,2,AK,1,100,36184
1752703757.419743,1036102.000,37020,2,AK,1,100,RD
1752703757.425243,1036107.500,37023,2,AK,1,100,37021
1752703757.430743,1036113.000,37023,2,AK,1,100,RD
1752703759.986749,1038669.000,37862,2,AK,1,100,37021
1752703762.542755,1041225.000,37862,2,AK,1,100,RD
1752703762.547255,1041229.500,37865,2,AK,1,100,37863
1752703762.551755,1041234.000,37865,2,AK,1,100,RD
1752703765.109761,1043792.000,38701,2,AK,1,100,37863
1752703767.667767,1046350.000,38701,2,AK,1,100,RD
1752703767.674267,1046356.500,38704,2,AK,1,100,38702
1752703767.680767,1046363.000,38704,2,AK,1,100,RD
1752703770.234773,1048917.000,39540,2,AK,1,100,38702
1752703772.788779,1051471.000,39540,2,AK,1,100,RD
1752703772.794279,1051476.500,39543,2,AK,1,100,39541
1752703772.799779,1051482.000,39543,2,AK,1,100,RD
1752703775.353785,1054036.000,40380,2,AK,1,100,39541
1752703777.907791,1056590.000,40380,2,AK,1,100,RD
1752703777.914791,1056597.000,40383,2,AK,1,100,40381
1752703777.921791,1056604.000,40383,2,AK,1,100,RD
1752703780.483797,1059166.000,41219,2,AK,1,100,40381
1752703783.045803,1061728.000,41219,2,AK,1,100,RD
1752703783.053303,1061735.500,41222,2,AK,1,100,41220
1752703783.060803,1061743.000,41222,2,AK,1,100,RD
1752703785.611309,1064293.500,42060,2,AK,1,100,41220
1752703788.161814,1066844.000,42060,2,AK,1,100,RD
1752703788.167814,1066850.000,42063,2,AK,1,100,42061
1752703788.173814,1066856.000,42063,2,AK,1,100,RD
1752703790.726820,1069409.000,42898,2,AK,1,100,42061
1752703793.279826,1071962.000,42898,2,AK,1,100,RD
1752703793.286826,1071969.000,42901,2,AK,1,100,42899
1752703793.293826,1071976.000,42901,2,AK,1,100,RD
1752703795.846832,1074529.000,43737,2,AK,1,100,42899
1752703798.399838,1077082.000,43737,2,AK,1,100,RD
1752703798.405838,1077088.000,43740,2,AK,1,100,43738
1752703798.411838,1077094.000,43740,2,AK,1,100,RD
1752703800.960844,1079643.000,44577,2,AK,1,100,43738
1752703803.509850,1082192.000,44577,2,AK,1,100,RD
1752703803.518350,1082200.500,44580,2,AK,1,100,44578
1752703803.526850,1082209.000,44580,2,AK,1,100,RD
1752703806.075856,1084758.000,45414,2,AK,1,100,44578
1752703808.624862,1087307.000,45414,2,AK,1,100,RD
1752703808.630362,1087312.500,45417,2,AK,1,100,45415
1752703808.635862,1087318.000,45417,2,AK,1,100,RD
1752703811.192868,1089875.000,46253,2,AK,1,100,45415
1752703813.749874,1092432.000,46253,2,AK,1,100,RD
1752703813.754874,1092437.000,46256,2,AK,1,100,46254
1752703813.759874,1092442.000,46256,2,AK,1,100,RD
1752703816.309379,1094991.500,47091,2,AK,1,100,46254
1752703818.858885,1097541.000,47091,2,AK,1,100,RD
1752703818.865385,1097547.500,47094,2,AK,1,100,47092
1752703818.871885,1097554.000,47094,2,AK,1,100,RD
1752703821.428891,1100111.000,47932,2,AK,1,100,47092
1752703823.985897,1102668.000,47932,2,AK,1,100,RD
1752703823.992397,1102674.500,47935,2,AK,1,100,47933
1752703823.998897,1102681.000,47935,2,AK,1,100,RD
1752703826.547903,1105230.000,48769,2,AK,1,100,47933
1752703829.096909,1107779.000,48769,2,AK,1,100,RD
1752703829.116909,1107799.000,48772,2,AK,1,100,48770
1752703829.136909,1107819.000,48772,2,AK,1,100,RD
1752703831.679915,1110362.000,49609,2,AK,1,100,48770
1752703834.222921,1112905.000,49609,2,AK,1,100,RD
1752703834.228921,1112911.000,49612,2,AK,1,100,49610
1752703834.234921,1112917.000,49612,2,AK,1,100,RD
1752703836.814927,1115497.000,50448,2,AK,1,100,49610
1752703839.394933,1118077.000,50448,2,AK,1,100,RD
1752703839.400433,1118082.500,50451,2,AK,1,100,50449
1752703839.405933,1118088.000,50451,2,AK,1,100,RD
1752703841.966939,1120649.000,51290,2,AK,1,100,50449
1752703844.527945,1123210.000,51290,2,AK,1,100,RD
1752703844.536945,1123219.000,51293,2,AK,1,100,51291
1752703844.545945,1123228.000,51293,2,AK,1,100,RD
1752703847.093951,1125776.000,52127,2,AK,1,100,51291
1752703849.641956,1128324.000,52127,2,AK,1,100,RD
1752703849.648456,1128330.500,52130,2,AK,1,100,52128
1752703849.654957,1128337.000,52130,2,AK,1,100,RD
1752703852.214962,1130897.000,52968,2,AK,1,100,52128
1752703854.774968,1133457.000,52968,2,AK,1,100,RD
1752703854.780968,1133463.000,52971,2,AK,1,100,52969
1752703854.786968,1133469.000,52971,2,AK,1,100,RD
1752703857.345474,1136027.500,53806,2,AK,1,100,52969
1752703859.903980,1138586.000,53806,2,AK,1,100,RD
1752703859.912480,1138594.500,53809,2,AK,1,100,53807
1752703859.920980,1138603.000,53809,2,AK,1,100,RD
1752703862.473486,1141155.500,54644,2,AK,1,100,53807
1752703865.025992,1143708.000,54644,2,AK,1,100,RD
1752703865.035492,1143717.500,54647,2,AK,1,100,54645
1752703865.044992,1143727.000,54647,2,AK,1,100,RD
1752703867.598998,1146281.000,55481,2,AK,1,100,54645
1752703870.153004,1148835.000,55481,2,AK,1,100,RD
1752703870.158504,1148840.500,55484,2,AK,1,100,55482
1752703870.164004,1148846.000,55484,2,AK,1,100,RD
1752703872.721510,1151403.500,56321,2,AK,1,100,55482
1752703875.279016,1153961.000,56321,2,AK,1,100,RD
1752703875.283516,1153965.500,56324,2,AK,1,100,56322
1752703875.288016,1153970.000,56324,2,AK,1,100,RD
1752703877.841022,1156523.000,57158,2,AK,1,100,56322
1752703880.394028,1159076.000,57158,2,AK,1,100,RD
1752703880.403028,1159085.000,57161,2,AK,1,100,57159
1752703880.412028,1159094.000,57161,2,AK,1,100,RD
1752703882.958533,1161640.500,57996,2,AK,1,100,57159
1752703885.505039,1164187.000,57996,2,AK,1,100,RD
1752703885.514039,1164196.000,57999,2,AK,1,100,57997
1752703885.523039,1164205.000,57999,2,AK,1,100,RD
1752703888.078045,1166760.000,58837,2,AK,1,100,57997
1752703890.633051,1169315.000,58837,2,AK,1,100,RD
1752703890.638551,1169320.500,58840,2,AK,1,100,58838
1752703890.644051,1169326.000,58840,2,AK,1,100,RD
1752703893.199557,1171881.500,59676,2,AK,1,100,58838
1752703895.755063,1174437.000,59676,2,AK,1,100,RD
1752703895.789563,1174471.500,59679,2,AK,1,100,59677
1752703895.824063,1174506.000,59679,2,AK,1,100,RD
1752703898.344069,1177026.000,60296,2,AK,1,100,59677
1752703900.864075,1179546.000,60296,2,AK,1,100,RD
1752703900.873075,1179555.000,60299,2,AK,1,100,60297
1752703900.882075,1179564.000,60299,2,AK,1,100,RD
1752703903.435581,1182117.500,61136,2,AK,1,100,60297
1752703905.989087,1184671.000,61136,2,AK,1,100,RD
1752703905.995587,1184677.500,61139,2,AK,1,100,61137
1752703906.002087,1184684.000,61139,2,AK,1,100,RD
1752703908.555593,1187237.500,61977,2,AK,1,100,61137
1752703911.109098,1189791.000,61977,2,AK,1,100,RD
1752703911.116099,1189798.000,61980,2,AK,1,100,61978
1752703911.123099,1189805.000,61980,2,AK,1,100,RD
1752703913.675604,1192357.500,62817,2,AK,1,100,61978
1752703916.228110,1194910.000,62817,2,AK,1,100,RD
1752703916.235110,1194917.000,62820,2,AK,1,100,62818
1752703916.242110,1194924.000,62820,2,AK,1,100,RD
1752703918.798616,1197480.500,63654,2,AK,1,100,62818
1752703921.355122,1200037.000,63654,2,AK,1,100,RD
1752703921.360622,1200042.500,63657,2,AK,1,100,63655
1752703921.366122,1200048.000,63657,2,AK,1,100,RD
1752703923.919128,1202601.000,64491,2,AK,1,100,63655
1752703926.472134,1205154.000,64491,2,AK,1,100,RD
1752703926.476134,1205158.000,64494,2,AK,1,100,64492
1752703926.480134,1205162.000,64494,2,AK,1,100,RD
1752703929.035640,1207717.500,65330,2,AK,1,100,64492
1752703931.591146,1210273.000,65330,2,AK,1,100,RD
1752703931.595646,1210277.500,65333,2,AK,1,100,65331
1752703931.600146,1210282.000,65333,2,AK,1,100,RD
1752703934.155152,1212837.000,631,2,AK,1,100,65331
1752703936.710158,1215392.000,631,2,AK,1,100,RD
1752703936.721158,1215403.000,634,2,AK,1,100,632
1752703936.732158,1215414.000,634,2,AK,1,100,RD
1752703939.274664,1217956.500,1471,2,AK,1,100,632
1752703941.817169,1220499.000,1471,2,AK,1,100,RD
1752703941.821669,1220503.500,1474,2,AK,1,100,1472
1752703941.826169,1220508.000,1474,2,AK,1,100,RD
1752703944.385675,1223067.500,2327,2,AK,1,100,1472
1752703946.945181,1225627.000,2327,2,AK,1,100,RD
1752703949.505187,1228187.000,3164,2,AK,1,100,2328
1752703952.065193,1230747.000,3164,2,AK,1,100,RD
1752703952.066193,1230748.000,3166,2,AK,1,100,2328
1752703952.067193,1230749.000,3166,2,AK,1,100,RD
1752703952.074193,1230756.000,3169,2,AK,1,100,3167
1752703952.081193,1230763.000,3169,2,AK,1,100,RD
1752703954.627199,1233309.000,4006,2,AK,1,100,3167
1752703957.173205,1235855.000,4006,2,AK,1,100,RD
1752703957.178705,1235860.500,4009,2,AK,1,100,4007
1752703957.184205,1235866.000,4009,2,AK,1,100,RD
1752703959.750711,1238432.500,4864,2,AK,1,100,4007
1752703962.317217,1240999.000,4864,2,AK,1,100,RD
1752703962.327717,1241009.500,4867,2,AK,1,100,4865
1752703962.338217,1241020.000,4867,2,AK,1,100,RD
1752703964.882223,1243564.000,5701,2,AK,1,100,4865
1752703967.426229,1246108.000,5701,2,AK,1,100,RD
1752703967.440729,1246122.500,5704,2,AK,1,100,5702
1752703967.455229,1246137.000,5704,2,AK,1,100,RD
1752703969.994235,1248676.000,6541,2,AK,1,100,5702
1752703972.533240,1251215.000,6541,2,AK,1,100,RD
1752703975.096746,1253778.500,7379,2,AK,1,100,6542
1752703977.660252,1256342.000,7379,2,AK,1,100,RD
1752703977.661752,1256343.500,7381,2,AK,1,100,6542
1752703977.663252,1256345.000,7381,2,AK,1,100,RD
1752703977.668752,1256350.500,7384,2,AK,1,100,7382
1752703977.674252,1256356.000,7384,2,AK,1,100,RD
1752703980.217258,1258899.000,8219,2,AK,1,100,7382
1752703982.760264,1261442.000,8219,2,AK,1,100,RD
1752703982.766764,1261448.500,8222,2,AK,1,100,8220
1752703982.773264,1261455.000,8222,2,AK,1,100,RD
1752703985.339270,1264021.000,9075,2,AK,1,100,8220
1752703987.905276,1266587.000,9075,2,AK,1,100,RD
1752703987.913776,1266595.500,9078,2,AK,1,100,9076
1752703987.922276,1266604.000,9078,2,AK,1,100,RD
1752703990.466782,1269148.500,9912,2,AK,1,100,9076
1752703993.011288,1271693.000,9912,2,AK,1,100,RD
1752703993.028788,1271710.500,9915,2,AK,1,100,9913
1752703993.046288,1271728.000,9915,2,AK,1,100,RD
1752703995.582794,1274264.500,10749,2,AK,1,100,9913
1752703998.119300,1276801.000,10749,2,AK,1,100,RD
1752704000.682305,1279364.000,11589,2,AK,1,100,10750
1752704003.245311,1281927.000,11589,2,AK,1,100,RD
1752704003.246311,1281928.000,11591,2,AK,1,100,10750
1752704003.247311,1281929.000,11591,2,AK,1,100,RD
1752704003.257311,1281939.000,11594,2,AK,1,100,11592
1752704003.267311,1281949.000,11594,2,AK,1,100,RD
1752704005.809817,1284491.500,12429,2,AK,1,100,11592
1752704008.352323,1287034.000,12429,2,AK,1,100,RD
1752704008.358823,1287040.500,12432,2,AK,1,100,12430
1752704008.365323,1287047.000,12432,2,AK,1,100,RD
1752704010.931829,1289613.500,13285,2,AK,1,100,12430
1752704013.498335,1292180.000,13285,2,AK,1,100,RD
1752704013.504335,1292186.000,13288,2,AK,1,100,13286
1752704013.510335,1292192.000,13288,2,AK,1,100,RD
1752704016.057841,1294739.500,14124,2,AK,1,100,13286
1752704018.605347,1297287.000,14124,2,AK,1,100,RD
1752704018.611847,1297293.500,14127,2,AK,1,100,14125
1752704018.618347,1297300.000,14127,2,AK,1,100,RD
1752704021.170853,1299852.500,14977,2,AK,1,100,14125
1752704023.723359,1302405.000,14977,2,AK,1,100,RD
1752704023.729359,1302411.000,14980,2,AK,1,100,14978
1752704023.735359,1302417.000,14980,2,AK,1,100,RD
1752704026.284365,1304966.000,15817,2,AK,1,100,14978
1752704028.833370,1307515.000,15817,2,AK,1,100,RD
1752704028.838370,1307520.000,15820,2,AK,1,100,15818
1752704028.843371,1307525.000,15820,2,AK,1,100,RD
1752704031.406376,1310088.000,16673,2,AK,1,100,15818
1752704033.969382,1312651.000,16673,2,AK,1,100,RD
1752704033.973882,1312655.500,16676,2,AK,1,100,16674
1752704033.978382,1312660.000,16676,2,AK,1,100,RD
1752704036.527888,1315209.500,17512,2,AK,1,100,16674
1752704039.077394,1317759.000,17512,2,AK,1,100,RD
1752704039.086894,1317768.500,17515,2,AK,1,100,17513
1752704039.096394,1317778.000,17515,2,AK,1,100,RD
1752704041.652900,1320334.500,18365,2,AK,1,100,17513
1752704044.209406,1322891.000,18365,2,AK,1,100,RD
1752704044.219906,1322901.500,18368,2,AK,1,100,18366
1752704044.230406,1322912.000,18368,2,AK,1,100,RD
1752704046.774912,1325456.500,19206,2,AK,1,100,18366
1752704049.319418,1328001.000,19206,2,AK,1,100,RD
1752704049.327418,1328009.000,19209,2,AK,1,100,19207
1752704049.335418,1328017.000,19209,2,AK,1,100,RD
1752704051.900924,1330582.500,20059,2,AK,1,100,19207
1752704054.466430,1333148.000,20059,2,AK,1,100,RD
1752704054.470430,1333152.000,20062,2,AK,1,100,20060
1752704054.474430,1333156.000,20062,2,AK,1,100,RD
1752704057.024436,1335706.000,20897,2,AK,1,100,20060
1752704059.574442,1338256.000,20897,2,AK,1,100,RD
1752704059.580942,1338262.500,20900,2,AK,1,100,20898
1752704059.587442,1338269.000,20900,2,AK,1,100,RD
1752704062.150947,1340832.500,21752,2,AK,1,100,20898
1752704064.714453,1343396.000,21752,2,AK,1,100,RD
1752704064.719953,1343401.500,21755,2,AK,1,100,21753
1752704064.725453,1343407.000,21755,2,AK,1,100,RD
1752704067.271459,1345953.000,22592,2,AK,1,100,21753
1752704069.817465,1348499.000,22592,2,AK,1,100,RD
1752704069.821965,1348503.500,22595,2,AK,1,100,22593
1752704069.826465,1348508.000,22595,2,AK,1,100,RD
1752704072.388971,1351070.500,23448,2,AK,1,100,22593
1752704074.951477,1353633.000,23448,2,AK,1,100,RD
1752704074.957477,1353639.000,23451,2,AK,1,100,23449
1752704074.963477,1353645.000,23451,2,AK,1,100,RD
1752704077.511483,1356193.000,24287,2,AK,1,100,23449
1752704080.059489,1358741.000,24287,2,AK,1,100,RD
1752704080.077989,1358759.500,24290,2,AK,1,100,24288
1752704080.096489,1358778.000,24290,2,AK,1,100,RD
1752704082.633995,1361315.500,25126,2,AK,1,100,24288
1752704085.171501,1363853.000,25126,2,AK,1,100,RD
1752704085.177501,1363859.000,25129,2,AK,1,100,25127
1752704085.183501,1363865.000,25129,2,AK,1,100,RD
1752704087.741007,1366422.500,25982,2,AK,1,100,25127
1752704090.298512,1368980.000,25982,2,AK,1,100,RD
1752704090.305513,1368987.000,25985,2,AK,1,100,25983
1752704090.312513,1368994.000,25985,2,AK,1,100,RD
1752704092.861018,1371542.500,26822,2,AK,1,100,25983
1752704095.409524,1374091.000,26822,2,AK,1,100,RD
1752704095.414024,1374095.500,26825,2,AK,1,100,26823
1752704095.418524,1374100.000,26825,2,AK,1,100,RD
1752704098.010530,1376692.000,27564,2,AK,1,100,26823
1752704100.602536,1379284.000,27564,2,AK,1,100,RD
1752704100.626536,1379308.000,27567,2,AK,1,100,27565
1752704100.650536,1379332.000,27567,2,AK,1,100,RD
1752704103.180542,1381862.000,28311,2,AK,1,100,27565
1752704105.710548,1384392.000,28311,2,AK,1,100,RD
1752704105.716548,1384398.000,28314,2,AK,1,100,28312
1752704105.722548,1384404.000,28314,2,AK,1,100,RD
1752704108.271554,1386953.000,29148,2,AK,1,100,28312
1752704110.820560,1389502.000,29148,2,AK,1,100,RD
1752704110.828060,1389509.500,29151,2,AK,1,100,29149
1752704110.835560,1389517.000,29151,2,AK,1,100,RD
1752704113.390066,1392071.500,30002,2,AK,1,100,29149
1752704115.944572,1394626.000,30002,2,AK,1,100,RD
1752704115.950072,1394631.500,30005,2,AK,1,100,30003
1752704115.955572,1394637.000,30005,2,AK,1,100,RD
1752704118.503578,1397185.000,30842,2,AK,1,100,30003
1752704121.051584,1399733.000,30842,2,AK,1,100,RD
1752704121.056084,1399737.500,30845,2,AK,1,100,30843
1752704121.060584,1399742.000,30845,2,AK,1,100,RD
1752704123.629090,1402310.500,31694,2,AK,1,100,30843
1752704126.197595,1404879.000,31694,2,AK,1,100,RD
1752704126.217595,1404899.000,31697,2,AK,1,100,31695
1752704126.237596,1404919.000,31697,2,AK,1,100,RD
1752704128.771601,1407453.000,32534,2,AK,1,100,31695
1752704131.305607,1409987.000,32534,2,AK,1,100,RD
1752704133.877613,1412559.000,33369,2,AK,1,100,32535
1752704136.449619,1415131.000,33369,2,AK,1,100,RD
1752704136.450619,1415132.000,33371,2,AK,1,100,32535
1752704136.451619,1415133.000,33371,2,AK,1,100,RD
1752704136.456119,1415137.500,33374,2,AK,1,100,33372
1752704136.460619,1415142.000,33374,2,AK,1,100,RD
1752704139.016125,1417697.500,34212,2,AK,1,100,33372
1752704141.571631,1420253.000,34212,2,AK,1,100,RD
1752704141.576631,1420258.000,34215,2,AK,1,100,34213
1752704141.581631,1420263.000,34215,2,AK,1,100,RD
1752704144.134137,1422815.500,35049,2,AK,1,100,34213
1752704146.686643,1425368.000,35049,2,AK,1,100,RD
1752704146.696643,1425378.000,35052,2,AK,1,100,35050
1752704146.706643,1425388.000,35052,2,AK,1,100,RD
1752704149.257649,1427939.000,35891,2,AK,1,100,35050
1752704151.808655,1430490.000,35891,2,AK,1,100,RD
1752704151.815655,1430497.000,35894,2,AK,1,100,35892
1752704151.822655,1430504.000,35894,2,AK,1,100,RD
