LocalTimestamp,EmotiBitTimestamp,PacketNumber,DataLength,TypeTag,ProtocolVersion,DataReliability,BV
1752789134.729002,101848.000,14610,1,BV,1,100,3.96
1752789139.728018,106847.000,15446,1,BV,1,100,3.96
1752789144.728033,111847.000,16302,1,BV,1,100,3.96
1752789149.727049,116846.000,17142,1,BV,1,100,3.97
1752789154.727064,121846.000,17958,1,BV,1,100,3.96
1752789159.726080,126845.000,18822,1,BV,1,100,3.97
1752789164.726095,131845.000,19668,1,BV,1,100,3.96
1752789169.725111,136844.000,20510,1,BV,1,100,3.96
1752789174.725127,141844.000,21356,1,BV,1,100,3.97
1752789179.724142,146843.000,22218,1,BV,1,100,3.97
1752789184.724158,151843.000,23063,1,BV,1,100,3.97
1752789189.723173,156842.000,23913,1,BV,1,100,3.97
1752789194.723189,161842.000,24761,1,BV,1,100,3.97
1752789199.722205,166841.000,25619,1,BV,1,100,3.97
1752789204.722220,171841.000,26471,1,BV,1,100,3.97
1752789209.721236,176840.000,27316,1,BV,1,100,3.97
1752789214.721251,181840.000,28151,1,BV,1,100,3.97
1752789219.720267,186839.000,28990,1,BV,1,100,3.97
1752789224.720283,191839.000,29829,1,BV,1,100,3.97
1752789229.719298,196838.000,30653,1,BV,1,100,3.97
1752789234.719314,201838.000,31523,1,BV,1,100,3.97
1752789239.718329,206837.000,32368,1,BV,1,100,3.97
1752789244.718345,211837.000,33205,1,BV,1,100,3.97
1752789249.717361,216836.000,34057,1,BV,1,100,3.98
1752789254.717376,221836.000,34905,1,BV,1,100,3.98
1752789259.716392,226835.000,35748,1,BV,1,100,3.98
1752789264.716407,231835.000,36583,1,BV,1,100,3.98
1752789269.715423,236834.000,37427,1,BV,1,100,3.98
1752789274.715438,241834.000,38277,1,BV,1,100,3.98
1752789279.714454,246833.000,39123,1,BV,1,100,3.98
1752789284.714470,251833.000,39974,1,BV,1,100,3.98
1752789289.713485,256832.000,40828,1,BV,1,100,3.98
1752789294.713501,261832.000,41665,1,BV,1,100,3.98
1752789299.712516,266831.000,42512,1,BV,1,100,3.98
1752789304.712532,271831.000,43365,1,BV,1,100,3.98
1752789309.711548,276830.000,44216,1,BV,1,100,3.98
1752789314.711563,281830.000,45064,1,BV,1,100,3.98
1752789319.710579,286829.000,45913,1,BV,1,100,3.98
1752789324.710594,291829.000,46748,1,BV,1,100,3.98
1752789329.709610,296828.000,47598,1,BV,1,100,3.98
1752789334.709626,301828.000,48448,1,BV,1,100,3.98
1752789339.708641,306827.000,49294,1,BV,1,100,3.99
1752789344.708657,311827.000,50147,1,BV,1,100,3.99
1752789349.707672,316826.000,50783,1,BV,1,100,3.98
1752789354.707688,321826.000,51634,1,BV,1,100,3.99
1752789359.706703,326825.000,52466,1,BV,1,100,3.99
1752789364.706719,331825.000,53312,1,BV,1,100,3.99
1752789369.705735,336824.000,54136,1,BV,1,100,3.99
1752789374.705750,341824.000,54990,1,BV,1,100,3.99
1752789379.704766,346823.000,55844,1,BV,1,100,3.99
1752789384.704781,351823.000,56690,1,BV,1,100,3.99
1752789389.703797,356822.000,57538,1,BV,1,100,3.99
1752789394.703813,361822.000,58360,1,BV,1,100,3.99
1752789399.702828,366821.000,59207,1,BV,1,100,3.99
1752789404.702844,371821.000,60056,1,BV,1,100,3.99
1752789409.701859,376820.000,60901,1,BV,1,100,3.99
1752789414.701875,381820.000,61751,1,BV,1,100,3.99
1752789419.700891,386819.000,62586,1,BV,1,100,3.99
1752789424.700906,391819.000,63420,1,BV,1,100,4.00
1752789429.699922,396818.000,64258,1,BV,1,100,4.00
1752789434.699937,401818.000,65085,1,BV,1,100,4.00
1752789439.698953,406817.000,370,1,BV,1,100,3.99
1752789444.698968,411817.000,1200,1,BV,1,100,4.00
1752789449.697984,416816.000,2048,1,BV,1,100,4.00
1752789454.698000,421816.000,2872,1,BV,1,100,4.00
1752789459.697015,426815.000,3702,1,BV,1,100,4.00
1752789464.696031,431814.000,4196,1,BV,1,100,4.00
1752789469.696046,436814.000,4921,1,BV,1,100,4.00
1752789474.696062,441814.000,5745,1,BV,1,100,4.00
1752789479.695078,446813.000,6567,1,BV,1,100,4.00
1752789484.695093,451813.000,7409,1,BV,1,100,4.00
1752789489.694109,456812.000,8231,1,BV,1,100,4.00
1752789494.694124,461812.000,9055,1,BV,1,100,4.01
1752789499.693140,466811.000,9895,1,BV,1,100,4.01
1752789504.693156,471811.000,10719,1,BV,1,100,4.01
1752789509.692171,476810.000,11542,1,BV,1,100,4.01
1752789514.692187,481810.000,12371,1,BV,1,100,4.01
1752789519.691202,486809.000,13193,1,BV,1,100,4.01
1752789524.691218,491809.000,14018,1,BV,1,100,4.01
1752789529.690234,496808.000,14842,1,BV,1,100,4.01
1752789534.690249,501808.000,15666,1,BV,1,100,4.01
1752789539.689265,506807.000,16510,1,BV,1,100,4.01
1752789544.689280,511807.000,17334,1,BV,1,100,4.01
1752789549.688296,516806.000,18159,1,BV,1,100,4.01
1752789554.688311,521806.000,18982,1,BV,1,100,4.01
1752789559.687327,526805.000,19807,1,BV,1,100,4.01
1752789564.687343,531805.000,20647,1,BV,1,100,4.01
1752789569.686358,536804.000,21469,1,BV,1,100,4.01
1752789574.686374,541804.000,22292,1,BV,1,100,4.02
1752789579.685389,546803.000,23119,1,BV,1,100,4.01
1752789584.685405,551803.000,23943,1,BV,1,100,4.02
1752789589.684421,556802.000,24768,1,BV,1,100,4.02
1752789594.684436,561802.000,25587,1,BV,1,100,4.02
1752789599.683452,566801.000,26429,1,BV,1,100,4.02
1752789604.683467,571801.000,27238,1,BV,1,100,4.02
1752789609.682483,576800.000,28062,1,BV,1,100,4.02
1752789614.682499,581800.000,28886,1,BV,1,100,4.02
1752789619.681514,586799.000,29728,1,BV,1,100,4.02
1752789624.681530,591799.000,30554,1,BV,1,100,4.02
1752789629.680545,596798.000,31377,1,BV,1,100,4.02
1752789634.680561,601798.000,32198,1,BV,1,100,4.02
1752789639.679576,606797.000,33022,1,BV,1,100,4.02
1752789644.679592,611797.000,33847,1,BV,1,100,4.02
1752789649.678608,616796.000,34670,1,BV,1,100,4.03
1752789654.678623,621796.000,35490,1,BV,1,100,4.02
1752789659.677639,626795.000,36313,1,BV,1,100,4.03
1752789664.677654,631795.000,37137,1,BV,1,100,4.03
1752789669.676670,636794.000,37944,1,BV,1,100,4.03
1752789674.676686,641794.000,38564,1,BV,1,100,4.02
1752789679.675701,646793.000,39390,1,BV,1,100,4.03
1752789684.675717,651793.000,40216,1,BV,1,100,4.03
1752789689.674732,656792.000,41041,1,BV,1,100,4.03
1752789694.674748,661792.000,41864,1,BV,1,100,4.03
1752789699.673764,666791.000,42675,1,BV,1,100,4.03
1752789704.673779,671791.000,43500,1,BV,1,100,4.03
1752789709.672795,676790.000,44323,1,BV,1,100,4.03
1752789714.672810,681790.000,45155,1,BV,1,100,4.03
1752789719.671826,686789.000,45976,1,BV,1,100,4.03
1752789724.671841,691789.000,46788,1,BV,1,100,4.04
1752789729.670857,696788.000,47614,1,BV,1,100,4.03
1752789734.670873,701788.000,48440,1,BV,1,100,4.03
1752789739.669888,706787.000,49264,1,BV,1,100,4.04
1752789744.669904,711787.000,50089,1,BV,1,100,4.04
1752789749.668919,716786.000,50896,1,BV,1,100,4.04
1752789754.668935,721786.000,51720,1,BV,1,100,4.04
1752789759.667951,726785.000,52552,1,BV,1,100,4.04
1752789764.667966,731785.000,53380,1,BV,1,100,4.04
1752789769.666982,736784.000,54202,1,BV,1,100,4.04
1752789774.666997,741784.000,55028,1,BV,1,100,4.04
1752789779.666013,746783.000,55835,1,BV,1,100,4.04
1752789784.666029,751783.000,56657,1,BV,1,100,4.04
1752789789.665044,756782.000,57481,1,BV,1,100,4.05
1752789794.665060,761782.000,58303,1,BV,1,100,4.05
1752789799.664075,766781.000,59123,1,BV,1,100,4.04
1752789804.664091,771781.000,59948,1,BV,1,100,4.05
1752789809.663107,776780.000,60753,1,BV,1,100,4.05
1752789814.663122,781780.000,61576,1,BV,1,100,4.05
1752789819.662138,786779.000,62401,1,BV,1,100,4.05
1752789824.662153,791779.000,63227,1,BV,1,100,4.05
1752789829.661169,796778.000,64050,1,BV,1,100,4.05
1752789834.661184,801778.000,64859,1,BV,1,100,4.05
1752789839.660200,806777.000,147,1,BV,1,100,4.05
1752789844.660216,811777.000,970,1,BV,1,100,4.05
1752789849.659231,816776.000,1808,1,BV,1,100,4.05
1752789854.659247,821776.000,2632,1,BV,1,100,4.06
1752789859.658262,826775.000,3455,1,BV,1,100,4.06
1752789864.658278,831775.000,4276,1,BV,1,100,4.05
1752789869.657294,836774.000,5109,1,BV,1,100,4.06
1752789874.657309,841774.000,5934,1,BV,1,100,4.06
1752789879.656325,846773.000,6756,1,BV,1,100,4.06
1752789884.656340,851773.000,7373,1,BV,1,100,4.06
1752789889.655356,856772.000,8215,1,BV,1,100,4.06
1752789894.655372,861772.000,9039,1,BV,1,100,4.06
1752789899.654387,866771.000,9861,1,BV,1,100,4.06
1752789904.654403,871771.000,10703,1,BV,1,100,4.07
1752789909.653418,876770.000,11525,1,BV,1,100,4.06
1752789914.653434,881770.000,12350,1,BV,1,100,4.06
1752789919.652449,886769.000,13171,1,BV,1,100,4.07
1752789924.652465,891769.000,13992,1,BV,1,100,4.07
1752789929.651481,896768.000,14817,1,BV,1,100,4.07
1752789934.651496,901768.000,15658,1,BV,1,100,4.07
1752789939.650512,906767.000,16483,1,BV,1,100,4.07
1752789944.650527,911767.000,17307,1,BV,1,100,4.07
1752789949.649543,916766.000,18129,1,BV,1,100,4.08
1752789954.649559,921766.000,18969,1,BV,1,100,4.07
1752789959.648574,926765.000,19774,1,BV,1,100,4.07
1752789964.648590,931765.000,20596,1,BV,1,100,4.07
1752789969.647605,936764.000,21418,1,BV,1,100,4.08
1752789974.647621,941764.000,22244,1,BV,1,100,4.08
1752789979.646637,946763.000,23052,1,BV,1,100,4.08
1752789984.646652,951763.000,23894,1,BV,1,100,4.08
1752789989.645668,956762.000,24718,1,BV,1,100,4.08
1752789994.645683,961762.000,25543,1,BV,1,100,4.08
1752789999.644699,966761.000,26364,1,BV,1,100,4.08
1752790004.644715,971761.000,27204,1,BV,1,100,4.08
1752790009.643730,976760.000,28029,1,BV,1,100,4.08
1752790014.643746,981760.000,28851,1,BV,1,100,4.08
1752790019.642761,986759.000,29677,1,BV,1,100,4.08
1752790024.642777,991759.000,30519,1,BV,1,100,4.09
1752790029.641792,996758.000,31341,1,BV,1,100,4.09
1752790034.641808,1001758.000,32163,1,BV,1,100,4.09
1752790039.640824,1006757.000,32989,1,BV,1,100,4.08
1752790044.640839,1011757.000,33817,1,BV,1,100,4.09
1752790049.639855,1016756.000,34642,1,BV,1,100,4.09
