LocalTimestamp,EmotiBitTimestamp,PacketNumber,DataLength,TypeTag,ProtocolVersion,DataReliability,TL
1752622326.716524,138663.000,20577,1,TL,1,100,2025-07-15_19-32-01-666192
1752622326.729525,138676.000,20580,1,TL,1,100,2025-07-15_19-32-06-723644
1752622331.826564,143773.000,21432,1,TL,1,100,2025-07-15_19-32-06-778030
1752622331.863565,143810.000,21435,1,TL,1,100,2025-07-15_19-32-11-841279
1752622336.934604,148881.000,22293,1,TL,1,100,2025-07-15_19-32-11-893742
1752622336.948604,148895.000,22296,1,TL,1,100,2025-07-15_19-32-16-943462
1752622342.058644,154005.000,23171,1,TL,1,100,2025-07-15_19-32-16-979587
1752622342.067644,154014.000,23174,1,TL,1,100,2025-07-15_19-32-22-062922
1752622347.165684,159112.000,24031,1,TL,1,100,2025-07-15_19-32-22-139700
1752622347.176684,159123.000,24034,1,TL,1,100,2025-07-15_19-32-27-170206
1752622352.309724,164256.000,24903,1,TL,1,100,2025-07-15_19-32-27-216475
1752622352.332725,164279.000,24906,1,TL,1,100,2025-07-15_19-32-32-323623
1752622357.417764,169364.000,25763,1,TL,1,100,2025-07-15_19-32-32-385114
1752622357.491765,169438.000,25766,1,TL,1,100,2025-07-15_19-32-37-486815
1752622362.525804,174472.000,26620,1,TL,1,100,2025-07-15_19-32-37-624491
1752622362.537804,174484.000,26623,1,TL,1,100,2025-07-15_19-32-42-532220
1752622367.633844,179580.000,27483,1,TL,1,100,2025-07-15_19-32-42-620942
1752622367.647844,179594.000,27486,1,TL,1,100,2025-07-15_19-32-47-641732
1752622372.763884,184710.000,28366,1,TL,1,100,2025-07-15_19-32-47-673751
1752622372.776884,184723.000,28369,1,TL,1,100,2025-07-15_19-32-52-772248
1752622377.871924,189818.000,29239,1,TL,1,100,2025-07-15_19-32-52-855546
1752622377.898925,189845.000,29242,1,TL,1,100,2025-07-15_19-32-57-880963
1752622383.011965,194958.000,30119,1,TL,1,100,2025-07-15_19-32-57-927502
1752622383.038965,194985.000,30122,1,TL,1,100,2025-07-15_19-33-03-032724
1752622388.120004,200066.000,30989,1,TL,1,100,2025-07-15_19-33-03-107619
1752622388.132005,200078.000,30992,1,TL,1,100,2025-07-15_19-33-08-127964
1752622393.263045,205209.000,31869,1,TL,1,100,2025-07-15_19-33-08-168077
1752622393.317045,205263.000,31872,1,TL,1,100,2025-07-15_19-33-13-271551
1752622398.370085,210316.000,32732,1,TL,1,100,2025-07-15_19-33-13-340356
1752622398.382085,210328.000,32735,1,TL,1,100,2025-07-15_19-33-18-376706
1752622403.523125,215469.000,33609,1,TL,1,100,2025-07-15_19-33-18-427162
1752622403.536125,215482.000,33612,1,TL,1,100,2025-07-15_19-33-23-531158
1752622408.653165,220599.000,34473,1,TL,1,100,2025-07-15_19-33-23-658781
1752622408.666165,220612.000,34476,1,TL,1,100,2025-07-15_19-33-28-660395
1752622413.769205,225715.000,35331,1,TL,1,100,2025-07-15_19-33-28-786465
1752622413.781205,225727.000,35334,1,TL,1,100,2025-07-15_19-33-33-775226
1752622418.877245,230823.000,36129,1,TL,1,100,2025-07-15_19-33-33-911894
1752622423.987285,235933.000,36993,1,TL,1,100,2025-07-15_19-33-38-994736
1752622423.992285,235938.000,36995,1,TL,1,100,2025-07-15_19-33-39-005360
1752622424.014285,235960.000,36998,1,TL,1,100,2025-07-15_19-33-44-002564
1752622429.116325,241062.000,37862,1,TL,1,100,2025-07-15_19-33-44-123106
1752622429.125325,241071.000,37865,1,TL,1,100,2025-07-15_19-33-49-121825
1752622434.231365,246177.000,38729,1,TL,1,100,2025-07-15_19-33-49-249656
1752622434.240365,246186.000,38732,1,TL,1,100,2025-07-15_19-33-54-236285
1752622439.346405,251292.000,39595,1,TL,1,100,2025-07-15_19-33-54-365233
1752622439.360405,251306.000,39598,1,TL,1,100,2025-07-15_19-33-59-356510
1752622444.485445,256431.000,40458,1,TL,1,100,2025-07-15_19-33-59-490024
1752622444.498445,256444.000,40461,1,TL,1,100,2025-07-15_19-34-04-494767
1752622449.605485,261551.000,41316,1,TL,1,100,2025-07-15_19-34-04-620560
1752622449.626485,261572.000,41319,1,TL,1,100,2025-07-15_19-34-09-616158
1752622454.726525,266672.000,42173,1,TL,1,100,2025-07-15_19-34-09-754780
1752622454.763525,266709.000,42176,1,TL,1,100,2025-07-15_19-34-14-732635
1752622459.843565,271789.000,43044,1,TL,1,100,2025-07-15_19-34-14-875791
1752622459.858565,271804.000,43047,1,TL,1,100,2025-07-15_19-34-19-853492
1752622464.966605,276912.000,43902,1,TL,1,100,2025-07-15_19-34-20-025496
1752622464.976605,276922.000,43905,1,TL,1,100,2025-07-15_19-34-24-971961
1752622470.076645,282022.000,44759,1,TL,1,100,2025-07-15_19-34-25-107435
1752622470.094645,282040.000,44762,1,TL,1,100,2025-07-15_19-34-30-087618
1752622475.197685,287143.000,45618,1,TL,1,100,2025-07-15_19-34-30-210257
1752622475.214685,287160.000,45621,1,TL,1,100,2025-07-15_19-34-35-207648
1752622480.327725,292273.000,46482,1,TL,1,100,2025-07-15_19-34-35-341993
1752622480.352725,292298.000,46485,1,TL,1,100,2025-07-15_19-34-40-340128
1752622485.449765,297395.000,47345,1,TL,1,100,2025-07-15_19-34-40-467750
1752622485.468765,297414.000,47348,1,TL,1,100,2025-07-15_19-34-45-464298
1752622490.590806,302536.000,48211,1,TL,1,100,2025-07-15_19-34-45-592375
1752622490.607806,302553.000,48214,1,TL,1,100,2025-07-15_19-34-50-603275
1752622495.706846,307652.000,49076,1,TL,1,100,2025-07-15_19-34-50-723888
1752622495.724846,307670.000,49079,1,TL,1,100,2025-07-15_19-34-55-719584
1752622500.829886,312775.000,49944,1,TL,1,100,2025-07-15_19-34-55-836759
1752622500.845886,312791.000,49947,1,TL,1,100,2025-07-15_19-35-00-841609
1752622505.959926,317905.000,50806,1,TL,1,100,2025-07-15_19-35-00-966314
1752622505.971926,317917.000,50809,1,TL,1,100,2025-07-15_19-35-05-968135
1752622511.080966,323026.000,51667,1,TL,1,100,2025-07-15_19-35-06-089502
1752622511.092966,323038.000,51670,1,TL,1,100,2025-07-15_19-35-11-089990
1752622516.202006,328147.000,52528,1,TL,1,100,2025-07-15_19-35-11-217410
1752622516.216006,328161.000,52531,1,TL,1,100,2025-07-15_19-35-16-207393
1752622521.318046,333263.000,53394,1,TL,1,100,2025-07-15_19-35-16-376303
1752622521.330046,333275.000,53397,1,TL,1,100,2025-07-15_19-35-21-322925
1752622526.445086,338390.000,54257,1,TL,1,100,2025-07-15_19-35-21-454323
1752622526.457086,338402.000,54260,1,TL,1,100,2025-07-15_19-35-26-453436
1752622531.559126,343504.000,55120,1,TL,1,100,2025-07-15_19-35-26-582800
1752622531.571126,343516.000,55123,1,TL,1,100,2025-07-15_19-35-31-566989
1752622536.678166,348623.000,55986,1,TL,1,100,2025-07-15_19-35-31-709163
1752622536.690166,348635.000,55989,1,TL,1,100,2025-07-15_19-35-36-684071
1752622541.802206,353747.000,56834,1,TL,1,100,2025-07-15_19-35-36-818301
1752622541.814206,353759.000,56837,1,TL,1,100,2025-07-15_19-35-41-807688
1752622546.923246,358868.000,57682,1,TL,1,100,2025-07-15_19-35-41-935380
1752622546.941246,358886.000,57685,1,TL,1,100,2025-07-15_19-35-46-932557
1752622552.056286,364001.000,58529,1,TL,1,100,2025-07-15_19-35-47-058769
1752622552.081286,364026.000,58532,1,TL,1,100,2025-07-15_19-35-52-066520
1752622557.181326,369126.000,59370,1,TL,1,100,2025-07-15_19-35-52-188820
1752622557.221326,369166.000,59373,1,TL,1,100,2025-07-15_19-35-57-187927
1752622562.300366,374245.000,60212,1,TL,1,100,2025-07-15_19-35-57-318307
1752622562.358367,374303.000,60215,1,TL,1,100,2025-07-15_19-36-02-305806
1752622567.425406,379370.000,61051,1,TL,1,100,2025-07-15_19-36-02-432185
1752622567.435406,379380.000,61054,1,TL,1,100,2025-07-15_19-36-07-431771
1752622572.541446,384486.000,61890,1,TL,1,100,2025-07-15_19-36-07-556681
1752622572.553446,384498.000,61893,1,TL,1,100,2025-07-15_19-36-12-547951
1752622577.653486,389598.000,62729,1,TL,1,100,2025-07-15_19-36-12-693429
1752622577.673486,389618.000,62732,1,TL,1,100,2025-07-15_19-36-17-662403
1752622582.766526,394711.000,63568,1,TL,1,100,2025-07-15_19-36-17-788361
1752622582.791526,394736.000,63571,1,TL,1,100,2025-07-15_19-36-22-783797
1752622587.884566,399829.000,64415,1,TL,1,100,2025-07-15_19-36-22-895070
1752622587.897566,399842.000,64418,1,TL,1,100,2025-07-15_19-36-27-890264
1752622593.010606,404955.000,65255,1,TL,1,100,2025-07-15_19-36-28-034205
1752622593.021606,404966.000,65258,1,TL,1,100,2025-07-15_19-36-33-017037
1752622598.124646,410069.000,556,1,TL,1,100,2025-07-15_19-36-33-163370
1752622598.140646,410085.000,559,1,TL,1,100,2025-07-15_19-36-38-136043
1752622603.232686,415177.000,1394,1,TL,1,100,2025-07-15_19-36-38-221714
1752622603.243686,415188.000,1397,1,TL,1,100,2025-07-15_19-36-43-238994
1752622608.361726,420306.000,2250,1,TL,1,100,2025-07-15_19-36-43-280740
1752622608.371726,420316.000,2253,1,TL,1,100,2025-07-15_19-36-48-368142
1752622613.470766,425415.000,3087,1,TL,1,100,2025-07-15_19-36-48-449798
1752622613.484766,425429.000,3090,1,TL,1,100,2025-07-15_19-36-53-480077
1752622618.608806,430553.000,3943,1,TL,1,100,2025-07-15_19-36-53-521016
1752622618.618806,430563.000,3946,1,TL,1,100,2025-07-15_19-36-58-613803
1752622623.716846,435661.000,4783,1,TL,1,100,2025-07-15_19-36-58-690593
1752622623.729846,435674.000,4786,1,TL,1,100,2025-07-15_19-37-03-724519
1752622628.859886,440804.000,5638,1,TL,1,100,2025-07-15_19-37-03-766771
1752622628.868886,440813.000,5641,1,TL,1,100,2025-07-15_19-37-08-864863
1752622633.967926,445912.000,6476,1,TL,1,100,2025-07-15_19-37-08-949321
1752622633.978926,445923.000,6479,1,TL,1,100,2025-07-15_19-37-13-972917
1752622639.097966,451042.000,7331,1,TL,1,100,2025-07-15_19-37-14-011758
1752622639.109967,451054.000,7334,1,TL,1,100,2025-07-15_19-37-19-104626
1752622644.206006,456150.000,8171,1,TL,1,100,2025-07-15_19-37-19-187502
1752622644.216006,456160.000,8174,1,TL,1,100,2025-07-15_19-37-24-210796
1752622649.346047,461290.000,9025,1,TL,1,100,2025-07-15_19-37-24-258093
1752622654.466087,466410.000,9862,1,TL,1,100,2025-07-15_19-37-29-353679
1752622654.468087,466412.000,9864,1,TL,1,100,2025-07-15_19-37-29-493399
1752622654.483087,466427.000,9867,1,TL,1,100,2025-07-15_19-37-34-477675
1752622659.574127,471518.000,10702,1,TL,1,100,2025-07-15_19-37-34-556891
1752622659.592127,471536.000,10705,1,TL,1,100,2025-07-15_19-37-39-582824
1752622664.707167,476651.000,11558,1,TL,1,100,2025-07-15_19-37-39-622417
1752622664.726167,476670.000,11561,1,TL,1,100,2025-07-15_19-37-44-715798
1752622669.815207,481759.000,12395,1,TL,1,100,2025-07-15_19-37-44-815035
1752622669.825207,481769.000,12398,1,TL,1,100,2025-07-15_19-37-49-820732
1752622674.925247,486869.000,13236,1,TL,1,100,2025-07-15_19-37-49-886448
1752622675.001247,486945.000,13239,1,TL,1,100,2025-07-15_19-37-54-936345
1752622680.036286,491980.000,14075,1,TL,1,100,2025-07-15_19-37-55-036103
1752622680.049287,491993.000,14078,1,TL,1,100,2025-07-15_19-38-00-043541
1752622685.143326,497087.000,14915,1,TL,1,100,2025-07-15_19-38-00-100094
1752622685.157327,497101.000,14918,1,TL,1,100,2025-07-15_19-38-05-150441
1752622690.268366,502212.000,15768,1,TL,1,100,2025-07-15_19-38-05-181428
1752622690.310367,502254.000,15771,1,TL,1,100,2025-07-15_19-38-10-273578
1752622695.375406,507319.000,16609,1,TL,1,100,2025-07-15_19-38-10-353820
1752622695.393407,507337.000,16612,1,TL,1,100,2025-07-15_19-38-15-386556
1752622700.522447,512466.000,17462,1,TL,1,100,2025-07-15_19-38-15-423057
1752622700.535447,512479.000,17465,1,TL,1,100,2025-07-15_19-38-20-530955
1752622705.633487,517577.000,18303,1,TL,1,100,2025-07-15_19-38-20-604313
1752622705.647487,517591.000,18306,1,TL,1,100,2025-07-15_19-38-25-643533
1752622710.767527,522711.000,19156,1,TL,1,100,2025-07-15_19-38-25-677566
1752622710.780527,522724.000,19159,1,TL,1,100,2025-07-15_19-38-30-774750
1752622715.875567,527819.000,19776,1,TL,1,100,2025-07-15_19-38-30-852067
1752622715.885567,527829.000,19779,1,TL,1,100,2025-07-15_19-38-35-881391
1752622720.992607,532936.000,20632,1,TL,1,100,2025-07-15_19-38-35-919604
1752622721.053607,532997.000,20635,1,TL,1,100,2025-07-15_19-38-41-009721
1752622726.100647,538044.000,21469,1,TL,1,100,2025-07-15_19-38-41-084494
1752622726.112647,538056.000,21472,1,TL,1,100,2025-07-15_19-38-46-107769
1752622731.238687,543182.000,22325,1,TL,1,100,2025-07-15_19-38-46-149118
1752622731.248687,543192.000,22328,1,TL,1,100,2025-07-15_19-38-51-243483
1752622736.346727,548290.000,23163,1,TL,1,100,2025-07-15_19-38-51-345212
1752622736.364727,548308.000,23166,1,TL,1,100,2025-07-15_19-38-56-355676
1752622741.456767,553400.000,24002,1,TL,1,100,2025-07-15_19-38-56-409444
1752622741.471767,553415.000,24005,1,TL,1,100,2025-07-15_19-39-01-463592
1752622746.581807,558525.000,24856,1,TL,1,100,2025-07-15_19-39-01-496976
1752622746.643807,558587.000,24859,1,TL,1,100,2025-07-15_19-39-06-588653
1752622751.689847,563633.000,25695,1,TL,1,100,2025-07-15_19-39-06-673746
1752622751.700847,563644.000,25698,1,TL,1,100,2025-07-15_19-39-11-695342
1752622756.816887,568760.000,26548,1,TL,1,100,2025-07-15_19-39-11-746227
1752622756.828887,568772.000,26551,1,TL,1,100,2025-07-15_19-39-16-823713
1752622761.924927,573868.000,27387,1,TL,1,100,2025-07-15_19-39-16-901069
1752622761.956927,573900.000,27390,1,TL,1,100,2025-07-15_19-39-21-951902
1752622767.069967,579013.000,28241,1,TL,1,100,2025-07-15_19-39-21-980469
1752622767.086967,579030.000,28244,1,TL,1,100,2025-07-15_19-39-27-077068
1752622772.178007,584121.000,29079,1,TL,1,100,2025-07-15_19-39-27-154517
1752622772.228007,584171.000,29082,1,TL,1,100,2025-07-15_19-39-32-183613
1752622777.286047,589229.000,29919,1,TL,1,100,2025-07-15_19-39-32-259740
1752622782.413087,594356.000,30756,1,TL,1,100,2025-07-15_19-39-37-302721
1752622782.416087,594359.000,30758,1,TL,1,100,2025-07-15_19-39-37-427628
1752622782.427087,594370.000,30761,1,TL,1,100,2025-07-15_19-39-42-422443
1752622787.522127,599465.000,31597,1,TL,1,100,2025-07-15_19-39-42-491658
1752622787.533127,599476.000,31600,1,TL,1,100,2025-07-15_19-39-47-528794
1752622792.654167,604597.000,32452,1,TL,1,100,2025-07-15_19-39-47-563199
1752622792.667167,604610.000,32455,1,TL,1,100,2025-07-15_19-39-52-664455
1752622797.762207,609705.000,33291,1,TL,1,100,2025-07-15_19-39-52-739386
1752622797.780207,609723.000,33294,1,TL,1,100,2025-07-15_19-39-57-775429
1752622802.885247,614828.000,34131,1,TL,1,100,2025-07-15_19-39-57-900007
1752622808.010287,619953.000,34969,1,TL,1,100,2025-07-15_19-40-02-896462
1752622808.013287,619956.000,34971,1,TL,1,100,2025-07-15_19-40-03-024501
1752622808.025287,619968.000,34974,1,TL,1,100,2025-07-15_19-40-08-021129
1752622813.124327,625067.000,35812,1,TL,1,100,2025-07-15_19-40-08-146085
1752622813.136327,625079.000,35815,1,TL,1,100,2025-07-15_19-40-13-131614
1752622818.244367,630187.000,36652,1,TL,1,100,2025-07-15_19-40-13-260172
1752622818.267367,630210.000,36655,1,TL,1,100,2025-07-15_19-40-18-254773
1752622823.359407,635302.000,37491,1,TL,1,100,2025-07-15_19-40-18-388645
1752622823.373407,635316.000,37494,1,TL,1,100,2025-07-15_19-40-23-369474
1752622828.469447,640412.000,38330,1,TL,1,100,2025-07-15_19-40-23-491812
1752622833.588487,645531.000,39166,1,TL,1,100,2025-07-15_19-40-28-478633
1752622833.590487,645533.000,39168,1,TL,1,100,2025-07-15_19-40-28-613787
1752622833.602487,645545.000,39171,1,TL,1,100,2025-07-15_19-40-33-598987
1752622838.718527,650661.000,40007,1,TL,1,100,2025-07-15_19-40-33-735600
1752622838.731527,650674.000,40010,1,TL,1,100,2025-07-15_19-40-38-724321
1752622843.836567,655779.000,40844,1,TL,1,100,2025-07-15_19-40-38-856322
1752622843.859567,655802.000,40847,1,TL,1,100,2025-07-15_19-40-43-849480
1752622850.078616,662021.000,41540,1,TL,1,100,2025-07-15_19-40-43-989497
1752622855.185656,667128.000,42229,1,TL,1,100,2025-07-15_19-40-50-303654
1752622855.187656,667130.000,42231,1,TL,1,100,2025-07-15_19-40-50-303961
1752622855.201656,667144.000,42234,1,TL,1,100,2025-07-15_19-40-55-197145
1752622860.312696,672255.000,43069,1,TL,1,100,2025-07-15_19-40-55-333540
1752622860.325696,672268.000,43072,1,TL,1,100,2025-07-15_19-41-00-318334
1752622865.432736,677375.000,43908,1,TL,1,100,2025-07-15_19-41-00-450967
1752622865.445736,677388.000,43911,1,TL,1,100,2025-07-15_19-41-05-437879
1752622870.552776,682495.000,44748,1,TL,1,100,2025-07-15_19-41-05-574381
1752622870.580776,682523.000,44751,1,TL,1,100,2025-07-15_19-41-10-560197
1752622875.673816,687616.000,45587,1,TL,1,100,2025-07-15_19-41-10-683781
1752622875.697816,687640.000,45590,1,TL,1,100,2025-07-15_19-41-15-691718
1752622880.798856,692741.000,46425,1,TL,1,100,2025-07-15_19-41-15-809941
1752622880.818856,692761.000,46428,1,TL,1,100,2025-07-15_19-41-20-815495
1752622885.915896,697858.000,47265,1,TL,1,100,2025-07-15_19-41-20-941911
1752622885.926896,697869.000,47268,1,TL,1,100,2025-07-15_19-41-25-922386
1752622891.037936,702980.000,48104,1,TL,1,100,2025-07-15_19-41-26-046807
1752622891.050936,702993.000,48107,1,TL,1,100,2025-07-15_19-41-31-046290
1752622896.155976,708098.000,48943,1,TL,1,100,2025-07-15_19-41-31-189393
1752622896.168976,708111.000,48946,1,TL,1,100,2025-07-15_19-41-36-161769
1752622901.275016,713217.000,49781,1,TL,1,100,2025-07-15_19-41-36-291841
1752622901.309016,713251.000,49784,1,TL,1,100,2025-07-15_19-41-41-280245
1752622906.396056,718338.000,50619,1,TL,1,100,2025-07-15_19-41-41-410962
1752622906.417056,718359.000,50622,1,TL,1,100,2025-07-15_19-41-46-410151
1752622911.511096,723453.000,51458,1,TL,1,100,2025-07-15_19-41-46-532835
1752622911.523096,723465.000,51461,1,TL,1,100,2025-07-15_19-41-51-517035
1752622916.636136,728578.000,52296,1,TL,1,100,2025-07-15_19-41-51-644505
1752622916.648136,728590.000,52299,1,TL,1,100,2025-07-15_19-41-56-645313
1752622921.755176,733697.000,53135,1,TL,1,100,2025-07-15_19-41-56-785548
1752622921.766176,733708.000,53138,1,TL,1,100,2025-07-15_19-42-01-763290
1752622926.881216,738823.000,53975,1,TL,1,100,2025-07-15_19-42-01-890350
1752622926.901216,738843.000,53978,1,TL,1,100,2025-07-15_19-42-06-897166
1752622932.000256,743942.000,54822,1,TL,1,100,2025-07-15_19-42-07-015755
1752622932.032256,743974.000,54825,1,TL,1,100,2025-07-15_19-42-12-005119
1752622937.125296,749067.000,55661,1,TL,1,100,2025-07-15_19-42-12-130998
1752622937.141296,749083.000,55664,1,TL,1,100,2025-07-15_19-42-17-136619
1752622942.245336,754187.000,56499,1,TL,1,100,2025-07-15_19-42-17-265559
1752622942.259336,754201.000,56502,1,TL,1,100,2025-07-15_19-42-22-255643
1752622947.371376,759313.000,57338,1,TL,1,100,2025-07-15_19-42-22-394392
1752622947.389377,759331.000,57341,1,TL,1,100,2025-07-15_19-42-27-385545
1752622952.491416,764433.000,58175,1,TL,1,100,2025-07-15_19-42-27-519043
1752622952.512417,764454.000,58178,1,TL,1,100,2025-07-15_19-42-32-504499
